Fed_Rate,Social_Sentiment,Crude_Oil_Price,Bond_Price_10Y,TCC,SP500_ETF,VM,TechCorp_Stock,AMS,YWI
3.3108904159657686,0.3806051426557852,73.2463213875895,96.0488247557993,8.109454044527572,409.63328797868166,49.2073741098367,210.38864105652317,79.68899351989364,66.16363398541124
5.327500072434707,0.021939126506112405,78.12998751909545,90.93526630097094,9.865485614418896,369.1791090629663,41.890294036745985,180.8946414928626,2.240086648208811,84.91737516381458
4.561978796339918,0.41755585099510595,70.53436046559321,93.3398177692699,9.229014977713929,398.56382855400693,49.48991042454305,204.51296230321353,86.72277711769449,72.85320002294749
4.095304694689628,0.6826947464034814,74.1784018797875,95.94564338348876,8.899560738651186,384.0961758814961,45.62882726498082,202.41554025225406,137.63050285939298,73.30845417397458
2.546065241548528,0.607525980589976,72.05996552105888,103.71735062552563,7.724676096795979,421.560548237966,51.372255101640484,221.42722541680178,135.5081083242983,62.178317202614046
2.545980821176709,0.5856372495621153,73.97931215352031,101.64519993997612,7.627868639588878,417.29357193291725,49.69004403966469,215.4330248229864,125.67353663214568,62.79459036094735
2.203292642588698,0.444001339625104,74.30775356429149,104.47724387844634,7.420381214223798,425.79450940437147,50.50478649981685,220.3046430835025,96.62061882875491,61.3449310913088
5.031616510212273,0.24419385275604272,78.83708205639503,92.8443579705286,9.67592795204058,375.4913767229844,42.26741446602413,194.3455829615571,48.63352064085768,83.97144947584349
4.103902541101231,0.6030588643248935,76.11289633082127,95.13243211608751,8.855030313066107,383.0930098951231,44.48729821180194,199.31090018100372,120.28490869383606,74.57686758069305
4.478254022286159,0.333143637993075,69.32019169359756,94.60444378449515,9.201081105797975,388.72760354439555,49.00739587796183,196.2668504986486,67.27196187847505,71.52370455368414
2.072045730035309,0.9368193466760912,67.79411934733695,104.17235082445859,7.273863604308918,429.08285944808483,55.156207570434205,229.17339983829794,214.22755178581968,55.57872102843804
5.39468448256698,0.6141014416709032,73.741583281762,92.58225438807257,10.028830489709065,358.9668304004918,42.86601904727431,186.31094281223685,113.9688882804934,82.06847969575139
4.913549242801476,0.3838703394892098,74.48505613174562,92.34230775576037,9.52969713653619,389.3322762855874,46.08297539371512,198.7861960881848,77.31291542035923,78.80170374651256
2.7431868873739664,0.37772295052227434,78.54569571720933,100.60139285075056,7.768972312611494,414.7583134317503,46.84116038303822,214.89167485711425,82.18127012020148,67.35300372478287
2.636387385224852,0.48141115867728235,67.34896992800526,99.6292306479761,7.620462962649129,424.0110914764978,54.81793640835271,222.98051166916153,107.49873687161899,57.887500439116316
2.6419157844870185,0.45209961559565004,71.38322370053092,101.41302965404859,7.708422105014772,411.45062147161065,50.557179079762406,210.5054247370571,98.5046897942307,61.516846388494166
3.0648478503583823,0.7233667551059908,78.44286491150031,100.51571628299037,8.101898843444758,410.03796477723284,46.36190439867978,214.39464423517546,154.80539732018184,70.1425788252237
3.836647510712832,0.5372832339488093,73.10458964037234,96.6035732757979,8.657087512965795,403.0639361823504,48.50080337639274,208.7114786755897,110.86771498808976,70.49097248621962
3.5118075652474054,0.3536736522182944,76.51624732751101,97.17476627814598,8.368676164026532,403.2878189291542,46.61411369386961,205.85339814080064,71.8023681014229,70.88203256735606
3.0193019906931466,0.8780881370311566,72.92545217419226,99.72054779359604,7.991281728156279,410.95732677459364,49.557441774491785,222.51657047038825,195.11442133354606,64.95731708803953
4.141485131528328,0.5098616663040445,76.2536984444576,95.83876926474139,8.929954850846496,386.43148298079495,44.80172907943588,199.80253082558258,103.39042630398839,75.34247648116644
2.4882285122821464,0.6537679351937794,71.84351149569088,101.35611527249218,7.539237920929689,419.39680239421324,51.2437448894522,218.72941639596104,142.81193506118117,60.52269574506496
3.0225062698732637,0.37835469851104814,76.96233488748969,99.56420015491234,8.008179442844472,406.4913296168183,46.74337805473248,212.15334023242454,81.83526518011695,68.18234574436966
3.2822664515279207,0.5726231255489047,66.21343770480134,98.37301553927679,8.208582266161818,412.2029577818065,54.08533851712587,215.84417839721542,124.03179318072699,61.42472716683467
3.5962449447596256,0.562221998228639,72.49893389176883,98.20990663592244,8.514581978292993,396.4594072518455,48.05630673627426,208.63483206525083,118.38246148018237,68.8124799581613
4.7481158648755475,0.1220701415807694,77.18060242132219,93.97057642906768,9.446933411130676,383.0123444163754,43.9332069036839,191.52499858585446,23.766652320258714,80.52601544996551
2.6988582375542594,0.9030550220921281,75.90710612509608,99.76751365084478,7.678435216049397,411.87352541532533,47.9440577145695,218.42222867269314,197.62653854605267,64.6154881671373
3.7998205344476403,0.7581288921845095,82.02454775510631,95.89215564690637,8.586424910472601,394.14991991770535,42.830954297825876,206.3674566262624,157.20584187610922,77.21343842632324
4.073450991017149,0.4205609367708025,72.9330178548927,95.53942199781872,8.86572381146029,396.5925386139012,47.82082563398528,206.20720645058427,86.15598743166224,72.02008297436751
2.162576444519992,0.27954605190882886,79.99250054272835,103.02045214346417,7.327955822731199,417.92489972835443,46.43996968724345,215.60612705837656,59.716128041975,64.55601094644585
4.126406981655034,0.5695123227607104,71.65656924468769,95.67602149532003,8.911433607990544,396.36138258720206,48.540048431313195,205.52382739664864,117.3978993095013,71.29884320953946
2.5968344329055206,0.5173395398828793,79.75943337720985,100.39655915673255,7.611506050401346,418.63107642944595,46.63922895660095,216.3471486671576,113.86604582194622,66.88632542796944
2.2276805754484785,0.5711337897126458,76.76055232403003,102.41233286331098,7.361983452841013,420.701356646683,48.48993527328681,218.27670503895388,123.12444852962012,62.582349504353054
5.321099380386666,0.538315479238818,71.81802635830289,91.11150375302886,9.869729536424261,379.6871147349725,46.40629108703034,194.82384156951215,102.84750402219944,79.0487727466345
5.379712115760958,0.6012481978611852,77.99085072517227,91.87539676301596,9.975770445992714,369.67717249996235,42.01313766752863,192.50966506237964,115.48234535338752,85.73693554951399
4.829390718407614,0.7894611398783613,75.53908968442818,93.363579233627,9.51108925314295,385.0739616962965,45.01730882534709,205.92543037585088,163.6009720749551,79.5890266563671
3.0661481921067972,0.6136206410257292,76.80730079890316,99.01625877766449,8.008597745993375,418.0724493849571,48.16097788289249,216.4896972989743,132.89392291774286,68.10633595983506
2.3418523990223434,0.2900689002180118,71.69386493666026,101.98873162105896,7.449581215931663,421.12432459819604,51.549075922005464,215.09915952677818,61.22424679493618,59.70038108291254
4.394815592792549,0.7725125705424905,73.7375475830424,95.67018387284544,9.18353039439326,390.0591479990548,46.58115257223574,204.00122460873644,157.67260391317734,75.28443191497374
3.5405337280886044,0.8281229126976575,81.0941133875206,97.15242789045278,8.397759957188928,396.41931587459885,43.51755575996486,210.34349980550655,172.45729851307206,74.78025691836777
2.427133821956726,1.130411346902417,72.4189561140697,101.8271572084692,7.508557346388856,415.697198579054,50.437086099916094,223.67812718389123,253.47721008342683,60.68163053017723
3.7331191853894454,0.27530119335208036,78.61185464342617,96.87771457876414,8.56976051672662,396.182749521165,44.70990378379994,199.77754969329618,54.68988981906588,74.27692913801238
2.1203598239032644,0.548576402630055,71.41767436346292,102.92032756342826,7.269270712803185,419.23451459980384,51.491831212012606,219.426675531663,120.29026380468657,58.05720830099742
5.182621407275738,0.08358025936220254,84.5524619848685,91.33717312125833,9.735246695389842,366.78604240001926,38.79180242379273,186.3399798128447,16.001529312816285,89.7358850237667
2.905729935600059,0.6106298312758418,70.09520277604261,99.9182135719273,7.9029480527866065,416.86012083045614,52.04557905871783,215.65043045989376,131.88827488366368,62.10553148179872
4.318827995238937,0.39035994036664545,72.1118759380508,95.77036064259715,9.112756537209412,386.33187380334726,47.049451664557616,198.58896907878585,76.97991855333733,73.26927127309243
3.0909887663129383,0.8846891589649907,81.33177242515504,98.43193373290784,8.02243765468642,410.57110837181887,44.95380933379733,218.64452893652918,194.46605725480106,71.6759103865186
3.820238074122338,0.3450770059962836,72.35955373447054,95.56564265791175,8.584536636273324,400.86250547083273,48.672253223132365,201.9778842511049,70.49485613947425,69.27849334445138
3.9134859777014785,0.16216339240654765,82.70155470406374,95.26963462645526,8.690130181995855,402.37254478855294,43.40515604868428,200.82453782758662,30.792104140374235,78.74467983042001
2.6469905943393446,0.40574725185949606,77.63559161118128,99.79900289565215,7.653894374063752,418.48956230213264,47.75337903335821,217.90355880169233,88.18352748271818,65.69954678048214
5.393546197175954,0.10490244575657248,75.69900690380699,91.59884694019829,9.977590059863005,375.7396863926137,43.844112081061034,187.31312608965027,18.569318255417283,83.60019601392189
4.7129648817639005,0.650219890901462,66.58909049803088,92.37993516513399,9.321581154206353,388.9421640322983,50.78297202684474,206.7407465961745,133.15888759745596,70.01444305746276
5.2882462954746625,0.08698339074873584,76.24930403321042,91.25282169004385,9.847606287093251,374.1051201502412,43.37485668361933,185.66648358758496,16.68503391435427,83.02088634317165
5.13189572649677,0.5056915162366318,76.66642513946324,92.53299639990988,9.75806957404108,379.9957036739596,43.84578030794187,198.90088013481008,100.16322637550742,82.6839111467201
4.092649925838797,0.08443763602876064,80.74726857752842,96.0090525080031,8.895807186326257,393.1289361717898,43.3212968648116,197.20842641130562,16.50904168217604,78.90561565057376
5.226559822580909,0.4359404390926716,84.21410766829766,91.39859343699683,9.796709309957187,371.43048879832435,39.42408392870741,191.9128184472435,82.99287340762643,90.01555938855498
2.309723757181718,0.8286756311609068,69.34673261289933,102.06870583526808,7.415970700374068,424.97016627700754,53.558622048152294,228.62708943298531,189.82787308918003,57.764770870896946
2.685940018467008,0.5721295782871589,77.22903684210132,100.68492619915554,7.719278860851394,417.41395460528366,47.852638263204774,214.78054770831184,123.5606510699605,65.95620688178519
2.1582955111868833,0.3273012790070132,76.416965393491,102.26657294640736,7.274275229452376,420.59084165625666,48.6699387951357,216.39453640575567,72.99646339870984,61.59648301185863
3.1386561576714254,0.4937593022121832,79.13345090125793,98.84603567322635,8.07635270712113,403.2505681663808,45.241215737636125,210.1386529434888,103.57694038068703,70.43054050172712
3.360370513913187,0.5036033744088894,76.52589417737354,100.02704514910941,8.358340904198833,409.34985390693856,47.30952020764938,218.93812434793537,108.80956073359776,70.8242518934481
2.949721611208636,0.5945260691686811,63.82717747864152,100.32342308391482,7.960132513699611,424.5885470538512,57.51114448018634,219.05790292399203,129.731740255304,57.763031784352386
4.9005812820317525,0.2266283273438347,75.1035853757993,94.83248624689858,9.661378189721722,372.086589763195,43.72161150674674,188.19075020474813,43.49641486186514,80.3832675502702
3.248636643427562,0.6185134547694662,68.1198260975285,98.23220124166713,8.174885713372662,405.9093831313368,51.95984213080304,213.86423795887552,131.505263481453,62.65620673280433
2.983270783905833,-0.0408783263205551,72.56689607609663,99.49057897881907,7.963352674746923,417.4188021721436,50.55522515796591,207.69569847285973,-9.972380137004158,64.4755817588276
3.8994362910538696,0.37402308952723795,79.5793447299341,95.28627236909014,8.677002999481054,397.2958020841172,44.351273530956696,203.33214547150368,75.29909956316553,76.01411378253735
2.4932347874116694,0.40234523150969104,74.51763592426886,100.62602480238749,7.532520640920823,422.92467333848055,50.03981343224481,219.41253811853196,87.74622252768035,62.41576168192293
4.807689432639139,0.6266653652142478,81.50968165115414,94.69461750469301,9.544233019468932,380.994473424425,41.63433491953579,199.36408031781878,123.85189465500387,85.29041300527852
2.2609272528791977,0.5045261705353739,74.42188230702274,101.66912718304941,7.329327898621472,422.4410282960411,50.0392809010964,217.00468856528835,109.7020210241828,60.66325307780749
5.454104278101811,0.21888738922874268,70.05329543537766,92.44606006675923,10.073785642238521,372.1528186060294,46.488132260144944,190.81214045096982,41.68734897525423,78.94578165876624
4.702856692538301,0.30300137483659695,63.03919299818229,92.54531176757203,9.32677190199672,389.5098455142831,53.328881320468135,200.05051939574622,61.40528765450521,66.86810761415462
2.6955048853696035,0.5397360019094813,73.97864967084148,99.72295767394776,7.67032201733607,412.7096417837147,49.14459132188369,213.8251677292876,114.96328130290436,63.129756743256124
2.0193274099326084,0.48418653162708875,71.3535605601633,102.65936908841714,7.1374342416074,430.2853456598652,52.890782246913055,221.68486776681888,107.89489200679434,56.988101336207954
4.8541149995919195,0.38417517807285073,70.94020930260089,92.95959756408493,9.507022071261837,387.67202833447124,47.896099068033166,197.76882862844724,75.48560416156916,75.37628972525138
4.474000703466659,0.40383324209760413,66.8656645959031,95.0794673718268,9.231219115281709,386.95868566178774,50.342202555081066,200.9870351725886,80.03563367152292,69.57435088752088
4.551525088143455,0.6392335994318579,71.78811403840861,94.43027852524692,9.261365044605125,386.82029973623867,47.295417467944496,202.27843822508845,128.76015501883205,74.17854923603691
4.69944621340081,0.39646148542615706,74.6668780317571,93.21888604722194,9.352931730697545,384.1081587534006,45.36699210868838,196.4613098509453,76.27107554322397,77.48049253665756
2.259156281069316,0.48238175119418536,76.04037665581512,101.98630037104292,7.370083522353005,420.75885613843747,48.90248886538319,215.0440440027478,105.52153816990791,62.14174849826269
3.254630049904954,0.9339873176161086,74.84871146772583,98.35354448950491,8.163530309245035,410.1744154164808,48.34185555929157,219.8813261882997,205.50886978826867,67.86269454957201
2.405541708337954,0.21526347262321538,80.92698628586919,100.84888103255658,7.449693749005121,415.23500234927496,45.66686077594171,209.82928730615973,44.373174153247845,66.28630145536286
5.020861990564578,0.12963145368506823,70.84701410845052,91.71661268374268,9.604794841756032,386.2285251149788,47.772763085211864,191.03338373478726,24.38629107363588,76.05978236833113
4.1815434438964525,0.6567179329597214,79.42314659296291,96.18690505950913,8.99595233158253,391.4427225393255,43.77420583521826,203.16559268477047,130.97202409323907,78.64796274597045
3.158143086984272,0.36427138774117934,74.02626542002476,97.48396725321334,8.023780373118374,405.23004336625814,48.22659216622586,207.6118986279288,77.0614276498485,66.05122811631297
2.2224542260010827,0.43635249445147595,76.14029069179422,103.51529716695227,7.3991199191240975,430.0515337652316,49.924551021534754,221.1599789695536,97.84025654041491,62.484652410319796
3.0884381260048177,0.34376872437377715,71.52355143487806,98.91607117850134,8.035928910703344,411.51250851828985,50.477745544121774,210.4257006240103,72.44531658313444,64.23912370995029
3.1381416270936144,0.44803997184649746,79.12417182196529,98.39849742005862,8.060368306158837,403.5282275618619,45.27708020310708,207.7192011354933,93.38596732478678,70.2850335804397
4.553621624183224,0.8197076224192683,76.94046974074608,94.65413174791654,9.287118950158677,389.004205725484,44.7437432631182,203.84600975355818,165.8264512178185,78.977540379766
4.231451149743246,0.6604256917236239,71.68051645510316,96.37809424321634,9.053801955110004,392.7251119129988,48.08063525514871,204.51984428405567,133.87518973724477,72.44517858365953
5.1052445990171424,0.6724447023773954,76.06617337425463,93.02574985672317,9.77844979517381,365.14473622565174,42.42604520568578,195.02659262145502,129.44730288182413,82.22138245015749
3.6527522380668227,0.21675458884147086,73.18552339099469,97.61684880625404,8.559207656147237,396.9133359344381,47.714231966641236,203.78044305354726,44.00927806223081,69.73862722670815
2.418579860784056,0.26976925268942614,75.34818758612984,102.40446127903327,7.532410763327852,420.6079963850988,49.28142099803099,215.50644054757888,59.19804682114453,63.009201733517955
4.496356755280482,-0.06781573189708545,69.49674435946403,92.88955329480322,9.117651990217118,379.0504290636587,47.68125186984881,189.4869837614544,-13.233413117456523,70.99344750181861
4.662747670159141,0.3381238357834492,75.44853869361249,93.26291872125249,9.331848559228984,383.6089637649123,44.89356630666266,198.68585123533887,67.52811796577015,78.00179946567414
3.9644701914932368,0.6913406372771317,76.73390049303855,95.39541828175379,8.736103630179938,395.37426406271203,45.58474389082106,205.8156521155288,143.26755799005167,74.1451010582577
4.698385129840963,0.6033893031496742,75.80317869177432,94.53536303052877,9.435763699959237,375.04599511222636,43.710035086168766,196.6396938368722,117.02618715781756,79.15103129923044
3.7282845872753674,0.45569734740957524,81.20864772667542,96.6442215293971,8.563344522742375,397.6028748857821,43.5926729313296,203.39636335274076,94.53274867797738,76.35358405456014
3.829564902836979,0.4955399432563894,78.46559175375964,97.27284808549622,8.693793346507048,394.77521556398034,44.62471880172587,202.6148779913055,101.56108553014305,75.22444483112497
3.496393564254924,0.3622228914849189,74.15826829340217,98.19130807909868,8.417248034168631,396.03526146984143,47.05839004304817,204.18710398268837,74.4751359263016,69.36410110872389
2.088966943604333,0.5409517764803569,73.59020581981356,101.99877014845389,7.201593256911166,431.1298552681654,51.57659932044021,225.57270515955977,122.94805011207968,59.053303155444766
2.3776199944765657,0.653175655896123,74.33147175078187,101.20876345135099,7.4241925664563055,425.9728289444002,50.51172712878106,222.39635104179686,146.23495876390518,61.39387060843469
2.1100021499035697,0.17682264251790542,74.5485006007184,103.65004662798928,7.284338419431638,423.04514593681813,50.03579518632215,217.47291347059667,38.746775122528504,60.38122847799801
4.227436439423231,0.5599295375674697,65.94463374898484,94.58358634307116,8.955559826983901,393.5180433437689,51.816438360140104,205.58153338948756,116.53945087607967,66.72495324528387
3.1002459337671433,0.6864869741909334,72.21266364167384,99.24903331997139,8.063681976004958,413.472614711208,50.29305661635533,215.48004090363497,147.47158092985748,65.00122805618282
3.7799974190764596,0.4169799422073261,67.11380156192462,96.14397600417122,8.5849363872515,400.4524359146411,51.93006022314517,204.30745998668309,85.6539240629681,64.95096876809902
5.1764826587413255,0.6401401224241168,82.60318392778703,91.63114894487268,9.762382177763579,362.0565418710129,39.097634283649306,192.66663574023764,124.6552865910485,88.14820113079772
2.872522802021062,1.0629308888945106,73.14277976241064,99.90924063775032,7.877945881801749,415.61865324600046,49.98854433706391,224.01020818789752,235.4161699545471,64.21484081002222
3.436340230624704,0.4791314414026216,73.15690352835153,97.34651598457555,8.320893126960689,400.2530794457531,48.13227314426043,208.66560610025485,100.41621596794093,67.78565054432207
4.644428984900671,0.5786614100010647,80.05730144204699,92.97614098966055,9.299025164621428,380.04736085866466,42.20061613807404,193.3876750584418,112.63058970458903,81.80600853185513
2.8007935792206786,0.3523885832677217,75.4725762823142,100.42624114214956,7.813582299543626,420.8286763359592,49.23552028500586,216.18951098568928,74.47427412770416,65.45526905870365
2.2694296844007753,0.53625023252041,67.0801430493849,101.38120617756435,7.337016231027015,425.7577257896618,55.23572076363178,219.89906800564458,118.20274643506495,55.548169423020624
3.014130085198188,0.5920543249964607,73.26242928960097,98.8020186572474,7.953477495647963,411.63415305056975,49.438162753915776,211.91037232839804,124.66874646827874,64.90963972460801
2.5642745053890152,0.5389684680540276,71.4012945403349,100.27379671617688,7.583110743597671,422.3256036892306,51.881927194654786,219.12196417952887,118.49663563242144,60.56023281534044
5.253941783199005,0.29606093605822864,67.58206569680854,91.54887732173843,9.835267329620267,378.7884968482414,48.82423449880162,196.01878953230303,57.9385070175238,74.77257132725408
4.828421328475459,0.5412723542650901,72.34272442798452,93.85548665785576,9.54169962787936,375.6329288343301,45.618229351015934,200.46800630398081,107.56146155781434,76.88358453707879
4.216913147786482,0.7924391877435274,74.14259416726145,96.44602689179712,9.034599361023789,389.3494825349478,46.27257887497334,207.04563389827183,165.1807376157917,74.41135368198518
5.050112065657012,0.5897271529029054,75.4853798213292,91.74387330140543,9.641153236064952,377.16354598979837,44.120239832600404,196.00938710851972,115.17369277776129,80.59113948498945
4.812852269146901,0.6923974378143682,68.36426560458975,94.87526569265081,9.580162667756882,382.41117488617056,48.79917803552707,200.0525438972639,138.78583261673353,73.56670141751998
2.6529952061011253,0.45259760599747445,78.94192216255873,99.91075289008062,7.642680781636121,417.0157252068372,46.88629558113883,217.2230914175111,99.62869876642017,66.55595363976468
5.123956494714922,0.6499800478847422,75.63823249920071,92.93299108716008,9.77205753603463,387.2407624235144,45.218210502783165,201.37633369172255,129.97390452141644,81.87549819724471
3.8876978467047776,0.5558535676433052,74.85300279934854,95.81570037332092,8.669034060359584,390.7988188201326,46.05597986252208,204.98206768377142,113.94806287289862,71.99612633713932
4.826040543074219,0.3098178540625536,77.79445684338825,92.41211948334423,9.447467386237705,384.8333276388804,43.83344250598459,197.65129401029773,60.740572617913955,81.09348978768115
5.136319549732226,0.5637042009597749,72.22320219016032,91.42707665050969,9.699871210776333,383.0301739375745,46.58419566921364,200.33685276694965,112.65854586725169,78.07935607156871
3.1130121624015237,0.30166066731193786,76.0173944605453,99.06249927187537,8.076605135030206,410.52485938479543,47.72579569043981,206.6511025223152,64.49459469553574,68.04706091265196
2.3851817358468685,0.3734239450230416,71.02684485292534,102.11584166136285,7.492447007505325,418.488744934358,51.64816002572623,214.131815238072,80.41872308521619,59.555827651449604
2.797773068896796,0.5378656614584748,68.8743999794402,100.74368868918508,7.8256035307562275,424.2615095444375,53.78950707137267,217.28242411138066,117.18234744459082,60.59741261643252
3.494877260191897,0.5594488546760248,77.06109017900728,97.01274157705005,8.353920016022316,391.1372492842497,44.92675757678062,202.7838626596317,113.97128704564273,71.14652695315861
4.863051680728725,0.2621535069845742,83.2940313108835,92.18759168744045,9.474227925489465,373.7814954797682,40.064888420805495,192.65732766769372,50.93605372194461,86.23647156219818
5.012557041397202,0.7107971542365752,79.63921531710581,91.72273940041896,9.608222199190385,381.838280875464,42.5972359892577,204.04321355799178,143.20752199932113,84.15182668259774
2.0243324568591676,0.6144012556600946,77.04408677393316,102.8257528790845,7.154143474533916,424.24893778263583,48.739547223291034,221.76838502520113,138.5515350457171,61.02061516945928
3.78761555902148,0.3590543128778232,71.94198563801429,96.57522106007212,8.620064856147573,406.8042312458437,49.64539583443049,207.64724929122124,73.09227089009084,69.23983511864402
3.4609385110207267,0.19248304071016492,66.16502756738258,97.12657484177163,8.325000670055756,399.4749518485399,52.44860595568322,205.80092019964326,41.345781167003615,62.2210660567466
2.7773773366475556,0.47101908418371374,80.78354041447626,100.49486227698415,7.797886675594406,406.1683408525813,44.74030633727235,208.982275421534,99.05265534470182,69.24428248968096
2.41952878566789,0.41081125722776796,83.17600898982526,103.34170429683064,7.574023973239741,412.5909260886402,44.28081118324082,210.1862589191186,86.52766029669874,69.01319750413728
3.181653099912698,0.5226280914106045,81.53201758874364,98.46044178083744,8.104259114000866,407.3890070721679,44.50781462095373,212.92689084307656,110.97608959523458,72.5498708520314
5.300183963693817,0.4273766677688867,74.68129106153384,91.10254667010881,9.867592450137067,371.665533820745,43.88992292886435,193.15888501204523,85.15676117749474,81.69860352216307
3.1312102620726434,0.09850862785099801,67.98428062084295,99.48849333900525,8.116894232329248,408.0164068422658,52.320339893372655,204.40068101704617,20.73972017897318,62.111869992136484
3.8157671761017813,0.4223306123397683,69.2505071222243,96.19776185025432,8.621370984266942,406.97435962126406,51.35290288977038,210.0225894548677,88.71665687457644,67.01972081217625
4.460566356133123,0.4388761777863374,66.9340167892895,94.92318933890861,9.193894968714789,396.9157187869342,51.591706159581605,205.92532203796569,89.84045554093267,69.38739387701278
3.2727036083275287,0.6267322049548117,73.39035123794281,97.97070320543042,8.166926971395554,405.23342124837404,48.5947612922383,212.4250513806128,132.47847257066354,66.73107544974087
5.401237289523362,0.36036006507779006,84.5098745378403,92.56136517273008,10.024620771652545,357.15479571516465,37.79020948463595,184.90067674367833,66.68143075145156,92.30013014597574
5.3685655322973895,0.8357349346745133,75.73396547939565,91.48584061503298,9.947322030882086,359.9725540446631,41.98715783549927,191.5108713193293,159.12172249985758,83.29843371045891
2.8812380353887743,0.11767188986964855,74.9691001442079,99.41964851687791,7.851170446203629,414.18540159214604,48.74541461415957,209.91026923259696,25.38018913159117,65.3696468197419
3.740369770623349,0.7622334995605249,81.36642854626906,96.43775244324286,8.55472475066812,399.63871167922395,43.74021377850422,211.2879740081864,160.4051294760768,76.41445780864744
3.053074084358694,0.455136205824379,71.64321234206844,98.90320090257815,8.009276760160208,411.4721687878612,50.39882152895657,211.6195064382236,97.32065475316666,64.11809416814539
2.9969417303211365,0.6719169744687112,83.77398735998332,100.60890367687512,8.028791172839341,405.56004106381613,43.24867188455324,212.36700562447217,143.6755832774864,73.58767481756257
2.129104315740865,0.5159602968117466,82.5153972163763,101.53313408882595,7.210115176709472,418.7688245057896,45.264770741498005,216.92801303322216,111.87080631227956,65.26286435034034
4.133475168929639,0.7279111072050939,74.30461350931316,94.99848357237866,8.86614949320726,396.2300637016987,46.99980786436166,206.1429417848032,150.63403922694627,73.18852167928394
3.759376581301015,0.42252760708943776,71.62358057746516,96.3928535199061,8.554776608589346,408.64596249172155,50.06469449155009,209.38757685906248,89.10239571404219,68.4597245891119
2.1801756293749626,0.28027591496443754,76.10240098720152,102.35683492378209,7.283641917749622,412.80181286344913,47.94312448090839,210.7348561873767,57.60157302367137,61.432542768455654
2.97526262482814,0.7841008574542127,71.83269043719947,99.36969305898407,7.938941843521277,412.1005810107562,50.35891876572393,215.10982129641357,170.39948831399397,63.7015463905981
5.178930600883287,0.4773038708235718,70.43194063572327,90.68076063179612,9.718732192649231,372.6008381456581,46.324984228985535,192.22012981155345,91.49166829497676,76.51788626432085
2.8384666173344035,0.5443116947248421,79.81235320841618,99.74550869245321,7.8023195832529915,404.5763370813044,45.046847413345816,215.22213391826858,117.84349796876539,68.552660063658
2.507132052319281,0.746950382808959,79.09079539916854,101.14539727033454,7.580330436479728,411.10719375681595,46.1447439002944,214.49933589089997,160.94398456702805,66.10128968101364
3.7130846609714707,0.293608951581113,75.23325961198357,96.50172541853603,8.539876592165973,401.00752859030916,47.04824506487942,204.14027074357043,57.447873776968855,71.27325466448444
5.449776589387103,0.6190981795278515,70.22540813862364,91.47520232838326,10.037139655735764,373.19185461779114,46.51791287530042,194.21496544475588,119.58120234916349,78.8287729095283
2.847193450290251,0.3820210487074218,67.26900088426137,100.77034966698704,7.876851232814862,422.8568137958722,54.72528555523257,216.92498262064075,83.71027817200248,59.77143377310917
4.352474415920575,0.47356612887112565,75.75911574120046,94.70363018449447,9.092694524487024,387.88637094950667,45.229754014727796,199.41684072155027,94.49931375164961,76.29139190600317
4.665668653650512,0.5144557930768577,73.09944721185546,93.85459298170379,9.359250262035408,374.78410772520175,45.10067398760419,194.62240451216888,100.81359280017094,76.08778690257265
2.8317314039733987,0.19995562771061276,71.69261302406004,98.36009528821369,7.757913031514629,414.9738464482035,50.79698531934409,209.04916356946114,41.892923285355344,62.152864520012486
4.548757220141509,0.344232591435913,80.56832443946983,93.74246751177525,9.233542682054274,376.1699212220476,41.53438009924274,195.35870511530214,68.47821511520796,81.66055353820964
3.2872409645173866,0.7702145784826279,77.61058574453365,99.29851397759548,8.256898815487238,397.7838099603318,45.40362406892719,210.6083977328444,162.32769217314882,70.78026199856242
4.213070407077528,0.6772382377169591,81.94639789098109,94.91550430868523,8.969867575699501,390.72688462165,42.495072518765404,203.51607056265294,139.25295407171186,80.57851637814215
4.217353987663131,0.48747208453455304,70.10770866830947,94.64945170206548,8.943314809827488,394.06152486409854,49.19146127318817,206.02443674773295,99.45113306926251,70.21545461922824
3.8752113942616546,0.5486246917025787,72.93429582968042,98.25891126090896,8.790579399631998,397.95252165266453,47.98407192965468,205.2890979698107,112.49902801410893,71.41572966606945
2.316014195190429,0.44115149887270844,76.57412551152908,103.34921206899014,7.4645961762677135,418.2909620336755,48.31593268337104,212.6345931221051,93.21066989942311,63.3136786809014
4.923558734562333,0.7713166771655964,78.14866218653926,93.14160435901755,9.587663982703843,380.9399032884342,43.215619368368095,202.03361682683544,156.2205340706843,82.60256991777169
3.1227302274010755,0.4599294844411672,81.4091781858194,99.98157269328027,8.141355487499714,402.5422044842274,44.03739454542816,211.98457335741116,97.21928758887233,72.76706875488152
2.6528147863994898,0.5463684184269696,75.28606127319973,98.93439991323532,7.587090421583769,423.7271812227559,49.68305194273378,216.40378862995072,118.00668154825676,63.430600857507386
2.1427129954416735,0.729206028828413,81.81180111505778,101.87046336345118,7.235322351009954,424.2920272311355,46.213234255084075,220.42212820485577,160.02837841091994,65.02180239114169
4.0681253011588465,0.34452570303081864,77.58183937000632,95.38559514740552,8.846209871538264,391.0080824688091,44.64488132259021,202.1769781061885,69.19443000175248,75.77935266259429
4.371475266447988,0.8117578368993787,80.55660755768089,94.51105248833849,9.097342065599578,386.8909808858166,42.723661069059226,204.33721519717506,165.86205874258502,80.49828191775781
2.0580574012474964,0.19390771805132462,70.85209414757472,102.40484387885459,7.179950590705158,427.97084702199237,52.9325618011627,218.11793641625914,40.27340616535756,56.975033880439476
3.7923257040474834,0.8259284262225597,74.62222690427693,94.68683900262073,8.522757659763284,407.67648861958816,48.17605297491687,214.55219288924857,174.90299115958496,70.65487581649222
2.792735213192783,0.42546488320960507,77.9060042750287,100.5342464487921,7.81516601310151,413.7614661408523,47.06862398685874,213.54663067338856,90.91573822156542,67.27079494930129
4.258104766433075,0.45146025043494364,83.17461657268497,95.53155662010872,9.033815655902657,386.04577689090036,41.43250502026464,203.28374005274532,89.00535162833084,82.18855760475603
2.61028250151747,0.12199796576341138,76.77852374837474,102.14553027796084,7.7179757296369065,413.736621622658,47.677305829993074,206.30910100373643,24.976148364125944,65.59954684628643
4.418282083358631,0.40904105652446143,74.88607964035727,93.90536529642483,9.101735935564099,392.22677052880016,46.20625339167205,204.2965227325416,83.18850174160126,75.6243979498282
3.353573712051881,0.2920386937946231,80.91096360210396,97.5663614815945,8.231231566272147,406.550549928983,44.71963928447175,209.01526896467502,61.58258400143639,73.19418464872541
5.278554960578571,0.3784707309253055,65.37437267129488,89.38107004920343,9.763293802425837,377.2151667314022,50.04554643213084,191.30615582738284,71.73176224744803,72.14855667039218
2.481323304510976,0.4725378068422241,65.8664154578788,101.08051496493887,7.531157714822031,417.2520719472938,54.99825837678505,216.83190412376382,104.03078719735873,56.11587309604732
3.1937322286759047,0.6915583228945812,77.24064979275302,99.54282662448406,8.158501010071362,401.4238791895798,46.01339858691947,211.23092669593385,146.92666828253866,69.66135659773718
2.3971573243420616,0.5415206702801252,72.94713057047609,101.12053507504861,7.451669917414628,420.866936725806,50.73917974392328,218.73846643693233,116.93910692932275,60.61482820477983
5.23642766397497,0.5615353306802228,79.31128145239079,93.38725903092252,9.898644487399853,377.0472352016421,42.21720135128,197.61968269392779,110.68608751298109,86.36044027657863
5.070687736833434,0.28089612223088756,76.40686289635983,92.04731705245136,9.659670171202782,374.99296827116586,43.398516703580455,191.00919428021464,55.1809271279424,81.58624789660273
2.902795697003045,0.32384918207945396,76.33808330942301,99.95780888792018,7.902077826016381,408.4525921060754,47.3085081866181,209.22423170211428,67.05946440253234,66.81274773776626
4.309944161119627,0.8597450036702624,71.09991888837759,93.82471297161602,8.994076989328917,382.8748960918274,47.21026868335095,204.81652795104822,176.03709424997894,71.42889651474663
4.8602777007042555,0.3529597930473507,78.68476367124356,93.21880432367533,9.51497077521949,385.7943862051242,43.50176628256832,199.68370587604343,71.8844470767911,82.48711493106258
3.943202840598118,0.8312416504114591,79.70391604975566,94.61533422202443,8.675503825503194,397.4534977999412,44.30726274865051,208.14105158938634,172.47491562547538,76.1050024088184
3.853777024246023,0.4513877602238267,80.72728544875139,97.06673877914943,8.691782217249871,397.8534913255313,43.85158107152501,208.27933385910526,95.13772195165504,77.09997771225618
2.846483018151581,0.5004575872287008,83.48355109502539,100.6168519774578,7.85990992052196,414.21682141119754,44.30905935421184,212.30469382791088,105.33949522783071,71.85553949387608
2.3258596873206474,0.7140730320459859,74.01152384229671,102.94692423384694,7.479914620958015,419.9734469001262,49.98998086125477,222.22107585904564,155.79446357304366,61.607505490738184
5.140255152836644,0.7543784843877313,77.53786161763986,91.1931319900576,9.680603416332284,375.79574019503605,42.92950881488164,199.37243756187954,151.63080659305888,82.81288875105277
5.151463200071657,0.4778374879441825,68.56589351921674,92.09832849438715,9.746612847837941,385.0843953453145,49.014194085519456,197.14744730622257,94.64317601547097,75.04406666549139
4.215855100456437,0.4223513892956922,72.4019691148556,95.69556039591168,8.982634724898137,392.28442230269076,47.60619515729131,203.53377293018877,86.46733604099364,72.49585495037798
3.186604268670452,0.4888159102955574,72.85851475237148,99.20071037031767,8.141778422517847,410.9586520990144,49.59763680621036,210.9207514255502,102.00845631699804,66.12827193929527
3.2222335111443132,0.5675915056464237,79.11827797475495,98.02994329088702,8.128011263165176,410.14521713279703,46.02256983118336,215.72407226141013,121.42979836253483,70.894996942042
4.540844876045838,0.6782607373739511,72.39400823080686,92.19345742219465,9.151641126642895,391.2242308369326,47.48212148400557,204.36435680207308,139.76275585726344,73.8487436414612
5.139885909834019,0.5008459717988303,80.14956319054498,92.28796755308852,9.77820302138302,371.73526844478914,41.23539319420433,190.39035160416628,95.59944797771391,86.06295928979911
5.1048024849279106,0.6237772596046307,76.1176543970966,92.01119156010438,9.71623121911102,375.0588946448714,43.551917115094604,199.95379642657772,124.60917512517508,81.79578292308986
4.729564410501684,0.8276719464541882,74.78963671702822,92.99318808887496,9.369912236443868,386.57410277419115,45.59214047163807,206.06477792638222,170.77496250409297,77.7419835021556
4.247110761540007,0.5762619224529569,76.3410027595143,95.74626862558235,9.02245364277086,392.89454034045076,45.50497767958295,206.82558125854234,120.69421259851018,76.2256634363634
2.294489877482671,0.5623305712009556,70.79760599171499,101.93334979828711,7.4182242468067825,429.15763566227565,53.115142508836406,221.31083264164542,125.17353515938814,58.82988440901397
2.565700499331148,0.19621783498198642,70.93365435873405,99.96469221012674,7.5745608298948195,422.8908065751592,52.25153984777687,210.605049738893,40.84982169865399,60.152479120104815
5.144939659844777,-0.02614602736581273,67.64999806286316,90.4475493592663,9.673210823880789,382.45881236519926,49.25419470784427,194.187620620288,-6.480722703960162,73.61782921739186
4.122501708808565,0.5776751458460336,73.70723101393082,94.66807340706349,8.856653897283897,391.1528628148275,46.728682585346846,204.22870497074635,118.56590069175026,72.5833050323134
2.032189680658204,0.48103515374382555,70.03878688604621,104.80174595350972,7.275012194008442,423.57849381005326,52.92165339950935,219.9874779995111,104.89774229057704,57.14844618647963
2.3551504000311123,0.3970434650170516,70.24627553329194,102.33519501903733,7.457089418228155,426.66285479387756,53.16917850185671,220.60027093339107,86.4055190174752,58.73567123646494
4.322256191878195,0.5487060408372689,77.27107274320403,95.02299320200633,9.07497624368048,384.72112068902686,44.08346415324497,199.9203688510411,111.0132632618553,77.44158742610186
2.0177155434617653,0.4879192541606183,75.71441841610667,102.79266685613518,7.158061200243115,426.4495036131107,49.75236506218611,220.99599971419568,108.70060909978872,60.145997963556944
2.5628281799612456,0.7255560501267797,74.23636633916513,100.83218701817769,7.595396142439116,425.2926468204081,50.488009550178234,226.71756934711664,164.88199003651872,62.73822113708543
3.9205682627830516,0.5172221736517956,79.68175786758704,97.21176786694659,8.775771391594697,398.7147204827967,44.45884313189862,207.0508103884166,105.85287314452536,76.97136566516193
4.4216331919244265,0.35061534298596647,78.18376945946113,94.13180723474177,9.14337531759595,387.36793001828244,43.92734994123368,200.82739778676986,72.20243301675451,78.83506093259997
4.281864408259102,0.6980332477918578,73.6629563408827,95.47501089964058,9.054363204038182,387.9668554837147,46.37259695951373,200.47143249867398,140.96459343125144,74.15242241585997
2.784942583111959,0.4565737850107595,71.02764967116245,99.97395859887486,7.804352226081034,414.88500105819685,51.20289219074479,216.53862856489823,98.56207564385215,62.02546536588693
4.492627274716376,0.6053073367344615,76.95526391349388,95.82792984396073,9.266616972549539,388.2238556888897,44.64638921401104,200.14752929944984,120.6354878560717,78.81284439407615
2.8303718062388,0.4045178587614399,76.26528171699606,100.68752948422684,7.859526978587884,412.1208513542131,47.77366318772673,214.14701120659512,86.70478017476286,66.41032758171251
3.138898943557437,0.3700346229005127,80.75590026742643,100.01029914929586,8.123941115509762,402.4274056177828,44.34173474473479,207.54548459330164,76.3205964596479,72.10347299043009
4.6127199179130844,0.5168336460371392,81.49112912619617,93.38795246755362,9.270023316751848,388.0819557965244,42.417440849509305,201.60164123667155,106.40636524420535,82.85907019517711
4.273715146665252,0.5025657287087371,72.42109314346246,95.88850587672556,9.059858383444936,390.7423957693627,47.408057921439486,202.71050737289656,101.48982548007271,73.12978297587425
4.9722819367296225,0.5959654070733666,75.45670692343924,92.34695128113057,9.592782597053858,375.0753861845884,43.89069034928046,195.97171201168,115.72447825236523,80.15061940860632
4.301645123051202,0.4462708493380515,78.51706317225029,95.03226992846707,9.055926881185359,389.86933805205587,44.044540575570984,199.98739272721156,90.83695946760824,78.38082425754213
3.9890801116741508,0.13272804324592052,80.12688502430385,97.34625774563604,8.849600095759676,395.81333614104744,43.917343424696355,199.48563616195244,25.908276310156488,77.98301213626259
2.3278616873983236,0.41344522328232225,77.48828136840194,101.01826404870074,7.356496894259995,416.83638424350056,47.64482485240005,219.0359886260033,91.34581333245886,63.03765252328963
3.2870053107080173,0.6587636934287632,73.62501720869288,98.65807959756626,8.234686219316652,404.85399916342516,48.4130243170031,214.9130684047135,142.25231431448356,67.46896580056345
2.928208286886039,0.4405247841513787,67.24373668212066,100.10167520271385,7.930434399861369,413.2604004919823,53.50082974269657,211.49606565121698,93.11069661932312,60.13366239807174
2.8539637518267926,0.4507233194970904,68.43007462096419,100.42713037324687,7.864157368786126,417.6062586048092,53.24567911263773,216.09935389951553,96.42802136624346,60.54162081811058
5.40553694163356,0.6972753011811874,77.84981190155735,90.71999310980776,9.94428590493465,373.13439875498335,42.47412608840983,197.21828722168235,137.4672576939581,85.35088513658881
3.3758420363336614,0.3576053545482154,75.76213834072212,99.85356415347864,8.370564695712826,399.52648119305724,46.585415070434586,204.8427340287325,72.08299742263846,70.27914442958829
5.122162943119896,0.19143935635142006,70.65319866457195,91.03648419080815,9.670760388010304,370.859756894435,45.98202712787638,186.29591367921384,35.64065204311151,76.33761388626455
4.20898519099042,0.4678737760949011,75.27363028363486,96.4356601424395,9.032253508268811,394.4044714941669,46.25163373276233,205.11213835812026,96.7393721629732,75.39128046825822
4.78183956239577,0.4031652097502526,78.89432925973384,94.23561401608812,9.482069964796096,373.20114264729847,41.98255904005635,194.34019272973228,80.06898463097902,82.32919175951635
3.7592298258681724,0.3067507360493492,68.75494250350609,98.36340664114435,8.684999286357156,400.1539582966738,50.81001211814222,203.01044281894357,61.18575364447098,67.07847962503469
4.019163596192257,0.46492430882026187,80.34798232445279,94.66234573436084,8.74231221196273,392.35465833731087,43.42705262949957,207.06227663553778,96.01782724353134,77.20716811011583
3.7238119283660236,0.5983011294493568,72.5809185712401,96.27159306040716,8.531335884833348,401.15313440085737,48.57697653905296,212.59509064064014,126.6710717614581,69.03148133955942
2.6833504572931557,0.49814228768643687,79.50808611163505,101.80182784680328,7.779929867794836,420.85433805798357,47.01858305104316,218.9956344621908,109.3647257218459,68.18646087844532
4.528582403415268,0.5613962145372475,72.76703665521882,92.64833026434232,9.173038506282486,402.6238232803719,48.64543175051377,207.26941545290703,114.83845684829926,74.39322620976712
2.9827032685429953,0.8626815397030847,68.4461165078307,98.27537143926719,7.912329586186818,406.20777461613835,51.78175704537134,216.84692765558455,186.14117875267812,60.89319441320554
2.0851058825100885,0.4314242276884872,70.21144210980351,102.31148318184549,7.211238023987029,432.61019345300264,53.93372592164486,223.34041614495757,94.66244998889503,56.78943170616938
4.259153035675087,0.5556697269289339,74.63524302742351,95.24655940603502,9.01824028413882,388.99985824286597,45.961923700842,203.86128557780398,111.84124034773465,74.70081963587036
2.6198873779246714,0.3981573274801731,71.20146531965221,102.10417423618267,7.7096857590428005,422.5649712598459,52.039082003804374,220.435774086705,87.10768089747357,61.423445092030185
5.2916050452352,0.3307280560226054,75.26991894641667,91.33116960973251,9.872214081577855,377.23406617077205,44.23999352078951,193.22600581649186,65.57614388952689,82.31954008549062
5.338750019509056,0.383018469316446,78.07632577179183,90.82778361326667,9.89384616006144,377.9412705260453,42.91065359666585,198.81156546208084,76.49610196262523,85.15684650175147
5.20202536577157,0.4042482856956623,75.38653358994388,92.04202316995665,9.797406762735868,375.3220758851185,43.95565203379106,194.5377709199817,78.70655627105788,81.7957893640817
3.2955554508940557,0.5718951595094252,73.62410457131283,98.84123310850632,8.24682899669762,401.1658958127474,47.972519152135355,208.58044894769256,120.63303512551664,67.55516357647873
2.054098157851036,0.9698151573401514,63.91878579340827,103.1636483052576,7.208958795174609,434.89155722269265,58.833698707950674,236.79176038486145,230.02783623567927,52.39715050360273
5.249114969057039,0.3567913127448319,78.25742804292081,91.48570864193928,9.83841316998912,372.5187532637696,42.208204059901746,193.27103012309746,69.4350006645629,84.82170198736404
3.4986445191106004,0.4166749388769075,73.75235693447438,96.19067529197838,8.303029637085482,403.26924840883,48.15019698183982,206.97528051365367,85.76838789187762,68.124986813397
5.3832918666528435,0.4873753973777504,84.51141514239777,90.42438567542999,9.924297663299829,365.32836127351953,38.65441658270477,190.14324477531892,92.03381112545684,91.43060759858106
5.372669919812385,0.5791597697419494,71.74937806750508,92.33187214887062,9.997124732731898,376.38943196388567,46.041871003970165,198.15257857178113,113.45087482967487,79.98857228930166
4.985533094135761,0.5527101623909569,66.94116307046534,92.70028932090611,9.638523008627926,388.4699220592923,50.48921884681133,202.22389141193983,111.17011029558311,72.71961715069337
3.0305711222435496,0.7568191587896235,76.72702781634247,99.13498337686192,7.982682318390147,403.67877971216194,46.545902687569615,213.4594929760152,161.2697104956683,67.77533446557236
3.3478420501067383,0.014721585892958355,75.75004555169309,99.17708766332561,8.31074672931746,406.5948084053682,47.416278998972516,201.88382078375304,3.316768955583552,69.79277515696909
4.978978350308999,0.022614025960865425,70.93260891771507,91.66948246802335,9.552759681726723,378.7098268712663,46.793231051813,186.3237347634303,4.176771360020913,75.69532098149084
3.1092270180469717,0.40082436559797013,66.0823276466359,98.93742692986518,8.064538257061423,404.9399418091566,53.22391603078953,208.69517503403728,83.28504167050764,60.22533766609294
2.5932246134013237,0.7194600375087418,80.79885318950303,101.0339205772346,7.653911057591426,415.3407666761853,45.742952921370325,218.74233954517555,156.46469506202519,68.00985149737859
3.9488044186042255,0.1868703936788807,81.80911725535898,95.8260825322495,8.764078784398713,387.8290885089343,42.24298197206513,197.77183934276607,37.35682828453425,78.60153327930912
5.276541709562734,-0.10152646793875153,63.89456625794464,91.61271427485171,9.861997821277516,369.3134509322708,49.978431383317684,181.98144903284174,-18.973699837714193,71.44528283101327
4.436104288362405,0.6142358812438418,73.03220999975238,94.32347984559416,9.159519222667175,383.6880291856329,46.209540753736064,198.37644422239273,122.2037265429532,74.44253476570765
3.9952140953127775,0.5487314447405429,83.11521718829484,94.89727622817657,8.735369602956569,386.9076514759814,41.5514953580131,199.75414846960416,107.69811037304926,79.42802736821181
2.34011772819769,0.281958318640114,70.42782848494788,101.95477025681133,7.443270034764609,419.73003364541177,52.18716476026261,216.20565911598723,61.297405287791285,58.73905849664261
4.152525293447094,0.302892079855814,72.52996918200324,94.40348003972487,8.868900383346462,386.98058427550103,46.88970420212968,196.7004507111726,60.32591552727934,71.666599520905
5.465188475364922,0.3060512560730651,75.14442953229107,91.00433243630015,10.01656370476835,367.63525354858547,43.17783976803317,187.5242336437812,58.01155811018192,83.35495706950944
2.490294053327834,0.522107063494788,67.3838679951526,102.38327947267267,7.611203183576926,417.2561434899806,53.92030074228364,215.8348505697499,112.49217960545779,57.82599958075025
3.8141537832730785,0.3747369447633986,66.05310581878747,96.42564320072339,8.631912894575756,402.81856916669824,52.96543314437391,205.7917864162265,78.03310361444296,64.4318890587294
5.070805751747844,0.5988127837951039,81.34770345577117,91.31499336490575,9.637184870958553,377.6849161305121,41.345857842324406,196.43822816711693,116.35676336957324,85.95455482978184
4.592690162139716,-0.07092533258087819,66.29654366332929,93.823994181947,9.280136919539931,389.1793870277619,51.008783405062,191.78356639590015,-13.691519295382683,69.44284717740068
4.439555093483438,0.3286296269744401,76.56382337272392,93.79598028634514,9.125556796550358,385.68611243053573,44.55511522057662,200.57381376902086,65.72110179859344,77.26027050055194
4.458694293954883,0.2747892078177899,79.78333061653412,94.87017717326309,9.21296979913306,382.51513379226355,42.60424860222563,196.7396063800845,55.09832027260832,80.82011474358005
3.258219029269143,0.44873186432550155,66.65373134061717,98.47784239953971,8.183865285664393,405.4758268134084,52.89707620515473,211.9645329178872,93.09474685660312,61.5684518878772
3.027571454925727,0.3923904483019723,69.01174373293551,100.7713105090916,8.06960764310231,406.9381763477299,51.5035053172862,212.25362441131622,82.22816511854752,62.544993868144495
4.832764044174798,0.6595687559791533,81.8652127949677,94.01571752193009,9.518976872581446,380.3923967707776,41.40766512126505,195.38997013021014,130.62037033821716,85.38424402788347
4.835396881377132,0.1281326456679885,78.46693485878775,92.95364651159491,9.487313790275183,370.068437257729,41.83127151951605,187.6431175979405,21.612642975368644,81.97177584469033
5.034753115030362,0.5090982952661504,72.955275203642,92.9508513517722,9.687599917258725,376.66226688180404,45.405462878298955,194.79525060209764,99.98435397915796,78.63197820153722
5.196341933947649,0.6116672846423411,82.24685533754304,91.49821410385294,9.76726925291341,370.1382274989086,40.12475288664589,196.47774230779612,119.47867996704014,87.90909306477333
3.789698396013282,0.8713294873123909,80.58031669248746,96.76322112208564,8.648709748880172,397.789338852276,43.915648937587314,210.48166932933873,183.65358762903503,76.59612216029312
3.7553070314051986,0.40364680578130496,75.85163190276477,96.56727803300156,8.560778660413437,391.31871411351364,45.580812553070594,199.60575963074896,81.98400969436213,71.91787162121034
4.794033126383713,0.5648917208705034,71.25203861229214,93.83404882553677,9.493579239018256,381.6900033021477,46.976052517703124,196.4502857428252,111.26634684984549,75.52943814526992
4.274873757722178,0.13922744148752697,73.06260499190763,96.18433246934003,9.091218429238728,390.6655111252579,47.03265821765625,196.81581736298426,28.836696072485704,73.94188925201678
4.456884070401962,0.02160875913739524,76.78019460425931,95.03982431934605,9.214291115689258,375.4784437513911,43.26775774860524,189.8932437878131,3.611008186042727,78.15547622807438
4.785274343026353,0.66895487515634,74.79935506589419,93.98908908043605,9.486490924104542,374.9787996272428,44.219534374508115,198.0360573746891,132.11700978169603,78.66584715212802
5.115018696361481,0.4988879412703859,80.83280832680803,92.8358613125234,9.762318555213902,371.9615563309348,40.950132797023244,191.05880075425088,96.10377401872479,86.56008839746495
3.1829830489803754,0.7357025379596845,66.17070925822976,99.30056406643645,8.156693007097756,412.9685906929245,54.21619343111288,221.82515159658132,162.7578965526143,61.004893791862784
3.314540334239804,0.22531942220605017,66.50613075575657,97.48767990279246,8.18166545354111,410.6767351824387,53.678931495504756,210.01723620329324,47.91830869567559,61.44998749822758
2.3289367894430413,0.6039804279057506,73.69907970474381,103.20949845248256,7.492403668288971,423.47456601707205,50.594889156597354,222.35180965863768,135.47994535981965,61.495284585715304
4.023980493486609,0.8737635681087706,72.37105452314941,97.3595969341556,8.890127171774155,387.85217219205384,47.085978738205,209.6025972723538,184.0114501718449,71.7060404116653
2.1257979582885973,0.5839411216714532,69.41571447645761,102.3726034633392,7.233490447453303,419.6201535117108,52.83842829823121,215.28876240367563,124.13704983581474,56.37828718126919
3.6295930634636107,0.5553163011182097,65.51522808028436,96.99986594570441,8.486758060494964,404.48127658677095,53.562875577459,208.74751453298285,115.57951686102625,62.91337650485198
3.8992562214765183,0.50171121616487,74.77683668976273,96.8425325471645,8.735739244587903,389.22771424126626,45.91203557943884,203.7855480769547,102.52332764656836,72.48015943842248
3.0028943824489955,0.18582370857481756,73.33969771893496,99.93051992957531,7.984441792179967,406.64867343858765,48.79411427793026,204.49021569187315,37.75523670749883,65.2057519251161
4.067916411991538,0.7711145871420697,78.14889460414855,95.6007357030272,8.842562090535882,396.5505921217548,44.98645092517041,209.29198792349834,161.467470873163,76.25122535725217
2.1067508747866732,0.37782847203898684,72.87263171534887,101.62635141377656,7.18007945649457,428.1948559678033,51.66903078914737,219.60937375882386,83.26974487700444,58.37345101373274
2.1307186606222506,0.6008966512766034,71.89384200154421,102.78704564042195,7.2803557327352495,422.7946240184002,51.62715702243251,217.85595100108932,130.3823432965168,58.488724052297854
4.879101962308804,0.18739313868574925,81.73992553872225,93.36429236245962,9.548848511837365,372.836902024559,40.64063708741395,188.50771372829843,35.13161326156468,85.49732535507573
3.26066724493942,0.2641080670984439,67.35046417668455,99.16832156114306,8.232907150453473,411.5062791047025,53.20023395913133,211.5437669935316,54.689380679378374,62.50698087857305
2.444711794281597,0.7870174798444471,75.61560024737581,101.72294293789777,7.524193378864155,420.3297470020165,49.094995046174425,223.42904347831066,175.36472093544813,63.13289973214076
3.8278514101918155,0.4305395422084314,66.23768586825344,96.38562794563911,8.655874506192735,394.31465231723047,51.721749922819896,205.84144861567665,87.09620445174797,64.7387112796428
4.6949774358451375,0.790655095208509,71.44216352301014,94.36278060614704,9.441512695300569,372.8537620192798,45.78141663856168,200.30645918534913,158.4898192537642,75.25004116044317
2.755373596238951,0.48435386818829645,67.24316265237017,100.40887121121641,7.779377481471044,426.92419447283174,55.27015981908811,221.5391531106455,107.11012355994187,59.02248146184373
4.180116665366501,0.1316204454084285,78.92585267569939,94.99765325972547,8.938615816976005,383.54494646361235,43.13087082362304,194.400136909552,24.671237395446084,77.68622873278257
2.2987161274781878,0.6784135199463441,72.43140818499685,101.80997084818976,7.39614984652993,425.74292231190327,51.648143794465916,223.55432547536003,153.44753665379852,59.80948657584729
2.180886024090127,0.38202153644887843,72.54954700594327,100.97012368970458,7.215171455301099,434.2302167532916,52.60237427130019,221.59133708887106,84.40725157540503,58.449751667531174
3.859741210488518,0.6397377627034087,69.09802451393897,96.34511230394736,8.682854998660561,399.441678065379,50.499577014718966,207.2570160257994,132.87669268100905,67.34607101864302
3.892222925635373,0.5050421735080164,73.172200031098,96.92796897617592,8.741685937650663,392.89521785221154,47.23876700451695,202.64404683648624,101.70515669791382,71.19930326053458
4.231004655243723,0.19137635441142592,71.2598790697469,95.46331012435836,9.001572687627657,384.3343494110695,47.29693839209237,194.38576138859122,36.786490343300606,71.63215097589433
4.541319668029315,0.5328589530741138,77.36685867590626,95.32191250028235,9.298574929301385,375.8817052620097,43.023374190019844,194.622085037631,104.03053394910174,79.39337375290815
5.415482278118871,0.9392446284305598,71.54312305708459,90.83543209537139,9.96419371529071,373.9823507147339,45.86313801752799,201.9075082607932,189.308291523942,79.51735087026435
3.8070512190541836,0.5985972917028919,81.21743328889039,97.06517126375302,8.65058574484573,401.7561934022792,44.04379501996031,210.26084650881148,125.86487662822027,77.15660720881024
3.130347655294361,0.48849644939890735,65.37851493823275,99.67797534751436,8.1355828787169,409.15964096684627,54.28067152850159,212.5259142218472,104.62497911798256,60.2154799801155
4.7831516816904625,0.7150686803913795,71.70718285574574,95.13325472071331,9.540956108561009,377.7194023757347,46.22842070599832,200.2885475255696,142.70204119709632,76.30583842413077
2.9479128794172595,0.5421336930406222,81.9234980051312,99.7981173149337,7.92558567468608,412.2062927582819,44.84232015792877,216.62647965031934,116.10835223997893,71.26550919860998
3.5363999724697264,0.5419068460525589,72.0679862271535,96.78725035326474,8.37062252734968,400.3306186926213,48.78036334223655,208.2767662523248,111.34034121614495,67.31603126675239
2.2745973346979307,0.2816749655681795,66.15512347961545,102.71725233124147,7.407678607877107,426.7567929887538,56.037830875946824,219.62025984556882,63.299968166462094,55.424217885574585
2.0887276019541012,0.5467696051579197,73.60183093503326,104.18203527793541,7.321953132390111,424.3292122286121,50.755971188999084,221.39932090763318,121.98556597547372,60.03014788953088
5.3692694513727375,0.7070886832833889,74.06616213057457,90.94951795201412,9.907899459505348,370.1682056647729,44.03296121569276,197.94970015490748,140.62379250606293,81.44233170156292
4.925930421792721,0.33278756957999506,71.73176522805973,93.43210875461061,9.596373686890738,379.30212937727873,46.40816557906162,197.87213790111244,65.41333505383682,76.77843952151062
4.435909721327943,0.7848991642493895,69.84373761159995,95.45729841953533,9.20339635860606,396.8103383564887,49.698367113871036,211.33195580194337,164.54119547714646,72.03393385204632
3.4313353054499447,0.4816587951709748,87.95947039466964,98.80397886610132,8.376526833610829,400.30833989042037,40.864690088422805,207.5865883721188,99.70360443547169,80.0959840793757
2.6065301202479603,0.3224460976922918,71.87007664337686,100.977591397111,7.650190855966461,423.71065624459993,51.754031951169225,216.88663522257096,69.84089479784353,61.44492218108353
2.5475296493488013,0.6995264153840489,63.42919877755418,100.52486722070867,7.5623824437228375,418.7871998099212,57.03278896976553,218.94616397659766,152.02707358189028,54.57309606726612
2.8758501435760837,0.4426411528523461,80.91956896731897,99.86950085907284,7.867372240731765,415.76440833647496,45.72881427604671,213.51427716787057,93.04054948297298,69.99906621870689
3.9222933264714217,0.6519029774972216,77.76210651731856,96.63885372045212,8.751242074060706,397.06541828920336,45.24337826950956,210.11548813368307,135.2445997262262,75.14190625164812
4.501085729450218,0.44164827354829256,71.56897072024132,94.97277796619763,9.243802183983858,378.9983875494294,46.4635490926185,194.196577293044,86.42397627800428,73.81213983217746
4.310690818512059,0.4880347712940193,70.50723353878377,95.17973817360703,9.064289623603438,393.21026777927324,48.84160720661791,207.15520073017137,99.89358269551283,71.50996827511511
2.9797686393108,0.5987120408668584,76.94308634796411,99.26688338917974,7.954959766748598,407.557199441869,46.87632065541604,212.45583382812933,127.50927618602537,67.71825987931336
5.342028482321179,0.5581794115180012,75.17584254133814,91.7472040367957,9.92619128201829,363.6768189614709,42.69717893133474,195.9352564397511,108.96922628176168,82.61232780084255
4.5826392084351895,0.10089364390965228,65.86927795789671,94.6488308246711,9.30373947304396,388.2263780176002,51.17043267935732,194.24036281378565,20.18725590739189,69.23379569877333
3.9402391837899025,0.2757512519811216,83.66448684357123,96.51285090186693,8.76126056924525,394.0042068329795,42.06548502112703,201.63875003616724,55.93796228235056,80.15638323239752
4.141022611820233,0.6858819969581631,72.7992748231045,94.83747116699853,8.883439526764814,393.9695398786847,47.5812790293606,206.56930135321795,141.45022750450642,72.0401902301607
3.4686002184972646,0.47357268221969057,81.64017894460885,97.71477440748582,8.340976242506043,399.97871064780685,43.64665316613695,205.50677737411223,97.45284920059235,74.72481555575965
2.8670584632540512,0.3952537394457156,79.83264494573343,100.72355199974079,7.9194958428411555,408.02409847259185,45.4204703333708,212.0684560297391,83.71051415585698,69.61034923658988
3.2459043752794154,0.22828519694850513,68.89003752792122,97.53292043952646,8.131226192030802,422.1524011949233,53.511497069007305,212.28937016289362,47.84717352707721,62.97050798805673
4.652461386625292,0.2840527357448303,80.7489029857661,92.04184272889854,9.268855250506407,376.4104868529222,41.478240999999954,191.1138854486851,55.26650478598098,82.13368151031452
2.0503772102041458,0.0956402720076105,69.20323990292657,104.03014604440071,7.255805793679059,431.5671980770342,54.48857882656991,218.3908425364611,20.463885830916375,56.432654113494294
2.406254241774207,0.4797438562596934,63.55400215610935,101.98724235780779,7.484679385163296,424.96192628873524,57.77550015386052,221.16704261016184,106.0166797530995,54.116149770673864
2.1610092470761346,0.38031248388379063,70.47022026638065,102.92185163724962,7.322455166105001,421.0904760400126,52.32873411382204,213.4661544358081,79.76871831894553,57.81903851487874
2.1425508081163955,0.3066824218029369,74.55924847862107,101.63961859269097,7.215896054153845,425.6163842723318,50.33351075488088,218.5717822336407,67.30616811704189,59.82843453897083
4.994112044038525,0.4863753149664094,73.67925121286454,93.11063029663839,9.641821691430424,370.72720249830263,44.30336040594354,192.91703080048012,93.21950002082257,78.901113529373
4.462802507830083,0.5727941261705476,73.8201213047706,94.6003901726494,9.194385267902108,383.6067940860153,45.765478278326285,198.5598622198428,113.25707411360128,75.41949288362646
3.659608401805638,0.918639586441989,80.10936030680983,95.92390853140154,8.469586126842415,398.32986171124975,44.205159192673435,211.3667615815836,193.330313586004,74.63062028555902
2.342419562278505,0.19762331608735728,73.34337337618466,102.94095826344433,7.500000346790245,412.9070584207256,49.54287805906278,205.35097609577636,40.45814440993462,61.27081005812051
3.720655562908913,0.7318762086601044,70.24829511906594,97.10465218871379,8.584950983546362,402.73357497388673,50.18593533686206,215.77981947244007,155.91764356581422,67.54683640779923
3.65715119773198,0.6946203122030143,77.89873305561501,96.88310363507466,8.498188108956969,394.057939394057,44.830900935139745,209.47911521002771,146.19080542011392,73.06813583127852
2.606206544685053,0.3441814521246599,74.11582568839329,100.57588529681415,7.631724734264839,410.4605702492782,48.79706843392676,207.81471688615255,71.48730625607183,62.90575298761319
3.5184807723329055,0.5406471909172063,61.61415291948928,96.07313977248893,8.325597197637153,403.44030620031936,56.33527588518414,211.42767630950138,113.84049367768208,58.58315724234988
3.394766570390807,0.40847335013247693,76.21548445332621,98.59298628333727,8.323115176144835,413.93127350495024,48.011244862752804,211.94469231656294,85.02552784755258,70.29402485159615
4.155475343182758,0.5371377160837478,76.94571395039982,95.66532206465693,8.947634625488899,380.37870120071784,43.74898818102909,200.07603741431456,107.90145246629137,76.05735405443014
4.222827778036754,0.8018262026809102,75.16799898154841,95.06483867100488,8.98437088823195,392.4259980865906,46.07669579880695,207.24824494519078,165.5427456963904,74.89269697394272
2.158564034202156,0.6211212465262625,77.04877974639045,103.46781404625379,7.337868149726573,418.6649437518159,48.095440851849055,217.92258238358596,136.66243288656338,62.57420450574921
3.311144151192649,0.6017216746466885,70.61140505979867,97.30390825562905,8.15107995115641,406.9831980953645,50.487049294508466,211.94072963186727,128.015649722258,64.43081574702839
4.190509704999828,0.41393813600907153,76.7111105901043,94.85579805140651,8.934579491206925,393.64362058322143,45.397137449205395,201.71617164842417,85.03267178372174,75.80295709315412
3.760976905030307,0.20318866701513294,66.6783754301996,96.15657422858561,8.567717077652262,404.7484018490695,52.78520829089714,208.22057368022834,42.445030852000436,64.47441415341018
4.9977144441591275,0.4583063578919184,78.03270924998512,92.28496346162582,9.613642873258014,373.1105767390367,42.383175517127434,195.22693772406006,90.5515695518685,82.68071191764925
4.305427710666308,0.741321630972783,84.93181173049905,94.98497903287371,9.047133415924531,378.2954869561433,39.84918017050833,200.48746501932996,149.0884656030267,83.78356008244404
2.570270494785004,0.19456642868207047,68.1100428314043,101.34806408730158,7.624425840046091,423.3781709350196,54.20278309779643,216.65671822571247,41.703142502950726,58.47559281331361
2.2469906159015043,0.288982126364661,68.89737807914294,101.85795408186064,7.344519704794287,428.3125406375038,54.28729712765083,215.23685878373087,62.38681514185694,56.89823988428197
4.248467473722105,0.5252535472468136,71.54808375400877,94.42847925384872,8.966328423237222,390.6293504897111,47.901720372492306,200.7365608964557,104.60360440653044,71.62347298964941
2.0927895868956763,0.3030690430305475,73.16133863328278,104.0240420056815,7.2997386171168275,426.95041412339225,51.34001221482483,218.97035223187027,68.4319145359492,59.545771842364836
4.050214534457122,0.3414953105769575,69.54507607707995,97.75356128283093,8.931183454821822,391.32915306785395,49.19589902568604,202.2580793041971,68.96932049898028,69.6278485913877
5.290805844987352,0.4152802836543646,78.45520390743972,91.59680888004989,9.884805395394773,366.7866227039547,41.46580489348748,190.18133069930434,79.00476725009027,85.37726757226024
4.014159622565576,0.2268765191619701,79.05119127442451,95.34501702740378,8.791421122361472,392.5709119486062,44.08373502144856,195.92321441157603,44.84036277035622,76.55213583541267
3.358594741722827,0.3051756307567263,76.70204975733631,99.42528170880394,8.332827098248483,405.2578018375534,46.741432638766696,205.08186633145212,61.49904259015081,70.73401459231567
4.251508764548236,0.6406855833574617,66.25973338926752,93.9623136390184,8.947491562365297,396.0925267447492,51.93993070011094,208.48973085574485,134.89773594301965,66.94444994725252
3.603885116720308,0.2385260435538072,79.30050046585741,97.11858343171505,8.468338377084043,401.4588456723595,44.95594577612146,209.16025806796935,48.86483927487796,73.97713815289528
3.909658762605772,0.18042557310103247,79.37842758639533,95.75930068980276,8.701549275248283,390.4147490940306,43.68109393249801,200.3495834736476,34.89671785642462,76.03245305850712
5.295126830717838,0.3739950040932211,80.50495905859293,90.53942765212717,9.824484055203502,379.21774089628406,41.90021683240345,198.3734041064819,74.02413806808688,86.84381860913571
3.35135923230271,0.6463911005019691,75.88584232204238,98.0462233006031,8.264099051428461,402.65177776592066,46.882206296133766,211.70120623487045,135.56247817796267,69.49458749063555
5.3641669733837,0.4606156384006221,77.5379469390861,90.53407792981788,9.905136231418659,370.2875183386094,42.30022879063826,192.7179757068928,90.33085394769738,84.70505621741306
5.168727246846223,0.4070837843768763,81.36441968684746,91.91957820735715,9.752182045369224,365.8173116717872,40.03936247016399,186.9479416670346,75.8727723056009,86.92915298975367
2.6852689717625378,0.5088717595031214,82.83989020413232,100.6233003329691,7.705930147337495,411.77616519011076,44.35336623995517,215.42480309370544,106.40243109306692,69.96434065125824
2.242764553063079,0.15085851342806955,67.92611514685144,101.65325868546164,7.3176248800813735,429.1382450238895,55.069888215931236,216.6856368082838,32.888821568237326,56.006401986887134
2.3527230048209935,0.5989411307550065,78.21389458475905,101.46905879785143,7.411151698737131,424.30396125481707,48.09944774030248,222.52156233966107,133.83082215194133,64.04514038257406
2.063776389780424,0.5766870062807288,72.04544617769925,102.59210346144555,7.1927540775970105,435.136443662914,53.036026243366116,226.2798996314298,130.07124565156283,57.921161992398154
2.3305503626457496,0.41813830518085576,72.14829517503189,102.49095057963541,7.4610990561799655,424.5198752855152,51.67725932485857,219.0902490699719,90.2541324020084,60.12812514199452
4.390523706957249,0.7011849023592833,67.5859749964385,94.51442350479827,9.11603069924764,392.0295619954703,50.52840568330372,206.35709830052716,144.59117480633367,69.35501835876293
2.2491602696108015,0.2745007802093923,71.27504527595599,102.78770044899107,7.383204075644226,421.5944248191615,51.87255490141005,215.3639735083674,58.635873289814896,58.8720874449497
3.1164147060281646,0.7255817986507138,68.75337285739172,99.56119891574515,8.105739229386714,407.075164228144,51.689870472631604,216.42146220892315,156.05590189630888,62.62389902262185
4.9570635883930905,0.5308987331190502,73.62920415854198,93.10750199814477,9.613844252332397,383.12267586327596,45.81206765246293,196.9923598702853,103.51916921917174,78.68231248898006
2.0814517750753905,0.4326894820243653,67.00681021119972,103.8251955635129,7.276141382924698,432.4298000157207,56.154747720329404,219.7193973855956,95.22650799441644,55.05090108175011
4.850639689061275,0.4960252729263377,73.5762256903085,92.12724838448881,9.468544456334714,375.8135570929385,44.966562439121695,196.19888679564212,98.22262817104166,77.41295376047626
2.9864917117068996,0.47854704683781163,71.55323826893127,99.16873252398017,7.943695918517397,416.12026575784694,51.02437065535547,218.11948717730587,104.84198028447474,63.538161347708815
2.4135768966757967,0.7440565792835434,73.38006686820495,102.96311990187436,7.582335032495762,422.253191059782,50.64198278075481,225.67293345274632,166.1854330431448,61.997332223828984
4.438580078774527,0.2846641745057973,67.25254678307277,94.25911652381774,9.147057754926696,384.588781763166,49.78331430847214,194.11553306374984,55.87321598290113,69.27188283372236
4.2012999637295945,0.3474961521706803,67.81396921774889,93.04335117502174,8.87344700452581,398.10775624633015,51.16147656371245,203.46057273492053,71.47424015585476,67.72408125424944
5.071152047344685,0.707260578414496,77.89495381046625,92.0885931597753,9.665834353514326,370.27759910811795,42.127287523988265,192.7892777213866,137.74595282418855,82.98787480676397
4.5727486533136,0.38089301296322814,71.50010779862583,94.103331337533,9.283090069219057,373.5916906578011,45.839410615368564,191.40801727057473,71.95608864741492,74.04203571148847
4.8121832563469695,0.6801066154663183,81.14726885876603,91.06366810884064,9.35894134010094,379.56175358601456,41.6426908165675,202.22817221510078,137.48011511778734,83.30375308720487
2.987121003999573,0.8398871966017419,74.71089381487472,100.61222499791185,8.028927915064976,410.82615769902554,48.49744102533444,217.9856032314221,183.65084144788253,66.63967949576048
2.62103840322903,0.41964099461167326,76.17905683490687,100.25539561760591,7.629025858030742,416.37250608100686,48.3148135258258,213.73311980043096,89.16362527636915,64.41303106218876
4.627151630743004,0.6362724653150611,82.60604355899608,94.06781978454949,9.33345133187692,394.624090024803,42.613211282846976,207.94630350494984,132.86241703459498,84.45158313947213
4.823921587435424,0.26926154373202826,74.24015184588964,92.93548920770075,9.464190627860047,382.9143828506181,45.45509171815456,193.90601040167053,52.18740537345463,78.01028002343587
5.466767997002357,0.6509466596135618,73.68768806932144,89.83563087512852,9.96792179249545,371.902198018856,44.43929646028653,198.90125563339512,128.62765313084614,81.58339395833455
3.4441618691899927,0.5398847971973534,78.49150717102206,97.08902695012668,8.292055704089934,404.910239566363,45.75696047122556,210.56796168562474,112.92119905221304,71.808308919202
3.302063300274741,0.594607656432043,76.51004377997812,97.69471217989636,8.203633057716985,403.1167263116686,46.59767914774376,209.67388951639515,125.9229894166097,69.4786334397528
4.7174453625969885,0.37088558559292095,74.72428288600989,94.35747875825746,9.425359329440246,386.2504955672588,45.58911358233974,199.86223003711441,73.12960156282557,78.14163936520531
3.1928123908855626,0.16778331688656545,80.78866470384239,98.7071260814204,8.114712415773303,407.1952955338825,44.85089596395936,207.9929698406618,33.729750084783994,72.06560855235122
5.257650639612477,0.600650412949901,75.24795921833531,91.18073034811495,9.826202677799015,374.95262127614797,43.98376509117679,199.67801731262102,120.2810624205751,81.90422575263943
5.004444631450541,0.08731936950410907,76.16920174551956,91.73675665985093,9.58536602804045,374.7043976266485,43.48472424442895,188.24205154336954,16.406604470584533,80.73959914492762
3.5014790958125643,0.436529901551493,74.30788816914637,98.70174334187692,8.436493889771915,393.72531530465767,46.7008869341774,205.58271922098868,88.43138280479968,69.63520869957483
4.628048737270241,0.688236373283994,70.88068901023193,94.97319043757302,9.373485847610535,381.67107699831007,47.18939485666674,201.36150732221495,138.06489334435008,74.24016112522298
4.6409000592963885,0.5383795471746072,75.95700701858762,94.70464491142799,9.363006222196262,383.7702420299392,44.646766487222095,198.7380541806413,106.17972213787567,78.71846004745906
2.360933540925764,0.8896685289579627,79.81692113610337,102.13068247808316,7.466697728188539,416.5157795830632,46.37386522656452,220.04929466789255,195.12926473917432,65.64795611027385
5.158935173378483,0.7050218305163547,78.41556378493506,92.17559092667187,9.780363878661799,374.48513274812683,42.35511449760551,195.62392694454272,140.4441094640458,84.47909566996836
3.7683833035675,0.36922032233488467,74.67737709627566,95.83790818313302,8.570310082757208,397.561038122064,46.950088885021664,202.83543589827704,74.58838511862466,71.05766543413591
4.892601131377096,0.5054626759702877,75.06228495182417,92.67924073881132,9.528881095943921,381.55036152352454,44.85540939085039,200.58853414483676,100.50876629363447,79.28722206103625
3.120173603607141,0.4905258594911128,75.39854346636032,98.53230422469785,8.057911497772384,403.7982320286316,47.28397179135652,210.67042311025457,105.36107785631367,67.38820970867481
5.134331299736702,0.18356464733077454,79.91003070212997,90.56943076373378,9.652207652076449,375.9562847370445,41.8147209828656,188.24918876659996,35.44415074443773,84.75608494184459
3.362205875569571,0.3119202167031293,77.08084120513226,99.0779141708388,8.312847040822462,399.7059519697409,45.90056164342421,201.03899739498752,63.432953193809766,70.8455149277866
2.037931780181044,0.38784781860402795,70.78619382710737,102.31057481225251,7.1574185702009725,420.84573635448436,52.093769543735064,214.01599914470978,82.17254412033584,56.73300491674955
5.168836917467423,0.09275589942881268,77.82651227151148,92.86582431481227,9.810823984939866,371.82714477745617,42.33654908531153,185.75143846366598,18.4210251025796,84.17676873747206
2.3195033687514677,0.5094986936503286,75.18310274824316,102.58713532997788,7.446391901945597,428.680508730881,50.32459430338398,221.37620334904142,113.60716099983895,62.194803720544655
3.117597731566452,0.45018563106939186,68.70514234024485,99.53378232082416,8.082280410284447,403.57945281898316,51.27739316883467,210.8882379215499,95.085944055663,62.394892089928106
5.325216884677817,0.16542121973768514,77.23141296753185,91.85204816103818,9.897005878843299,371.76427848809226,42.61816538801974,187.26802382231207,29.261801795680494,84.35369110575122
5.327125014281446,0.5808425730554664,65.58603058562593,90.86281134435598,9.878444245748742,380.1845881670959,50.29826083225952,202.1659325997345,117.40666047290995,73.21168781105791
4.007032608431501,0.6431745489381919,77.22110767922373,97.46166599152228,8.882548123740138,402.96074787923,46.199911764617056,207.76759238904512,135.3607582329636,75.83315521574295
4.2114302425942975,0.5454068957729777,78.35543156392657,95.2944944956824,8.985174951160518,386.48966343898553,43.74260377635687,200.72867011456282,109.69918367956383,77.6145541321733
3.5695593269241193,0.43518636495820595,78.02120182124123,97.74808770386055,8.452591352695563,396.5796891945707,45.055018676064954,206.38873740993122,89.4410978746598,72.78525007488143
3.0262377009432258,0.618288430350371,71.65625098028403,98.88890697984539,7.963555271087219,406.2329332064457,49.74915310580827,214.08520356321128,132.13794712924886,63.74605719588173
3.1503259087947058,0.6360440720953382,75.32562526567382,98.22892711059697,8.061837743990921,414.33557668814314,48.55933670547959,216.03702151272486,137.2498145794879,67.40013916395681
4.353814596269634,0.5614807139439377,82.3443467432294,95.14348572010381,9.119530878760953,380.3345720812938,41.18655721706966,200.59300361737436,111.8294886694653,82.2174906690956
4.63331085303188,0.33507754991304783,82.62882126509454,93.95742281113945,9.328867471438976,378.518139906306,40.863970278000664,195.9096260868625,65.6036726842044,84.34808116078581
4.77052665304047,0.5553201531022361,75.57876848751576,92.67167482163629,9.412128245965569,372.28123829882605,43.50158863914179,193.10619212732155,108.67849470667957,78.73783533546666
4.763663499780939,0.7390961301650958,76.41299435338492,92.17643637574639,9.362422238512329,386.60621670179205,44.73936120310453,205.0194072402613,152.85850537892992,79.13470030163644
2.3192213606704164,0.380674188277654,78.33762135647666,100.86678676779151,7.360946227728293,427.2373183067336,48.36414109257762,220.7359985456853,83.27416115971211,63.70759942195298
3.7304710664590353,0.9195878678264863,66.97255520343997,97.90025824106627,8.62478283707157,404.94419649511445,52.60890656739132,215.04484672980885,199.02852947588914,65.14879671183625
2.201455660058255,0.39487381320292314,71.02636807868478,101.80430213807605,7.303934666401277,417.48413303373195,51.524478133872755,218.05382461544815,86.86488652203619,58.05439559372024
3.9233510881330744,0.5064814026680272,81.38587358344347,95.99714435499357,8.725284579862912,395.9757141732609,43.330079217517095,203.91435423341557,103.91216669389695,77.93806945219508
3.5453567548068197,0.3655028807987327,79.13043081419201,98.75152356518338,8.50039370824893,389.97660158572455,43.753474321099056,200.7590297714323,73.80991560945718,74.07144810030437
5.106964639654049,0.5446541671840521,77.97467645583438,91.2279033120217,9.65488295725566,376.00267178287424,42.73987548810566,193.67159376635888,104.5536642312448,82.99661915284273
3.2282025439322757,0.15155566147294497,66.34468102606563,98.1196952356634,8.13548649475956,411.7777855943015,53.93666985833789,208.36894811657004,31.17391557727141,60.97953556673397
2.4097345574966207,0.39079164023665575,72.64213030379013,100.95091558591328,7.459074317184089,423.3125776253435,51.22237000295836,215.38401698407995,85.00319168108965,60.4629773740128
2.5004708871849255,0.28157575993028655,70.05098808337225,102.5428066797856,7.633812153150075,421.97654436683695,52.71347106013893,214.62365029971423,59.22594708827916,59.97172793255525
4.665287211011153,0.5270676695784582,77.25353916729945,95.26620156192689,9.420463689743007,380.6491425204237,43.62563927528133,195.05739118124652,101.76766949855742,80.35495925392223
4.163763221606914,0.6988894751017815,70.9497824419539,96.02807930469754,8.982011650235899,382.1677064548577,47.210467394263354,203.16682215460702,142.29735111849618,71.20102702281454
2.353929366429766,0.6292012374229103,67.69609826484268,102.38795499681922,7.473456755685445,426.12803062435165,54.84548647112357,223.2145939730027,139.6573660780067,57.02608412057087
2.294373821402491,0.025668127828221532,62.42892219726479,101.5054076228091,7.3587735274135975,428.34100127846085,59.13949680375566,216.73034366392716,6.386956519120831,52.412550627076875
4.45339196010692,0.9084139305855761,81.4530937770118,95.97099092914921,9.251781256660246,377.8700383991342,41.31845329590347,201.86561782907108,182.62332138593564,82.61102820251268
2.2546705222746772,0.5590559881241737,70.70675206951432,102.32281017552556,7.367679415822154,416.51672375006814,51.60865888783557,218.9118964306587,122.6283867160418,58.331874577183605
4.8765102075162465,0.3447001719013999,76.63754116753218,93.61470248525292,9.585077683201366,385.34354079858167,44.477663563124175,197.92083226860152,68.5514164705058,81.21674430674172
4.471847795047736,0.5314255837981882,75.35502677168638,94.26411276631615,9.195552869358794,392.10343459560295,45.93794289871512,204.24943597363176,108.06128107484044,76.81648662919429
2.284720732246649,0.5352379645005385,67.40449521389348,101.78905136727464,7.374669914167464,429.0745906676306,55.4327742183396,226.79397145202725,121.14909701132171,56.071733466223286
2.2969319992981716,0.3666302566096873,66.46099384191683,103.29117181013329,7.4603714229528455,420.8266744480028,55.03808586611655,214.9434391432695,78.12475676962565,56.024813259484915
5.453238524754115,0.5395833334684151,71.51731059971875,91.34544410715125,10.030021298736493,358.207672024325,43.94252820523753,189.65250407649845,102.31472564457698,79.94277854969657
3.309947785146421,0.37850554247593854,70.35609514802874,99.57628312084384,8.298750562791897,409.70594656212677,50.98629367285494,211.48992629929768,79.088422042024,65.40276704486433
3.297247514734118,0.41912760146199546,75.78972825274997,98.66389623582663,8.201326827332242,407.49100602153055,47.498810675911955,208.88860724820424,87.32747317717958,68.90822420189465
4.84479848540126,0.3627441728489831,71.83516986487845,92.36451207195711,9.46945402054645,380.00354009775873,46.435235696974644,192.81155086068716,70.6897575404848,75.8597695938108
5.315370020843505,0.21346574205206942,85.11089718298531,90.92953058074494,9.862126215320538,374.33714835388446,39.35796627316967,188.3043902068123,39.059785308098945,91.47537760354123
5.451003723380048,0.5291672940430768,81.67695964752181,91.00385916214152,9.988085243269255,371.8074989454204,40.55626412295305,196.10260847906537,103.28401727167805,89.36426485706207
4.6368236484062955,0.6170598873032677,79.6059861264161,93.26991705774331,9.309121642689703,382.85565013679377,42.72657069993751,204.15252243161981,126.49259489431809,81.50764538961563
3.316908549358205,0.6029767192152744,73.38199574686409,97.50485095034412,8.214612977010994,406.53023425039004,48.7551575863641,212.4926477198446,126.05047479779829,67.11843957129368
2.2922525084453405,0.6639850505270468,80.32210668873682,102.93824984587093,7.444732960207165,419.23133670836035,46.41514155035077,219.86320763732812,147.84146706850922,65.82423353160587
4.720014205746029,0.5648680420029737,74.57398889128962,93.04405422323009,9.383221201330102,385.9056797810558,45.62935777773168,202.9787673868855,115.70147681603798,77.65576299583032
3.9544148740753178,0.3934549003566193,74.58899077811914,96.27010213896945,8.785961171943436,390.15779851716866,46.123945318199944,201.12732682264,77.5961967537577,72.74245069159916
3.484777032364417,0.6679327728862378,75.03160513758365,98.04018725863303,8.378483773788869,404.54759807811433,47.576145060832886,214.4921907082914,141.16216790230104,69.77695496375861
5.1722403478315755,0.22849649203161299,79.7158036201146,91.42663628233304,9.724996447496558,369.0107948796751,41.13108058889878,188.5160893216381,43.10488268884658,85.17770299578542
2.3891911880715297,0.319865723497504,76.05156982070076,102.79847041479664,7.535683369444456,425.54848054159174,49.452727176073054,217.8433087505633,68.56036336668694,63.56046119208474
3.724187865018007,0.3071599857153511,72.09339904579859,96.07162906347328,8.525293202827257,403.31741918301157,49.12909245699611,204.8676836822478,63.88864808357471,68.59089370693145
2.039737756685967,0.7160112118278621,69.78271671089338,103.07021806246372,7.179506925285438,425.05563350173924,53.276655775210386,221.37745076934098,158.90273895885042,56.22472167401138
3.640312246979442,0.6885577028280151,77.56788948213575,97.45580130067322,8.512320612651745,399.12941107425956,45.57942568156604,203.5748950524595,140.29644110711305,72.94030493698315
2.197061464886431,0.597461047408999,76.21265667731987,102.26688119060618,7.317680998154647,418.8923854658389,48.58827016938892,220.8763420439382,131.394754280416,61.815442218980216
2.4158627069382517,0.7143859730423594,70.93227962421153,100.50695043509855,7.439720512045535,430.35324209790866,53.174486632051455,225.59919653414508,162.76490917340905,59.09992030763187
2.411341863719867,0.3241434435176024,64.95766988807158,102.25695751847124,7.516321463336078,431.8048827004058,57.60649755324388,219.96379831349537,72.05327513526946,55.37925730616765
4.272236057406222,0.5697190239721961,74.09010278884624,95.6419823353459,9.05210010357055,392.8030752258647,46.71216495146992,201.0439083797444,115.14170506668425,74.52381927232871
4.611157077428981,0.47496511432336713,78.65101748704407,93.3204954061256,9.276987083082247,390.78313418181034,44.08106587596938,201.23581827421097,96.78004939719439,80.41713339398936
4.0417906778400585,0.6693764207769828,83.87723304550697,96.41972239332408,8.843481974880003,390.3384470285596,41.57967106245484,203.66649690936873,135.3106898698868,81.07040130339384
5.367603919660897,0.47695515348956047,70.45133489188977,91.51331243022747,9.941841791640563,376.8001930463068,46.835791295775216,193.96487765103524,93.79728586067242,78.31140250536325
3.312047028332964,0.4230114223179838,71.8416001698467,97.38334568454574,8.167770907838802,414.03156438483404,50.58937796005823,214.02662581349205,90.27109910292154,65.55060557480732
2.9999923019865125,0.608181703712198,71.65297295475693,98.81688381139011,7.947426752076229,412.3615577989931,50.501720008097976,215.5480015615715,131.42708051807853,63.633084010868885
5.040096948663111,0.6752338334382466,82.82714303555323,93.27028583559077,9.68800081468678,373.46464577862986,40.23226758531081,194.13823852364922,130.9322440056004,87.74986204855371
2.7825854348180843,0.36633096103063967,73.16439501948854,100.50848392625035,7.818136553176112,419.0397939358269,50.38692265333382,212.41917918355838,75.937856445279,63.75377549471782
5.37127888804214,0.4877848657295248,71.90890186878924,90.74908153520401,9.9046413141102,376.37610279826026,45.9505736508568,192.90546728041227,95.05371571683939,79.3998881705124
2.0425406614143573,0.2883118732716694,75.24452520830633,102.16432697211164,7.145327252952219,423.2183412566278,49.6475685942807,219.55490090252331,61.47580144227478,59.70737849144647
5.394575893476737,0.00038779650141207433,74.45029847196734,90.70666933433908,9.93285390616671,360.6286556315215,42.70306466130839,183.30559002066516,-0.895435333513285,81.96385719229711
2.151059691827016,0.5400919262827458,66.45933526340265,102.11570745470328,7.248184720109947,427.5749311794548,55.92187398784698,220.18424648576936,118.46690919118596,54.445538520721655
5.119000897943248,0.6217810712509264,71.67893454115115,91.40672643109524,9.692124677039311,367.0013617466274,44.93219259143571,188.87420830208615,115.48479202373247,77.44073935966958
3.8469538818020492,0.5524133618173451,83.28655443027556,95.14225012378618,8.596745300244475,389.7953855424725,41.78473392259484,203.43998168452148,111.28234158760192,78.3216661994845
5.475376786417551,0.11008765644912655,78.49149825194837,91.7481918766592,10.057219035127263,363.0875852106734,41.03078740704665,183.28898768454897,20.422675197908845,86.88039407957798
2.258287976573896,0.42983011398470505,73.24874584915139,102.87249902008053,7.405966469271214,419.7379607202145,50.419733827677014,216.95026604385464,92.90510639110659,60.45471323114825
3.938489995404623,0.056330447989783705,73.47671931542531,95.19668065463834,8.686938220799195,400.97273857866367,48.034079665199485,202.81407379413324,11.160454761731426,71.03682646927777
5.392558874666847,0.773940221530837,77.93181486019422,91.23509297511698,9.941670150405074,375.1822687514721,42.66740875847805,200.1036456054905,153.95325335805282,85.41698415946412
3.830842454595521,0.28278908357638277,75.9981906755271,95.87026084674386,8.626837752006818,399.60767228868883,46.46698600862623,201.81279333498966,57.11663620494955,72.62627866587398
4.202895233473419,0.7510807218919793,76.50431842120473,95.08061290426181,8.956656880161617,393.4276699085948,45.48069704369282,208.56812795700512,156.3262520844095,75.81204393773027
4.43512041144616,0.6891739287368291,75.89636994512416,94.20126529603951,9.14687060369623,389.98464222986894,45.401760572538144,207.03757719665822,141.04393507175712,76.87508008083022
3.5908937266872063,0.31988192949278765,78.6530641635524,97.08960458402048,8.448650348255445,387.08161741336556,43.66251985371363,196.89103420306785,62.78096525113687,73.2228555951213
4.196453280294222,0.27344300974645097,75.15126566635672,96.91477118623126,9.042765595143855,389.13517024061576,45.69928200073286,199.26914320401636,53.24684244038464,75.35143964862384
4.045100091730851,0.5700740432772676,69.96442593231383,95.48988913120107,8.825675474530575,386.51842653061294,48.33629730022483,200.70476247952985,115.31427256365178,69.14353902010059
5.154053036718461,0.33113519256338575,73.12274918955781,91.31420331143184,9.72073756515984,378.8818463993378,45.58100521137892,198.40029053000214,65.30581167458533,79.06679944621438
2.1590623311951025,0.5204969284316415,62.695781329985564,101.8332166972195,7.230650127059325,419.8431441902208,57.75343995333658,215.075371743851,114.4675948046987,51.66912586386541
2.983371163572806,0.4034344818386163,83.71413097649932,100.39322249261659,7.985553442257016,405.9010860875065,43.312687409894906,211.3139581443897,86.21823974577035,73.14710537050762
5.326440194267955,0.14376831710687332,80.70550119288498,90.03577745470781,9.847508558805766,373.5064772268286,41.1779299287006,185.56813784716687,26.5485497116563,87.2045697235075
5.115923243618207,0.05390639617510817,71.98875541669567,91.48417031418786,9.690132477998187,371.81305853177645,45.349274622122486,190.30123057894806,10.837932361423302,77.73407078312584
3.594798634749995,0.5453368496989195,72.9045341147145,98.57566305046424,8.533084203790379,404.98508208087276,48.849569737705465,208.38949565107137,111.55267187999033,69.32400469770056
4.170464092305378,0.3876884507338749,71.82017453973428,95.5985646273293,8.946935284615572,394.86633534155357,48.2602655839844,203.62783751976357,79.9065402612361,71.71791516939763
2.9708341404339644,0.3893820366171735,81.27773702539135,99.75561811251,7.958034895115526,410.2323307667225,44.94330645517705,207.69850955922524,80.05377815736512,71.05808125784733
2.6584240590331647,0.6391727678187571,66.09072304948515,102.40123296149888,7.7739520605654,421.5746775064506,55.40421494382199,217.67496803646324,139.22164484177003,58.103837384273916
3.6229444172899377,0.734688455326489,74.91991359484182,97.516772901844,8.523442335696751,397.76718740929493,46.840272271951065,211.69941462979403,154.80549341503527,70.86802653719805
3.236732798091185,0.44549105572763814,73.34144014488518,98.1048862775932,8.144509536194487,408.5328275369402,49.0191706342877,213.0051042273236,94.27055038236263,66.52048539649861
4.042796391478053,0.4318802586180277,78.98554882331923,95.62455098432574,8.818675361639277,392.0825310990578,44.06137134441205,202.9981872935346,87.48977753734313,76.7319869230123
2.2720712293774468,0.6000286066227768,72.20643933662946,101.13940484995449,7.3125260747408705,424.80415804745013,51.67528985264861,222.8846714540472,133.81401162515394,58.972461111652066
5.410381826831583,0.22861288606008495,67.70141380892073,92.06841323810202,10.033539823164041,368.88848262991553,47.4751313453661,189.963192091167,43.401117708358704,76.35373392603772
5.45173760567861,0.5446306109495394,75.28649595360213,91.37856775415423,10.019033209534038,363.2920768542649,42.59667052705558,188.44714386377692,102.63209847008652,83.48883845395105
4.443565999069108,0.6103771943644308,70.47146810916631,95.34705032323484,9.218360806426467,385.75990488135676,47.93747572220765,199.2376874875112,119.98445799280292,72.6656603220621
3.876337282204421,0.6360460416835259,75.04950247142811,97.40320665512402,8.755057587863687,392.91930771818363,46.1988955020851,205.97293771193912,133.34032132987042,72.88372174523153
3.083346657002147,0.112649459499507,80.87090117100422,98.87691807575045,8.022564255555366,403.5166994829066,44.40549111794918,202.29368926215147,23.020255084610596,71.29619281910013
4.84828256897432,0.34772894603821186,67.12081286160779,92.27520872698275,9.46876753307732,388.0365931028606,50.315417940314866,200.01147370240545,69.98734629172411,71.60086465030469
4.396559103938578,0.32434734943530663,71.27475724772677,94.57067264716854,9.119051353429487,383.2480369430415,47.15462093290483,197.58528593722622,63.74627267036143,72.57576660927556
2.5691592877071194,0.5199773908818426,70.31952637633105,100.30973363639426,7.574741705906438,419.5198095368826,52.23135997730543,216.19626405053037,111.54301460483907,59.697031958374694
5.188245145728448,0.5961489159535968,74.31773869780808,91.97310749027766,9.798545167167452,380.13369973533395,45.083478945957054,200.4173006929038,119.62959227739083,80.82630286630989
4.878880350231091,0.7993420814891963,79.55528474080353,93.82959627885893,9.568778270375814,381.34796745916003,42.582408013427795,203.97239170382056,163.33299306150263,83.72722643849605
5.324299696521734,0.4010069039263854,75.52143754801914,91.2304393453346,9.891006792124493,378.05275856378887,44.20561316588221,196.48811799856827,80.09490073438288,82.71809938766621
4.54001827935926,0.4004855003381572,77.52703556383334,94.22993209416879,9.255624094006517,380.9228010074651,43.520587502321916,195.65309825478374,80.4338466307925,79.1920873635656
4.146953185775264,0.7299344037757494,71.84747860427143,95.41058735680788,8.923861873216213,396.7052117226057,48.468837218633944,210.86146624759627,155.3920610487097,71.56308320228769
3.463850627017166,0.559315387706061,75.30624247951027,98.51870486339007,8.374220500844654,397.07824100641216,46.54738380978232,207.96885588014737,114.5536523339706,69.93488347493697
5.264549691739046,0.7535303022375948,80.20644778447543,91.0398501634827,9.810689294600017,370.32426521512673,41.05297063685725,197.74545643064042,148.5467754094818,86.39428438124192
5.031223613251429,0.5577456006019672,72.37597058721627,90.63356034430552,9.55965687889174,378.9476951333777,46.00221307646549,201.1956087018954,112.55178273387139,77.07317812096477
2.158265345371663,0.2685766762573458,76.49670901347856,102.82276637869948,7.291088877577622,420.700337782066,48.63772767545518,215.034367414744,57.35293002894042,61.79500346291471
2.092284410740382,0.23337432904443867,72.7726051365263,103.46727209945506,7.269938084193298,423.68312632110093,51.186395018287996,214.1282536482221,49.928210707865475,59.02208984913512
3.3176217840731734,0.18969755018821416,79.20844734329907,98.74542315155072,8.266761872426668,400.51450397666025,44.89647739696313,200.8818061791544,35.961650265476074,72.13969826466929
4.836936657736415,0.6324103669516946,74.79722448889883,92.55853730154814,9.478315369367285,375.6028337615863,44.294236754265235,199.5434447050562,127.10755608971309,78.5990087731218
5.455466452602305,0.7377193646174016,78.45278301893326,89.99785773734308,9.951967291817361,373.86160848610837,42.266799949763424,198.7112100643861,144.7176523922475,85.99338300128485
2.5264591188623484,0.8698724282772763,72.82871978424217,101.55299110940605,7.60702833295723,417.8156954127872,50.4433361400661,225.2959781071932,194.4062700330609,61.783237080611634
4.079457503732473,0.668621066464648,74.41428769427608,95.83508189928408,8.875668033741578,393.7281069670444,46.64235376752958,202.834265098091,134.6045918611671,73.35069946470003
3.333117998208575,0.7325677155069972,75.29439373897874,98.23345290414332,8.251003204357776,405.68106277321726,47.56245340282251,215.65038129478646,157.8809732195658,68.9272372860498
5.394700392351111,0.38399673346926305,79.15767781694585,92.57651930116614,10.014745006678691,368.3156608651979,41.310593757433374,189.39550676379665,71.10453057587478,87.17881499555345
4.94741623097498,0.26871683665122864,69.68907491754995,91.9266031162425,9.561952189469755,381.34934897386705,47.85465879337023,193.99838504693963,51.07024011119581,74.6386185562383
4.934150466488982,0.6700158664835106,83.08914860387617,94.15050298419054,9.650940817541974,372.218438107455,39.98515870967543,194.62984137068295,131.5540268518359,87.6477786219949
3.640426059282396,0.5835361504478801,65.07019606838988,97.28393591640813,8.514149348539727,410.78091894442383,54.719574539301505,215.9426437567004,125.89797870229748,62.76878677449894
3.451868258181828,0.5214888748681785,70.71818136112371,96.4500047148669,8.286403094494178,409.7883893738438,50.76779264147422,213.94360016451103,112.00275431373638,65.59429337295583
2.9569247517574717,0.577474296126598,73.07696434828446,99.50740124539354,7.937636173449809,412.10840095554516,49.6056162124387,212.43155086959268,121.43751752924989,64.64038570492202
2.1973142382782447,0.5646370964916412,74.69855693136364,103.0769970273057,7.34089095541302,421.06748593936385,49.71365524923645,219.3331422929067,123.7897926040976,60.95026051582652
5.026528316892686,0.7567633719707123,83.9126966189781,92.11510686463163,9.630893932808716,373.2229384825891,39.74147819403232,199.37514848221616,150.74394304625199,88.22631610709487
4.845153531955272,0.7589971169633911,66.5227267972208,91.86213980516584,9.421749988262945,387.0440170977115,50.578963047585546,205.26298635515843,154.99874439195474,70.69998596488473
5.499011856501458,0.6088440704680694,74.0603435858532,90.62184687680796,10.034254925438848,377.19046451956336,44.8713921962891,199.9435739168566,121.68338230335443,82.50949219588281
5.488228929758669,0.6691605745125857,65.95170727671407,90.1054608467313,9.99180983551358,366.9178826557176,48.30936601845294,192.91627285776923,127.19983868550867,74.3504531648862
3.944010969609196,0.6028125104849552,74.89092303308227,96.58941312723819,8.773076402135835,397.88097653725924,46.86967255406137,203.473960579695,123.09525773969888,72.91965914694015
4.691455953131786,0.4077660535930762,76.98816506625829,94.19862401689284,9.413427165277286,386.5698088518442,44.43935661332741,199.7748303513547,81.06190146204506,80.0835885703252
5.306680054588498,0.651312934982628,84.32199477636246,90.58160348274177,9.831190288340022,362.2138039731284,38.40183881097274,191.23784755011377,124.29846437580149,90.37631083683435
4.97376586737094,0.22110098622814767,76.5716928453124,92.02717622010918,9.572603446788678,377.0134995424451,43.549281197041914,192.44563755805348,43.40168606150706,81.0114243873706
2.865718356101192,0.7107783104591766,78.65898767453334,100.57529972573138,7.894703075347394,405.3197535578236,45.71671346460104,215.53550963173484,153.6299988574601,68.49538136574319
3.5769044735853273,0.261095412046793,77.21147077599768,96.79375891981219,8.398192497081801,403.3042098063501,46.244399528845854,201.66360957729034,52.335104048365096,71.69159567303187
2.4520579530302324,0.5571606573589466,70.76622855861044,100.5520706557318,7.477000849259203,420.36173692959403,52.04672106541981,218.0613117165159,120.37859775141612,59.25050598589291
5.339178595405528,0.33096920831476817,69.36221058052644,90.36992201064365,9.83281674681485,374.9480854970919,47.245166528803196,190.59326525726436,64.40916351711098,76.41793115297655
4.12161122057808,0.6106777966148853,76.32094495615274,95.85599161834323,8.908555585876282,389.24523126362084,45.09279080081206,201.36672180479673,121.63006398138816,75.23113092098
2.8002498192621195,0.49321495481441824,65.89978969738772,100.44645180819656,7.831124300205876,420.6184152807688,55.4175995688227,217.56283396347487,107.93461022519318,58.38453103629717
4.3509523954204985,0.1810488083673335,81.69717823785281,94.22442979172503,9.06664655058926,387.13336249606436,42.218677819276095,197.68605743410356,34.19343118507433,81.2149177809289
4.163448841602635,0.5841399262036958,74.18582809973904,95.43199737129336,8.929100507062763,392.8982924390474,46.670360238490694,205.81313832229748,121.14154473448302,73.59349341373189
3.253569513114942,0.3844158446334579,79.88017047329502,99.83421261142182,8.245688125868272,403.93727841872385,44.941757040696835,206.35983203387227,80.33858998260308,72.49920409666372
2.3974515726987016,0.6762293441626739,70.47586971657645,100.82967137001997,7.428185245528396,426.10840160506217,52.94859230546373,222.90669776588376,148.82343919650248,58.670894022156894
4.350506184574799,0.5002651377468814,76.56486135349472,93.21183426677985,9.011074463882297,387.8427069066746,44.803711441630696,203.28512340879976,102.14579531668294,76.30122979582936
3.8210769531632764,0.5790841970776076,75.63203663046937,96.99029112450484,8.699894712243443,404.253165040648,47.20816892223811,212.17910396660815,123.23606970489936,72.95361038536478
4.703114371074737,0.3084862089969576,75.41851665523507,93.45077877011715,9.394111322784315,375.77639312612706,43.99238102469399,191.40994967156462,59.750379043165445,78.45962336520309
3.820572253891977,0.3821335537145276,72.42138913768741,96.059977041926,8.62409732728845,389.9199055583078,47.308096798385044,199.45696333354385,76.58443848677366,69.60959835400477
4.982635251114891,0.40827227277978306,77.94144239369047,93.08244081098181,9.638358733313135,367.01284553321824,41.73377596994592,186.19753853710787,75.05697655175605,82.77764800075249
3.931673935710699,0.6713404960485112,70.08719240543681,96.9105213407476,8.767404349601732,386.2190954493285,48.22482644841844,202.3208324982272,135.60893508283772,68.78925171813346
3.963282900373852,0.8354754175610979,68.70876283565332,94.36188743278744,8.673359380933713,402.4151563211657,51.127109844354024,210.26813156312227,177.3385015539254,66.95731417931523
5.068287609304208,0.3389656496514247,82.29607959779918,91.73891503997008,9.65885520452376,376.66130256681834,40.810108534209064,197.54927540295276,65.85460499918054,87.01524846948202
3.4121900317433895,0.7153696289315361,77.73046798255257,99.91134787385562,8.402508499779804,406.8965252702609,46.380298045507125,212.46857075537008,152.3164205792341,72.15977216585787
2.4690532995772427,0.06606451645485956,73.2923220025039,101.8250373841182,7.569346664731669,414.0129468308374,49.7060157379682,210.21540287286803,15.03903281611457,61.80346597224681
2.1007393670966863,0.26116211978154213,80.84659915323492,103.18829512579931,7.27585098019643,425.8716480085049,46.878105727454766,220.48946821675955,56.59274410013324,64.71807103729525
4.642980394857666,0.308244308762645,74.23274888020497,94.68788404090334,9.380700804750642,382.97700466365166,45.46652100934257,196.5445697803215,59.16695840587084,77.31572361802124
4.171083429737126,0.22949826211185553,81.61881621562945,95.41486305607984,8.942843954599518,389.3285269175372,42.49438521463026,197.9067088776726,44.15314341405167,80.0495108993169
4.464279188347282,0.18328232204248396,76.23500545064584,95.0123701688578,9.198089900541065,388.6723142856684,45.07129236608143,194.4406614613613,36.032507293691225,77.59805955178597
2.7453745652811876,0.5825997824275595,68.17069572795548,100.96563865658561,7.801132600563189,412.9276609422418,52.823843653545765,214.19362696423673,123.51455669374246,59.84900406195006
2.4773001645536943,0.45718646045442773,82.21296115631868,101.76068262146427,7.553897582611517,428.9731095622646,46.51982803535316,224.55228178368677,102.52690285501694,68.19088092905078
2.050906329837587,0.575881079521022,77.41464182892554,102.56421826907453,7.17493715200498,432.1948017497069,49.44192331023125,225.43812232691332,131.19682064711827,61.47605674957327
3.2270564558230896,0.6380945372243026,73.26736259193989,98.8429495425122,8.178799691872552,404.4585313557962,48.573476902095,211.8573801511803,135.13372882071195,66.72893487299886
4.064711903991215,0.5531233986345067,78.5135105824592,95.30281908458532,8.84015043986357,386.33789668112814,43.64733633756574,204.090045738433,112.10916693815317,76.4947118336388
3.372854157849063,0.6315526352300748,72.02890781942934,98.20526189118146,8.278452177134636,405.1798725205121,49.39476622222457,213.4558068856186,134.93398701648775,66.55973326689045
3.5311622270830516,0.48609354275154615,78.38313984779737,96.70613949152991,8.362380046310347,402.31043535258436,45.518911870000785,208.15087452200584,101.11212316916604,72.32053850306073
5.16455543072812,0.26260132233885103,64.24207369045395,91.29155679943322,9.722140081967213,385.18844518301574,51.88277024548457,196.96575409793783,52.17612512039069,70.81429366579344
3.218894134581551,0.7115628361641593,68.7636662930249,98.50802089542464,8.132316641899523,404.0045960869579,51.29326948595021,211.13961051107873,151.85824463567795,62.82822497921241
3.7989632120593377,0.3821775734437746,79.45505457590602,95.94866441264826,8.59004847787071,397.84444332821926,44.47422733285944,203.53280397303908,78.1824419974605,75.15252606329432
4.742785544594001,0.3128807402475148,74.4430649624182,92.99623677732485,9.376466083271097,375.04837722753683,44.41434917058658,191.80480245896382,62.04581108815485,77.43430111594488
3.3878997381244456,0.4644164248391204,75.10319116019305,98.01121013516003,8.29529087069753,406.2346940890278,47.7343667788387,211.1985355418481,98.53937071108054,69.14699363038727
4.177303450797558,0.3174378161406974,68.2788358303799,95.70124779794006,8.966311076746178,392.82472303063423,50.18274976416799,198.6792028120475,62.300960960523014,68.81593274215092
5.018272980613608,0.41651392360211353,85.26126255524684,93.19545040933471,9.683650793929049,381.90587791074915,40.090364925539646,197.35312847025176,84.48862886852514,90.00268468139011
5.323322182801747,0.5688107843126933,82.34063483795047,90.9973448630914,9.863645385450566,362.06082563471017,39.2092632100802,188.78285026191935,107.25690310492286,88.81633999025738
2.514757183251633,0.5696683478492254,72.0142825280253,102.26643355243418,7.616128155238191,425.72476579147656,51.90861306943715,219.60554967654426,124.04743843086695,61.28254337098884
5.243056688065231,0.3204339867148741,74.26818874136164,92.40019045467209,9.86360135354197,364.5015407567849,43.25493952119032,186.28829708013225,62.016830375341556,81.24060115493418
3.7224070257783834,0.4024589254102511,79.61491023803252,97.3748504753308,8.591790575194425,389.682173028866,43.48407781627003,196.23516386948629,78.24347629243749,75.26440438709375
2.9038553590463545,0.7148666009540487,83.39697868170026,99.95942554677507,7.900353938109978,400.24865697275953,42.85456153103401,209.33215015263374,148.87217321797993,72.10438191475892
3.6069751468339146,0.5992800235467882,79.09717145525747,97.63088365957614,8.485624497120844,399.9004045177354,44.88362514611995,206.74042884791763,123.34393856000877,73.95676906908884
5.4301140134991694,0.9150130078697083,87.37515015318202,91.944241873286,10.044433864940414,358.2927685861503,36.79509279549409,192.31174732591927,176.13237678269093,95.21998101243025
3.7241633289750435,0.7360256347483055,69.85723934946047,97.94429207639477,8.625638182912713,392.8026830755589,49.18811197024089,202.88214641307616,150.25732199023193,67.50948956789058
3.150630636006279,0.7288586137119878,69.68382261071358,100.04075015668494,8.17237492775519,409.6928104087277,51.41480378146969,216.16106989706262,154.90206612998497,63.87819872082645
4.21690299010854,0.22242628990883961,69.11557799786351,95.27390100012171,8.993287690368941,394.7468919228492,49.89496404026894,202.5286869028709,45.974204913226075,69.75292017364002
2.8405096657236757,0.6527720703266845,75.6174148471158,100.50218990196603,7.882651870082152,412.2992431802623,48.15600236429604,215.7066099005716,140.252715725617,66.11626747436571
2.2655216483803238,0.4893786396606179,73.59664372707824,103.14551143596651,7.4120525925150895,421.50919491375913,50.421784430709835,219.09286079859757,106.80647173381067,60.757291010376335
2.4510790266872724,0.38980363929235007,72.1815392146648,100.92225057866143,7.503123265530325,430.2094671657135,52.348674809067724,219.9263270594395,87.44327447489047,60.50599520409863
2.4481604363522034,0.5336030681065057,76.98408566423915,101.17670498979264,7.502678030951903,419.8819864464761,48.27112721138802,214.8357969972839,114.85034857672612,63.93682332025696
2.53165942729303,0.6890423069222967,79.19963433882496,101.15202133488518,7.572626626923693,420.8960710956074,47.1858516254487,220.78705279420944,152.5793215437621,66.14573962334707
2.4858951042729354,0.6001663182008423,65.35476207869331,102.01904612542825,7.601807442239903,422.5365569521744,56.0729733989363,221.63153000307028,132.96721924434266,56.279554962127285
4.243061606811251,0.324305239731588,72.10681378866794,95.88142209673552,9.03419578639097,384.98397731544003,46.88818863515247,194.70779100247853,63.90839942254907,72.62794281465334
2.636580295397007,0.648491782718524,77.26461432509171,100.58727767715213,7.655393162951946,418.7357294204345,47.984596352021335,218.16478689835142,143.0960821550737,65.4407074634721
3.2098354916335214,0.3724824915848072,71.51310917066732,97.5586882157789,8.08362426378998,406.4432844985845,49.862321365707885,208.3146468212555,75.11849339851734,64.59663476237651
5.138759434671041,0.5433366237928572,72.17548093981448,92.21128913408813,9.74136165014771,375.8476439309238,45.737200395114876,201.77668661292466,110.71728165511215,78.33733715187957
3.6588657409200533,0.43932998650457317,79.48332602735604,96.4593169969171,8.474894611089741,400.2357907767299,44.72741554715718,207.15458757537334,92.55625522772453,74.17773573756726
4.336452084823595,0.45622674965287485,68.75624215316842,93.63046873940525,9.015759487892032,382.4752230464588,48.56443281062154,194.26986561029494,89.13217259078627,69.57215942004623
2.6031195492057044,0.653248595008102,71.61584442009132,99.87798432919305,7.614326917595805,411.01961326058876,50.36027209925041,211.0028337517315,137.15994226834187,60.934990742691085
2.6730115658303477,0.29196125603682044,74.85083400802046,100.90556432587023,7.711626609958413,420.37443006011137,49.542757590382166,216.0276315311355,61.91942619258958,64.13917236709175
2.143040156932676,0.8890390148553866,69.70254861876862,103.58818933948189,7.3390423305489625,422.0194017085186,52.949298237263655,229.31535002908316,206.2321385679875,57.409796876884414
2.591272720752576,0.13578278614110073,77.02530554496897,100.96166109035498,7.64784414323012,413.1513849718657,47.47485600706982,208.05048530884793,27.344690866620653,65.18260517088832
2.9750661866118553,0.38046646334902856,70.72569454794738,99.75637287057528,7.966847545776481,413.2049632521455,51.18630016948576,211.62783939219116,82.03493717079945,63.08055824415144
2.619536694968614,0.5740423779883482,80.18654150119194,101.77793751871219,7.7159147712267435,411.678724989379,45.64746780803631,215.31154651690994,123.98846349539161,68.09539948057173
2.3104588681496945,0.616862833287062,72.14381915430077,100.67783003420924,7.344486926498532,426.34067571652304,51.901735286458404,220.82668754087723,138.26560694787713,59.18999635983737
2.422225548852103,0.47990485588565895,76.26302134214929,101.93835171629786,7.53200363570563,418.5991098053625,48.525904065549966,211.4098185001088,101.13833831579817,63.66143286923396
3.61272568811454,0.4885218593996915,78.06539059065153,97.34618826414406,8.485704903954414,400.05276043555335,45.426785454809576,209.42873688732342,100.70293503230711,73.12006717270577
2.722168014420274,0.5821100170655233,70.12890160358397,100.9252579165947,7.751784250399754,413.4034623993601,51.59230366648001,214.20701719885923,124.69422128437874,60.93314468996279
3.274944513668264,0.4537861045084639,63.66250067312248,98.15090707543803,8.185452386759064,411.7939261119744,55.90278939067123,214.8039903552569,95.98861837828527,59.23645591790179
3.7619604479919992,0.7786362515869811,76.31813131090958,96.17878859968683,8.578739609406268,403.4234007216881,46.73680889459897,211.8692705540274,167.64615518186343,72.49886172270077
4.416381900202778,0.6678698228463205,75.66110001586769,94.65507047271876,9.146245411652703,383.9719106800279,44.824536529288295,202.24756093762986,135.7045409185961,76.63801081798461
2.137592489443846,0.6745648702011269,75.34424112520826,103.83777934561411,7.330744015451692,427.82401474224366,50.12921892580712,225.74014431911613,153.05450160116266,61.34004003247562
4.797936396181649,0.3067686553259166,74.6248863135038,93.89595069699739,9.486605351084776,380.1601368612897,44.922971648427094,196.82230016267735,61.15768264208452,78.53213890919787
4.197651363218178,0.48412231511885945,72.88504314185823,94.9020660125923,8.928978407287158,395.9388228774032,47.769634649251685,205.69722350044734,98.8890263739347,72.49037696314326
2.2861566118210517,0.43990681025585926,82.78575298909377,100.9256742298413,7.316936554603806,421.19082430405194,45.39391132101494,217.56049249746187,95.57431179973518,66.4273921094913
5.05752518437372,0.29887972486210684,68.70725991369459,90.95300802773374,9.589804905889718,380.5539433162382,48.350551617923124,195.9995798914089,58.6906651423926,73.94928633876377
5.223053401861346,0.5720328367891534,79.9374164740548,92.77219265496566,9.868353482034337,372.4066121800731,41.40730596675581,195.71213771066218,113.89765779211899,86.66054125015145
2.213772859492023,0.3924708484440367,69.78351814047348,101.48772916126926,7.263256500471723,432.8894505458874,54.25800474024051,219.74942693126164,85.08815223422077,56.900120271142534
2.969071768515213,0.6310807659700475,71.88399303351615,99.34783807980081,7.929798873235619,413.8309117929565,50.53868240445605,213.83750267742127,134.2201510930343,63.67248336488571
4.821704479275715,0.28596168742113365,74.20053121226103,94.18100322339706,9.523098107593114,382.2504795177753,45.397632771954896,191.1965468641629,54.31195606414387,78.45677894848582
4.618908916342804,0.8438081225683642,71.52551932875508,92.54269762841699,9.24322220240378,384.6829236525389,47.18558395209834,206.5315996664742,173.59939470649795,73.79198194060498
2.6458235677473207,0.32073346828158766,76.03110933247798,101.93342912046442,7.723930708271181,422.9633744715603,49.16400331849325,215.501229712582,67.659530370146,65.12518101501901
2.7327226316784863,0.5438604674400872,80.23248513776396,100.23255842601131,7.748389433926458,416.14090282101364,46.118745614250074,217.86875291286074,115.78549727935238,68.43182543186803
3.296652359769837,0.6583718620776136,76.30605113795711,97.54285008861459,8.161063250258968,406.64485683976284,47.116610188752084,214.0054274979546,139.06830733087287,68.97107639219332
3.6958304481685746,0.38587191395997744,74.95190651886277,96.86671268969086,8.55049013806021,398.3961662699773,46.896671610485534,202.98130848124637,79.42381593434062,71.12148665433968
4.163891700356036,0.6704937286865902,70.06446754493102,94.8483016236327,8.900089124661783,398.86197183515753,49.817601248808906,209.24794698080805,140.2912172901967,69.85585723321493
3.2911977384942035,0.25416328043991676,76.5335636153153,98.83346375439486,8.231914795979828,401.71725824905104,46.42328842885564,203.7614342277961,52.62421346673306,69.73160975417855
3.6188715064660175,0.790423539836512,85.12439396640572,96.81544378025872,8.459681434044507,387.84223865119094,40.77211138797499,204.559025462616,161.1057554157598,78.54574922445153
4.6161482834681475,0.5028298529931516,73.6359048211863,92.31416723912625,9.234299055953066,386.2216549495864,46.17892946520144,202.48384992067705,101.71658882884232,75.59489594438955
2.1283912101170928,0.3807177184062241,70.67415155538117,102.37418073706299,7.247470390745204,432.7309544285152,53.63935611166039,227.09772993144628,88.07328709569197,57.398274843694395
2.883529305204073,0.4401636455145131,70.6547895113399,98.82241138995651,7.820378769214573,423.2870528670959,52.48132881278955,220.47838839975276,98.59929380085732,61.895714915999335
4.4967235505959335,0.6617838538785439,72.94899708824302,94.42492348010488,9.221400209908118,385.855927249371,46.51725045438327,202.80080869814887,135.15227288253854,74.88084631385523
5.1332239319051975,0.3831089416299124,62.43337094992431,91.08401197250515,9.692086001835404,381.4028699030311,52.65568409990308,198.96708459587649,76.4284869860059,68.89464701566808
3.7908710474048313,0.35012846211544446,76.57422218616435,96.34154109154542,8.600296755311007,399.9620281818939,46.19874346914004,208.65874632330025,73.57533538466302,72.87889211435028
3.8623971984286047,0.45569268048325234,70.40711575634126,96.62768004887135,8.698044879061909,396.5545090219065,49.31833523585037,202.32790315358145,92.56998282325681,68.54854995300823
2.3751020396892164,0.2646075774460064,64.79880685366805,101.51717588106034,7.46287803676625,427.4049462651635,57.14061015723328,220.12129631699693,58.07883616906096,54.861326320131866
3.565943283882091,0.8641087815883631,78.04508168932126,97.71954273281351,8.458979362483813,399.1753713192539,45.337611557656004,214.0886814209388,184.59153984506625,72.86988074040018
3.8641604325925814,0.38672108175705533,69.22690359390143,97.01966821850017,8.724467595934064,402.87672792970903,50.85100005861152,209.61541830452336,82.18506926498405,67.78818063307405
2.848646762721554,0.6663233572360807,71.72503084584707,99.10338937068951,7.805535439745104,418.81418143224823,51.24674498101221,221.02851598669912,145.98083526826997,62.56981055997482
2.9423513083228334,0.5418940167295545,80.86303352593029,99.6502523883703,7.9155024232806,413.395877285528,45.49659649735929,214.37089087863905,117.65366140536737,70.37581919815676
3.3204945708661793,0.30309318990360634,66.93851449491684,95.71466596396188,8.098131424467237,410.23537748867807,53.31989838662421,213.72982788125867,64.50461250333161,61.15880368964922
2.0702491922220423,0.49880905815745413,64.82130785767764,102.95199446856887,7.221047795329031,439.28015755285963,58.710569238971644,227.80141186595594,112.3153541950981,53.123978780603174
3.127277079541124,0.6568005558621496,75.09926344326104,98.81387891730618,8.077398662657956,410.83188108143383,48.27678459935805,214.39929483726064,140.2720711678691,67.34312950418557
2.7400680244879063,0.4623477329827387,79.03551844943733,99.62300210350996,7.749077248803345,414.6407179115924,46.570259277713305,215.267530980618,98.65404704658891,67.54394452294981
3.1462407326227013,0.7386225891702056,65.90378029048743,99.24073297365776,8.118095600749974,407.47186096597073,53.682683445614465,216.76006112399418,159.52820322399276,60.49256023119591
2.4191674613673793,0.7043030785563728,74.94144963782674,102.47107194696223,7.5310167011405165,418.91772702131624,49.31841036472738,220.2129318407277,154.50269231466203,62.69825250308161
5.116845482589632,0.6837829709316658,79.04521227891603,91.71022661285714,9.69468408750889,375.060132141769,42.120190692226025,198.57308340190392,135.1471981442401,84.32452260906457
4.07757358743917,0.4080686455454006,64.5972858864654,94.97264085176953,8.848990803187208,393.24288309954824,52.7154411084139,202.91920539716241,82.49700823342917,64.78216662027289
4.376858117005714,0.28403151044370256,79.24473642994296,94.81301680043097,9.115365067707494,384.5332183450275,43.087495546237136,195.206930362968,55.38014594801139,79.50464462648677
4.762099335125685,0.3772824789274411,80.09754860136172,92.26416699374302,9.375782831160448,379.6163238457313,42.13392370144839,193.82375018952172,73.8901645816968,82.51510426401431
3.7445476962517006,0.5392481881333441,72.9345293692219,96.36577796669062,8.55323242538214,400.0411430492845,48.23577659292115,205.30366177349924,110.46467499651325,69.49509306019601
2.304221008305983,0.6091573427064711,79.02679702145721,102.91314820024945,7.465529452374198,410.26515719372514,46.08333343665539,217.30597880555314,132.69955341004706,65.05160936477351
3.879872896364917,0.06568571904791048,80.33812534726212,96.47018824657262,8.708385640766755,393.0206843422387,43.50551694884711,197.04879346057868,12.95082299802985,76.90227905866253
4.053943913073077,0.49837735967764996,75.38032232427372,94.3076227330873,8.76157903624859,392.7295594299191,45.99766652769659,196.9852899066137,98.71358944948753,73.21493446464028
4.609038159645155,0.5316178450646369,73.2736188399495,92.43077312341843,9.220638562927505,386.1733604573456,46.37403367800844,201.85401406320136,107.35587131358189,75.16279917412335
3.510808411803878,0.44449114873688966,69.34883063124988,97.84183911280384,8.40597240690305,409.31740244034035,51.584553821910916,212.07772266023812,93.61984879143577,65.43196700368422
2.446531059784473,0.7582547678031758,72.7480197249104,102.12705375148849,7.553325809107703,430.0962533884878,51.97662189600556,222.68881284563076,167.93665442398805,61.32246668156733
2.9932156702955357,0.5843560148501742,76.44065340287554,98.2296479870647,7.913019171820983,414.55524120065326,47.95836506100064,214.3781684064127,125.48340175935506,67.00353590877437
3.270788037395223,0.7620383816161794,72.30406133967107,98.91201195511394,8.221858319882193,400.46909820615605,48.65727057543482,209.91254675819886,161.2347959024491,66.30650756247634
4.2607103446606045,0.4568078959299535,64.12534738728257,96.15178859967966,9.065654971156903,391.30972686278625,52.790272242275094,201.02244648875788,91.59951618821142,65.95019550407885
3.9977240663411915,0.687495498501385,81.14083835249228,97.51825295817274,8.868198698295215,393.1595072372543,43.13757853715234,209.31773781955508,143.20413885360904,78.99428889985397
3.246338540642462,0.8270132789055039,74.84672235799543,98.90279331563929,8.18987878494144,408.68018784011815,48.16687981366751,216.44753800750797,178.7488174433413,68.07511912291919
5.452803370775429,0.7623386898545322,74.64524156154634,91.32063027792799,10.013328076205262,374.8119705285416,44.28033562359348,197.9865958424565,150.37144757239457,82.88620603411984
4.120211867749105,0.28157168131425336,79.23004618341537,93.87271092077562,8.812545458459839,391.5703173859841,43.883235987696125,202.25351379714704,56.28188141246631,76.88240712174772
2.8302937710759806,0.4492647844915238,81.01954550770496,101.77377383963085,7.919146872343717,407.39174312821615,44.758709885420124,211.42553882184833,93.54245455330174,70.50450190774315
2.3562386541714133,0.4309670589100407,58.81792853756624,101.29277253992316,7.4118979722337714,436.9969891598783,63.500456704582575,221.48104394763666,95.20662582817656,50.2163436246839
2.535006987145162,0.5978509070152656,75.21332663418454,100.3806986182519,7.560348716678736,419.00104802959964,49.17083566380934,217.235040341693,130.10994305762236,63.1401489300429
2.8608520493457785,0.6372707110029067,66.2997764051632,99.78285291973808,7.846290418187986,411.4709091940694,53.928193315940725,215.9384394363462,136.5293386752604,58.77710620486722
2.5623848064084447,0.33222146519485274,75.57041430168485,102.24099190891879,7.666015558351531,423.82719139746007,49.529641156489646,215.02913740862877,70.55895533921212,64.30019625991497
2.65298458417957,0.5135677027833876,73.82321751288838,102.48099079340633,7.773518049567069,407.519874546531,48.61658698365666,215.5225623918586,109.73736527108794,63.846856322226216
2.9978330904284647,0.09601453356877271,76.77603234071691,99.60791112708104,7.980651228348719,392.2013363842958,45.19696577556793,197.76664372298467,17.601794085477824,67.75384539715175
2.606807583531642,0.788389001160378,70.6319310277647,101.67464079572218,7.6913700053158855,421.76676127276426,52.307659744318116,221.20246297463274,173.43799673514692,60.853622771131455
5.138678986192488,0.3975251518646613,66.80021422433522,92.04918678727469,9.745359506705269,382.9262290312837,49.86004699319551,195.18010450693967,77.3911442562557,73.372990924607
2.2808181098157476,0.5111727879688994,70.48514077549555,101.18690023723033,7.34914658292802,426.89307674096483,53.039986341296974,222.96918536608732,112.63372230869236,58.05515523990776
3.8357898634958913,0.43807005720238773,76.63718601189399,97.75613041439502,8.736645786255723,388.0999294501677,44.79599896017945,199.32529170913173,87.18089947343712,74.03903594777407
3.436388894463815,0.729205515002683,79.2006283167327,97.47493688509154,8.312990600345273,401.7655873901898,45.040667871038366,212.58072477671857,154.31157009799028,72.54181370417902
5.438325159180122,-0.06750128827947577,70.66683368865353,92.19428656156707,10.037345463386119,369.59551438904685,45.81753088457142,181.48219915658242,-13.179264301682,79.23864820609963
2.392136157588183,0.4966779315348182,78.00586552347092,102.66635651225663,7.522762875175712,415.6559512326354,47.23048273660591,215.418540172389,107.37084376344544,64.83205187588719
3.3924945966600957,0.4788362485004604,70.83163206775951,98.61749792285543,8.313326308959038,412.46116814776184,51.0271978427955,212.1413560056209,100.94084545621824,65.90638017729776
5.393146516463791,0.40927272248166346,78.28402522772917,92.58716699738021,10.039473407069925,362.6635914743514,41.079186244494224,186.84009774745056,75.99854160777156,86.52618568154026
5.02927494062893,0.8452453091271266,73.48566016442655,94.18341453434734,9.758319676171569,377.01986467633003,45.15983510626644,199.596050374301,170.00563210917977,79.70306556140879
4.859752248322479,0.32253410822884576,76.74255583654748,92.85067244049988,9.508788982322438,385.0974329372452,44.39544456851144,199.43798064767182,63.40549560141665,80.66470682774955
2.9026598946572895,0.6543592354471323,77.94258004644013,99.19365507396634,7.870927236781997,413.3116308723793,46.997896883866765,215.48919601764797,142.5732201008177,67.77683990161778
2.5981065558652303,0.5712505577412167,66.98265748059559,99.41521118466652,7.5713765470309236,427.9849979296202,55.59498878529868,222.27434294108895,126.62655124760687,57.25658128670135
4.340251269735509,0.7523038505071031,71.80877203994845,96.60486636026992,9.174155146903612,390.611961858093,47.746953305612664,206.40025412505557,154.13957129105194,73.51299921978791
5.252815961946551,0.36656218304449895,77.2281920910463,91.26339852605231,9.800011346065874,375.25524459472416,43.019949811987786,196.35059528629682,71.42075450916985,83.54179571775751
3.9486701255487544,0.3534062201752482,86.74632245581027,97.08768404626076,8.802315004209225,391.0893452776521,40.424207902712325,202.62638311623758,71.67819907151362,83.10337810221438
4.0006444131446495,0.7192139814954797,70.48482473493944,95.40474025998614,8.762069895520494,399.6318885288651,49.65307309110409,212.18551550342065,153.86129328072673,69.12912338943038
2.9799268278109947,0.5850642616660221,83.7765816233578,100.80086861539114,8.022783823955937,404.10599538447684,43.092421198238945,207.67318837117614,122.30098543077418,73.5286236235011
4.69322526617178,0.19101253066464824,85.65398683778199,93.01361749494644,9.343310042465218,372.36283515621886,38.928104041047746,187.73382076287407,35.92341904509577,87.1341502611609
2.6546531199513317,0.3921389971073459,72.69902799043363,99.75533877327646,7.661888278238616,422.45284029637077,51.08316875807038,219.4857425364534,87.32887493909509,62.146496504666445
3.132877327414853,0.5772765307696122,72.26869016189832,98.86812420928501,8.085449814766331,415.1922391424428,50.46783148308027,213.9134059019223,121.6061517963061,65.22551885968386
3.489027535157459,0.6675528443093178,70.72650704886549,97.36298306617958,8.360021808291656,405.7688550691509,50.26463672254893,213.0657472954587,142.48208716203362,66.1710819460767
3.7766363253955926,0.364153869361409,74.19095093881137,97.2588126894844,8.636907562998417,394.84359026633524,46.89857827515231,200.75358016506718,73.41513273189062,71.1968437013471
2.848434063452781,-0.08285119796338825,66.38452371334554,99.98936483616126,7.8646625198484434,408.36435453504475,53.461661431253674,201.00959478725275,-16.331743262680146,58.97080164562908
2.4019288865872124,0.6046446371474067,72.50111957730167,102.0954108125863,7.506399880755262,421.300590053591,51.06604518970703,223.08153588973502,133.2749031563463,60.73921473040138
4.137170148545714,0.25593586201120483,82.44900554750915,95.28708730162177,8.904841253243156,382.1788209925434,41.33941936196852,196.36698970959256,49.24044238019148,80.3799811753489
3.010206936340895,0.09653224037551772,70.55682301122549,98.93218982599181,7.957238923684755,405.1875548086251,50.29835334396974,206.00804146553452,19.719943355882872,62.851416709165235
4.034333774979142,-0.06646518499682819,73.63757901002971,95.41298334925614,8.800941403384876,394.42248268821214,47.158524595853436,197.7817465294812,-12.030808867116273,72.08047147306972
2.540269503459708,0.6627961720395482,64.54262103281543,102.74500777631584,7.677884954499356,416.8064049909466,55.91517969397112,218.06656835160751,146.4489512489636,56.22738332771955
3.6839903564918615,0.5257234900809933,76.29109886844545,97.28617049806003,8.52867921288808,400.6365239756841,46.42848790075926,206.82092092324916,108.06618111795225,72.04320747279094
3.8640630139305507,0.4548687238575497,75.95928404147354,94.88876968368064,8.59302443410217,396.9593196885578,46.179923915726576,204.49851018330716,91.71012956587995,72.29941997196248
2.181382378878494,0.7778048725925524,72.93617065348305,101.94899446316201,7.282328407453291,422.1457907584279,50.90008224785324,222.35631555932875,173.7655871301982,59.23312933196925
3.178114973678722,0.6274649366046146,72.72960271730375,98.95409041810517,8.141501491489256,399.5535536796486,48.296322060794544,212.74132302754936,136.10209077796395,65.988003104998
2.47045136928641,0.8232600085443833,71.50075204928142,102.82973995249786,7.6154205779527455,414.82684699208073,50.898529959729146,217.08961076214706,179.8281354442432,60.870335042669744
2.221812396654687,0.2214529055666007,75.17567604448898,103.04661558442051,7.3669394873267455,418.5102573854141,49.134949884849476,211.46959937896847,46.081924497483556,61.49681505746545
5.464860813364808,0.4930898752092073,76.41374996809466,90.13561288403763,9.957212920026016,364.163703244667,42.14187017449445,187.65227301786084,95.3905751783183,84.04956753812793
3.1282384574115305,0.1766573250103971,75.3287455066705,100.9858500019176,8.185376230112167,404.51575571887656,47.40673887995388,207.0209841296352,37.258572897830135,68.40191527420463
4.834560560491222,0.45412353362890656,76.87638675986221,93.05410974643954,9.481594096303049,373.8813034141209,43.03600982480753,197.46008123017225,88.88025662530505,80.50208847878764
2.8912422916731737,0.4502768292466645,79.08662718548662,100.87771582800384,7.941560437258892,408.71542664417143,45.878426376294165,211.7294384804385,97.27116238348627,69.23948846491402
4.385259527783752,0.6253227274526142,78.64728192021578,93.72758485483695,9.075537422106256,388.23239485813184,43.79518316281241,204.2780700105423,126.86972808634954,78.65617191925988
4.660797509613903,0.5091127762283797,76.55726622728764,91.76867824015062,9.254014425543982,380.1659552262594,43.92074424208306,197.9023111026393,100.13350650881523,78.31707361759804
4.084735592127455,0.6246814276559831,82.49379286381385,94.57668023525922,8.813905620963952,392.85141358228833,42.473273223935735,206.67088618454613,129.83008505903058,79.64790837212907
3.6505166599255543,0.6406880266277788,76.48196263719348,94.622924909304,8.385499349240451,394.8904386040751,45.66159538500618,208.60185002616947,133.62380232628112,70.96528716203709
3.4414431995154398,0.9309857354766284,80.65454528337062,99.6446202634983,8.422479668677791,393.72770152111445,43.43165588558069,211.67991781848028,197.10799110787488,74.63515583566202
3.2210389329004836,0.4369406689427751,76.89995976141377,98.89799006995744,8.159585371054675,405.48222218621714,46.66080666774527,210.29288978380677,91.92420743768861,69.41902665303587
5.2533520048673905,0.3117954598667242,67.09442701118316,90.87355276820571,9.787394652672516,380.8495416015196,49.400398493950064,196.65253142574844,62.42984639571683,73.95823998079965
4.907167927257052,0.5492167230632817,82.4127753293051,93.18701147858442,9.542668413206563,380.518519311593,41.17596489832142,194.9409542992356,104.74044147134352,86.09553008754968
5.377594187332794,0.3395439945720913,77.12899423151269,91.32988757327935,9.942277470372716,378.3648060107284,43.42582045712194,194.279580784237,66.2509788091576,84.67616011758652
2.4350402821994064,0.7963921536873072,72.6622744841354,101.97410572879326,7.548939350468589,418.07335882288646,50.57607734990687,221.59297980092185,176.18470704856358,61.19136219665144
4.558036163212755,0.44335639221095346,76.87638513330319,95.01449854966438,9.31606189162135,382.2907015208602,44.003983468496415,198.62799300463297,87.31049433810595,79.1361910985669
5.284191598873632,0.38688472642520194,74.61611410886302,91.27339248152227,9.850138314134504,367.9874104286747,43.48904630094923,189.45520358714748,72.54218819171116,81.47459188185138
2.6343157315798105,0.4057368557697764,74.2963231798405,100.07602349458988,7.630776856366413,411.39710194078043,48.803682820553455,212.1061068065312,83.42215519603113,63.03307921177214
2.2327369357837212,0.6436834846943282,69.719903991225,102.84764089625452,7.385092372854038,425.55305137806687,53.38102908715353,220.99196515008683,141.45046011365423,57.791267409452864
4.593922272515207,0.4684506033537029,81.8840680206901,94.56313826850435,9.320886092822395,376.94929343804483,41.02444542977406,191.9517162979325,91.21036003948463,83.60613426243113
4.010655896129691,0.3716666359739235,74.24484650725037,96.04329301004316,8.82856988976974,399.89255960179156,47.467895803854965,207.48755354311595,77.94825590985677,72.84160684694973
4.946400718653952,0.8330703835247062,74.02276164877257,94.42964083565579,9.658071887803795,369.9175289250781,44.02587128371089,195.18607700877064,162.4123582699849,79.34749478595084
2.489203318192013,0.32876603186764997,68.36241490323404,100.93753068803862,7.528580157314218,424.5151969215455,54.17331732894638,216.86818121256,69.88763565376712,57.92649133216289
4.783435591509615,0.5071132148065987,77.08400165555476,92.53808905240813,9.401867344687826,376.1003562499364,43.188226206867974,194.15861708126315,99.28227026274186,80.02234896684185
2.7056956201671056,0.630461230322046,74.18237024482599,100.8645384714204,7.734101360033786,411.54278236753345,48.88705095504573,218.40232819834958,139.00404895279118,63.80240025991954
2.572795800029966,0.17373297791658532,75.02947802842348,100.45526441436432,7.586188573896265,420.95999763696545,49.50753637417928,212.92670405821409,38.02658504479467,63.22783001099879
2.5749302927584754,0.5960521002811849,67.95365691378453,101.38415719466126,7.645170315089198,416.5357287521627,53.43376375695169,216.58773295453497,128.1288475677046,58.50204668648128
4.851011520809838,0.2889784649039101,67.81530783091394,92.35505307249402,9.461642164186033,381.06211324631425,48.97007078277321,196.36146533416775,55.879356137687466,72.15265660796538
4.3281902724367,0.6645565561668005,78.32178483945684,94.53114022012605,9.016183530150597,384.2868236434475,43.509857091539594,206.42470849944212,138.83680464696914,77.84344315152892
3.8307289866919176,0.30746979761620474,82.02008409341285,98.10512088260961,8.7467277637966,401.18256004477007,43.59728248427978,206.01470604074427,62.13402893081259,78.68270084688447
3.2559066944322588,0.6385538063697721,68.77531992136923,98.27985668408895,8.153058591343234,406.3412686491876,51.582306368896155,211.99410249687674,135.8478544428398,63.00454278546541
5.070201892845879,0.7211666132589425,84.03144868922354,91.61521213982559,9.656854782686025,373.5080859577539,39.72161347765769,198.9647301404705,141.70898444630933,88.57491239221174
3.3735578759792237,0.672287305126561,75.46782474485698,99.12909046503792,8.330324545127814,402.19681119809553,47.058271624293056,208.03735703878306,139.56055876188174,69.7159896737114
4.858098038150519,0.5502633296476205,75.79440312302647,92.15582330624383,9.487062931626916,381.04806542687237,44.41409364203646,198.8708411782793,110.01648163731743,79.60143397716664
3.5369721799957645,0.4537398114140601,72.25662313326603,97.06624278589716,8.400253894105848,400.01858812974695,48.630562852266216,210.8033065459972,95.61988660049896,67.7054119384865
3.3193055029871763,0.3847160847330312,67.06057650645963,98.84367963595209,8.256443438829933,407.04281444810925,52.82114836163842,209.60764328842166,81.16334517709451,62.44247989826159
3.6193792498436226,0.7942069381634208,79.28189767943535,98.08290176464595,8.516503702452367,399.92692692414823,44.79373056787803,212.09212284684074,167.21883041911573,74.37653826458563
3.0548225595744976,0.36010095596647135,69.78775526430138,100.28450215435412,8.084074944100196,406.0883633222606,50.89607571701576,208.48696908134238,74.25635490824789,63.25813113356004
4.616632830616879,0.2925867852860008,71.64092601805226,93.24400762706453,9.264074500999092,391.50874635593806,47.95496149435744,199.35222239640666,58.809644269083385,74.08781629727585
3.759521365323677,0.633073787006566,79.47105718782319,97.31848215975602,8.627354272670665,401.5918942666656,44.88511781230202,210.92103528316102,134.22546670810866,75.5076092218843
2.8127444330138607,0.3407726393627009,63.960376086257995,99.78250792481614,7.800558624622171,421.4371402038471,56.98147609638116,217.38070571568466,74.29720968632328,56.69819639100917
5.148511006460989,0.3099873005067746,68.56022415441235,91.49568697057803,9.719863094302843,378.52803037016065,48.18316577434314,193.2501845877004,60.852160784435455,74.80690953150032
3.34361927480624,0.211279147566047,73.92167191222708,99.25990276401198,8.310149552851323,389.27533293706,46.38555501422798,192.82535020541908,39.08276768195415,68.26840443193367
3.90243501389896,0.40341803210789645,76.149344161703,95.90183393466597,8.699422309237345,397.67327181384417,46.160916915096685,205.81914139909804,82.56495504301417,73.35582000733605
5.172652388375914,0.48345699522070135,78.63085610589572,92.11828031750109,9.783140411678886,370.9281972979197,41.85090989697048,196.98220573031057,97.05510906754816,84.68531112971847
4.184832985698972,0.5486183455321397,73.5128071158575,95.4775481254381,8.960100148494512,390.16150212667907,46.71876273843928,202.55750343020935,112.4102312359959,73.2602006532334
2.4091431424792744,0.6902612488598967,85.54282011418357,100.71139550025173,7.4488897315420335,407.31819067087184,42.632004182426726,211.07068730282117,146.32755438036963,69.5376787019227
5.289412432647163,0.6053795847331588,75.20783212534742,92.25993077001998,9.903342623077478,374.31795711768245,43.92999420135831,197.59449829930358,119.46430835263375,82.50610856287989
4.196978185749963,0.46182555608936404,73.88244306238634,95.7588010648183,8.978323970118716,383.63763813853643,45.73515316586708,202.2338669389767,94.43158368754534,73.70090326043007
3.1721696512998014,0.460360864724056,69.82167023749037,97.30837373095436,8.037628350449886,411.9108876259631,51.60389232653493,213.91960392327286,98.90935536320707,62.9380542354156
2.4874522543218553,0.6020314937830367,73.60447678779158,101.51585399886338,7.556101088667984,423.9594749210729,50.71014031906266,224.45960997561502,133.61431392297007,61.95072436926419
4.779088162446036,0.7545140325857139,78.80971195516912,92.65481268410558,9.404025030604007,378.0489736992645,42.568426963269786,201.92953442966936,153.35442976774172,81.59996261648884
4.1702546457497975,0.52526283989664,81.02219584756706,96.28176898500581,8.980981594972912,394.05174838765714,43.2918306044349,206.31851876363356,107.50540767473214,79.90122447957913
3.8671138219171253,0.4061738291579182,67.19411526409947,95.30878175386546,8.63135867800304,396.76022844326354,51.39772987692808,203.43672029351632,83.39035992296407,65.35740859201138
5.128624040678352,0.3014267997828909,74.92437215703552,91.76463428272214,9.717208007877938,378.68825636328205,44.591234146899694,194.43634395989082,56.992352132571014,80.7127209008193
4.760090239285858,0.21095894711755486,77.94562634118874,93.62930380329027,9.450719217724005,373.28343635175173,42.444798210155774,189.74716046920364,41.62788052322913,81.20182601660441
2.530862079064629,0.6332539344087047,75.97232216785024,101.1854549585873,7.585150186168586,423.0637195828909,49.2092930509556,220.9031973664427,139.61292247696034,63.91250815060548
3.0910272372844187,0.6155957047279115,73.741975973764,99.79177127487571,8.082584320292954,413.2314751175318,49.34579944077213,215.34194287378241,131.45423874864255,66.3407529235028
2.86971198935063,0.6154727050213323,76.15577423488126,98.74127044846536,7.807955788913336,415.7203641425994,48.25217669209799,217.5434995815368,133.20358091418476,65.90421869206737
4.60381202400437,0.4742681107295888,71.47975496417624,95.2081893854786,9.35813521040364,382.27897312318765,46.91704992132858,195.6608182542642,92.45883751994162,74.65856776355275
2.117363521575228,0.7813869491783502,80.33036338748205,103.00934340151733,7.268568099513161,415.48648953760335,45.99632659013318,221.08748580504007,172.7491063182848,64.26016803334106
3.994613897049608,0.4031763010830365,79.75667719135667,97.10662593072708,8.859972407737736,388.94467939260534,43.3332306368021,198.76449362698784,81.4552789635114,77.73038594426822
4.668605400092417,0.6910538474414412,68.87768754478505,94.35927323506313,9.388434124014408,390.23177838053846,49.47302469522491,204.98115445188142,141.72315805343834,72.58660178472091
5.0686797286661225,0.4922514210020914,70.70690043381556,92.25033285810454,9.683462210861622,378.69780496708694,46.92260549364568,197.39379358464515,94.99645859131256,76.52142127834163
3.197286120505676,0.3783298470641325,68.60213459407228,97.7821400095012,8.079339837671311,403.20716476138256,51.2972283569243,205.42398324986223,76.48828565405638,62.29102022114746
4.874400566352045,0.6185060614635522,79.2391305341051,92.48875547276889,9.518526928502537,372.31017101920753,41.72050632843395,191.49975030694654,121.20129112601929,82.95417571497734
2.387211079343225,0.5819272237367987,66.44101446312453,102.91641188858877,7.526548110069439,429.1583890176228,56.14242459127104,222.5420095094684,129.6386425543161,56.52684996979381
4.962583021070813,0.5713945518533852,74.29997795424457,93.73930965157727,9.632870669044202,380.0621591980576,45.0844909359696,195.73980289166218,112.79544706716175,79.44298724790826
2.4462103181619383,0.5162556844112397,75.2089743638782,100.94258390235026,7.501941354481632,413.70758256111645,48.552113864721676,216.02224841206777,111.21436756253306,62.63325174685352
3.3905055169612854,0.49242138365663385,73.73777694762137,95.87858726167376,8.183286709648488,398.0099975471087,47.53051872825178,204.08431238331963,99.49086817220008,67.11302513522114
4.790533780228438,0.9776743985740877,77.04307811483766,93.06297998175637,9.440652361106785,377.24451085892895,43.339978207253054,206.2576825354941,201.1715735017925,80.32106523616534
2.5247109957207083,0.7368513290392346,67.70063963812106,100.93334920447424,7.565922918140306,412.3444922419959,53.068352353652145,217.21343027811602,160.18233086965932,57.700420083393084
2.802379883314245,0.6445653789971024,76.33712772696332,99.99185231876784,7.820689645495796,412.2721835492638,47.75143607429855,215.9229208487769,138.71620297382617,66.13657066626341
4.5278839893757326,0.5223598316406777,72.3674013248709,94.57523739865005,9.260191762094284,398.1073310873475,48.333117797069406,202.9278003611946,107.91979939841643,74.72769596539455
4.520127877911261,0.7014314401193338,73.8010550815038,94.88052249076792,9.269651514666108,377.10176729558043,44.99964432772549,199.36208050728126,139.22257844118224,75.99193470910882
4.244016715098541,0.6035989552782903,76.28147869764818,95.93818113483472,9.042551928076099,387.70624164338767,44.93504834357406,202.74674531712168,121.32288804923799,76.32197960644997
4.42881955563485,0.5052409505548071,75.82997457441606,94.85569886738632,9.174304995138618,392.7415431441175,45.75808685619542,201.35120776052992,102.5396783639909,77.05898473021279
3.8995355517165864,0.439287134946817,74.79934275713786,94.91100900745384,8.659072248194873,400.6442572247479,47.24615123164079,207.0859723141698,91.90220596941245,71.90641078242709
2.881296706174335,0.48381653246746237,69.70442193752542,99.6425017422352,7.860913246673818,414.1562627175178,51.96151639392669,213.539533324156,103.34393367915176,61.471926664139005
3.209935977263718,-0.13408514717561115,72.35417611672051,100.60849590641634,8.225791397129328,405.81075825988427,49.27628171335586,200.46052628651722,-27.480922792568855,66.39541609676989
2.6355920088049896,0.5421201678595283,73.17362836475117,101.07480135702453,7.698012623198494,410.9907472780068,49.41358882116341,213.67893968128442,113.93900383389092,62.75712629361003
5.1795769646676995,0.40230478397792807,69.34006619176581,92.16573627841814,9.79283079471103,375.0690787790453,47.273602957741325,192.62620272287518,78.71516439735899,76.08688392342836
4.041871281681422,0.8185339996565768,72.53758070645081,96.14103926593411,8.850003043106978,395.2021104264808,47.88147496496627,210.37197846198677,173.06517785607898,71.55143911723958
3.4029799586727396,0.5038688141623509,76.02197534557152,98.4218738426502,8.328781183220729,408.54115391372727,47.49264967149575,211.65549820459697,106.20671657154276,70.16836362497287
3.6170203127544642,0.2622073160930076,67.95324135607865,95.43393916049064,8.385009828576056,402.0176287684736,51.57163727575069,205.8874610624051,54.04477106080658,64.12053995585507
5.3154916886413535,0.49002396917437646,82.16149828434082,91.20415963622641,9.875906596281217,368.668093120322,40.002397962638426,190.62705690983267,93.18514987646434,88.79801752090304
2.5367299109062804,0.2907757829874992,79.39214220608675,101.09113104639226,7.589969460687295,411.69768650003596,46.05524337372947,208.08064048896256,62.13354140400475,66.40647552819627
4.05180441205879,0.5946814831424933,68.63641241467012,96.84388087719695,8.888083573347929,395.91038946487595,50.346954713185305,205.45767992269907,121.14395951649212,68.53151562300803
3.7706103760956307,0.5581894728678971,81.31283061656546,96.84100199936313,8.624552203894838,398.9027209270219,43.68528696718062,210.70951609423295,116.99577222286965,76.99083019065282
4.140089824021267,0.6915679262216535,74.25019984526485,94.19247650664401,8.83559106307929,396.73633886745773,47.09025493068378,210.65362137946718,144.96456184941553,72.89210787401132
2.063385643372942,0.3418236416610869,74.5686355678328,103.12222157313211,7.243105543747677,419.45949952070157,49.599889687737914,217.28386265046532,74.58292249181177,60.04340019524345
5.05243368130453,0.5068016192456294,73.57966515692421,91.67342239683994,9.644878423238591,378.4048815197405,45.27475442851679,199.36989296489514,101.09711403713393,78.86955040800376
5.262413988692643,0.22699564091467295,80.93012092256498,90.6081225267106,9.775040359681151,368.74058179610006,40.55208307818211,186.84258939742372,42.61252149388809,86.7454481771045
3.9779661425622312,0.6402989563849429,76.80402946531802,95.40979126365892,8.74621404245027,399.40935744313157,46.0127669076368,209.90078693815687,133.51864769533896,74.30576757199326
4.438277883569123,0.6037742360880244,71.25516717729494,94.90003079123967,9.181593963972071,387.0594902357729,47.63506170521161,202.73803666490272,123.89290004374791,73.07121559313372
5.228747834120535,0.5991610042055142,70.4484874011182,92.70639157238618,9.867986279029264,366.863312767762,45.6022635874522,193.73814849814656,115.62629849984529,77.68296769271626
4.475335220096895,0.5003238062713882,68.06889008807016,94.72267068580294,9.201574971679644,387.64193100314037,49.65382888956642,200.74748610517906,101.62633629695232,70.4175058132036
2.5338866501999147,0.5829545781577582,73.98037286240368,101.63701530319392,7.616057668793293,420.37906032516713,50.05682232608452,219.11979714913195,130.8760029103671,62.707215614433565
4.017009260583846,0.8208678216617193,77.68276817159929,96.31890380622693,8.831743256913965,393.51205790879493,44.87906416670985,209.21358923456262,170.8633672031908,75.7512718943406
4.1235026623399955,0.4429811485915972,78.2030315887052,95.64880242329839,8.898566599879182,388.18847529867435,44.01078605878482,201.80347967804252,89.73752211743161,76.74429405075061
3.484457349558351,0.5277290367420169,73.59144334643312,98.36194378451597,8.393787016469437,399.76131538268226,47.8232339793353,209.10802768461457,110.22077438676872,68.72775654652743
4.57755482468653,0.28277474016371806,69.70808351130202,92.04353773994161,9.188919758150636,383.4008494413849,48.100623243189816,196.1293878878286,57.49131825337264,71.75142407611536
5.270284551691552,0.32634780768033356,72.91396747191095,91.64287475012344,9.835462463797299,372.1514156336131,44.884043904868996,191.2189065001432,62.12321699586732,79.77242125611814
5.239489795173717,0.5195626586186615,82.04913094901808,90.82584568919418,9.785560868994386,367.190735407876,39.89073352699512,191.84060362471533,99.921905527784,87.87240975984098
3.577937799914462,0.7207867093403815,71.87038253689695,98.40753975833469,8.50628989089998,405.9764790981282,49.587710050721284,217.09314303041592,156.7047205047656,68.26467568176348
2.3963331604426434,0.4487438351496855,73.59268794593855,101.49510969427726,7.468903061773123,416.67917663250404,49.846366574787105,211.61075026086343,94.85862086101433,61.20666210338046
5.446944196368171,0.4528166941375752,71.15808061776737,90.96045378332566,9.995490613931704,372.23837778607,45.86584292686913,190.972079982663,87.2308196981929,79.39055352342059
4.936143302560769,0.41862295109912506,77.60628719036809,91.51944094163426,9.523750299639456,378.7539986476953,43.23365488879405,197.0037027832264,82.5636678370242,81.54782862006846
2.436319384211434,0.3930486658311354,70.63516045265833,102.28634686647027,7.543588212427706,425.60250880980715,52.781256516464985,219.2365531900488,86.65248647081052,59.696821468914784
5.222946589160803,0.5589942911417644,81.50109947587178,92.22154943415623,9.828007536579722,376.2862509228487,41.12368628117663,197.05353892885256,110.36540601536697,87.79250907187665
5.044637267217449,0.20054847096427109,79.92135325169501,92.78932787061132,9.679148823937021,377.92833193698823,42.02876383311817,193.3073840303849,38.16296256768621,85.01347107687276
3.8159331999412522,0.7561879153333455,72.10059010705501,95.99381551847056,8.627277231857013,400.37886103648833,48.76686763327944,211.96023503449186,160.01280620457314,69.40720998134722
4.069464025107252,0.3669155403741079,74.25003669339038,95.13796403617411,8.839285164384805,388.27105130447745,46.085564652927715,198.5206938009519,73.39575049416204,72.88939973118406
3.396509463545456,0.6443806970876282,71.32023015605141,98.29109644114763,8.2971053832582,400.18544983372414,49.21105720750895,211.01605365339302,136.52603205175708,66.12847915937611
2.19166573587711,0.2460002805212248,65.53283290032749,101.77357119623167,7.29040670316181,423.75027867780807,56.101467720267486,215.60691787272054,54.284371327817624,54.10214475175149
3.173190345760653,0.6337680261092437,69.52061626717669,99.24174815997958,8.143466836823103,413.0820217548069,51.94653174805847,215.15237691126296,138.2159413756018,63.534279469995
4.80998707009304,0.6343889215628995,76.76307112271574,91.436315172461,9.397338776820588,381.7146456557551,43.995059270765836,201.75387790047685,127.46935614517541,79.72212726102057
2.01621208051611,0.5768404144011793,74.04575198776725,102.55322207306834,7.14772426449079,431.7705001187551,51.37326871459234,225.83992399195924,130.40846950213225,58.92655845500574
3.1672471009190044,0.30111429564004155,74.54343603906601,100.35203791912467,8.184406395672454,411.5085113425249,48.67421181608637,210.70050308906468,63.251527769114304,67.80083204087683
3.3935904275683013,0.5499096379196154,72.56364324328878,98.47402216590756,8.328743702729396,400.76990914660036,48.5407248764034,212.06783745008352,115.51084006917242,67.37708956370257
3.88088461028273,0.2633887630531222,79.32239456094419,96.55033879563524,8.715390587979511,394.12360205381805,44.12371656526849,203.66628594224642,54.207966268756195,76.12274416430242
5.2194946574446615,0.44944734898076294,76.58110311173829,93.31994992748076,9.907941137960186,371.143767602683,42.866601863884654,194.31730842416053,88.11323629632209,83.82848105122208
3.2122109802808643,0.7058826201910652,77.37092231681677,96.88849867397583,8.066222992429275,406.08823277656677,46.47864781649496,218.76508683676687,153.34548147647638,68.99097575056277
3.214336206636797,0.6593403854141484,64.98832778695156,98.09757438494073,8.120750405648074,408.91544649963436,54.530546095306875,214.05490222703395,140.7605423949851,59.79952497384706
4.581254368384119,0.5030365885080866,55.88550398396923,93.64467117325768,9.251746883243241,398.53463825860274,60.48897164929803,205.8832672982905,103.09472689020122,59.964274868721006
3.582762793114325,0.3050386848154316,75.71825549092759,98.14701121050417,8.484304181867593,400.28647279985455,46.69792572274418,206.43954287076545,61.46362194797204,71.20125547726744
2.7861168802899368,0.6291175424348388,66.21951198774047,100.94911600956782,7.819213130988048,417.1936565279417,54.7358078853936,217.52832280450488,136.8145065225773,58.528372352580334
3.583538306464427,0.503876247539605,73.23798745419202,96.76481056018841,8.419628214113239,398.2983523617155,47.850550517083214,206.73117532524748,103.02168719589932,68.6486438675195
2.4929995713292996,0.03593688035391529,71.48111428047213,102.0728649580615,7.6059034951647035,422.66554653658454,51.87282357009705,209.8999865421004,7.7021443939072185,60.80162057973496
2.6173544527717816,0.6565259652633036,81.07782835540382,100.51660760144141,7.643148121959047,409.6803687144675,44.981350138895834,215.90139275160954,142.01399180290187,68.09821223789459
3.744287204588179,0.4951534332260616,76.49312741022385,97.8643064844607,8.647719781498816,398.7228810501575,46.09879339419363,203.84672753239448,101.3284297728674,73.20874904236345
3.4662390732659176,0.7404902495966145,74.98878202191247,97.04204908507164,8.321717264853891,405.981288694433,47.7688088987744,213.90512164884694,158.83597909747874,69.2750464000157
5.20196065373835,0.28094589623143906,80.42730855765438,91.69448843266285,9.782654152473954,370.11341828084136,40.92938562302398,189.24018610886074,54.69719440595574,86.3521254707637
3.268378646908216,-0.13534076263920014,75.76454231048506,98.16854088352,8.177681942635916,407.72880462900355,47.540486271464324,200.9622131900741,-28.007025335621744,68.69062795251112
4.032059225973152,0.555816771669037,72.55008610622562,96.73261700634654,8.87341104320103,394.4400924887115,47.78191169675404,202.0428683020683,111.54033298239078,71.74850166446964
4.212925007718356,0.5583127353363946,80.41288966053482,94.83653749973283,8.956144116689632,388.5151586779427,42.97121352239329,199.10300818146834,111.81690900867628,79.1335392839712
2.0458305980591676,0.1618656744787096,66.90624607822963,102.80563408358351,7.187619144526863,429.54983857889704,55.85369985969093,215.71055959328555,34.78415369543133,54.30500830935522
4.322380802058487,0.30430009082667875,76.803092900138,95.27711631092573,9.078546116528907,388.0167496253343,44.70079770910069,199.65097683259145,61.87913699085099,77.08022905599664
2.6231258840441303,1.0510435487439804,65.4099020901714,101.25526619226643,7.68155943100503,420.8544089071911,55.80890536152061,226.77070740763915,238.90757785727396,56.90689044698305
5.363746111143093,0.4388778771692393,77.45621462095168,91.9364506969777,9.983153253953525,369.6556592292673,42.26751190083063,191.37812705450995,85.90973746660116,85.2909939849384
2.5203195471358955,0.6461917952752432,73.98933166542771,101.3477814065001,7.599993282365137,412.88508073546546,49.159229219753406,214.36624032482644,138.43037723213112,62.55925158320748
3.451184433044583,0.3698680345263232,82.52369612922682,97.58625535212009,8.315758791682489,399.9142909596315,43.222904800633515,206.18743044023282,74.78010006897532,75.20064084346137
2.2987238382752535,0.08193942022936862,64.9335991387214,101.67470756974961,7.358789527187671,428.1755128067424,57.140657559245106,211.7187891507339,17.688776254654222,54.19363336628519
5.489059881460816,0.4659483506408189,73.58243597848391,90.80882826705323,10.030263219027965,370.4482048707436,44.32129795380762,187.42022873024013,87.25647229566633,81.98558231180989
3.757682536159349,0.446879087942779,78.62263117626193,97.04778510430178,8.619006520318697,400.9395684200969,45.241216955369616,206.68682742676012,92.89850841677168,74.73204604026533
4.083847560620153,0.42002435226632573,76.57720335473073,95.58879621955072,8.858087953223468,395.3077925411356,45.65957055940584,202.86215879436864,85.86965403362841,75.04722295859435
2.234767670859496,0.4770718328987215,73.58324646171891,102.19367588876419,7.354668052579685,419.1212926884531,50.144174871265676,218.7430664330023,103.82160712198329,60.270753986169105
4.624861646397122,0.5528536543291274,70.76915546088385,92.59918114915239,9.255417249504811,385.75085728527824,47.75967448020372,201.48420101312172,110.38227116116366,73.22208723889159
2.73466957583455,0.46997660974923866,70.32751175054432,100.96254071214283,7.781165998644422,414.6889920596579,51.62477749185948,217.69561579606722,102.16590411909608,61.3164375949311
5.143190013042498,0.24719876641052724,82.39703305676728,92.1437247854628,9.75793740407739,371.8606962626094,40.24595638629911,188.5418994900717,44.226133434868885,87.97452441598631
2.717988741687025,0.5972369583123878,73.0040405212548,101.28853573492829,7.777096770504417,415.24154138221627,50.02666602427452,217.55286964883825,130.01128139998974,63.287961022705765
2.667407022322833,0.11012564893551535,75.07768690750977,100.66420382779575,7.697750150494585,419.0715305733036,49.25751343344435,210.68309576185328,22.794174565381255,64.18757549178571
2.127923837468332,0.08992850854315992,71.9775669610796,101.16154850604342,7.192702935391808,428.2415563234377,52.23887121787274,218.23314523812854,20.487056310440384,57.856491483806906
3.6522343078849975,0.6478360989403136,68.46725359321317,96.93042297095717,8.498441497062197,408.79699364751355,52.09778282374743,213.70793741361334,136.46186795307284,65.42904712651257
3.9769439664191575,0.6014040544270713,79.44138489007797,95.92075217903822,8.792069338104847,393.58707497018366,44.005029154445204,207.52341186178944,124.8117665920198,76.89018135827456
2.229980237999233,0.4885209269851928,75.19213820826155,102.78939181134956,7.3763880826952715,418.2424304611036,49.094017271718656,214.29379120628136,106.26322581198106,61.586565577213975
4.714346658432537,0.22091029904898557,87.18540017695499,91.8435678598754,9.312813189709635,376.5331730341842,38.74380023631053,190.74981571656278,42.81400016143579,88.22968813617133
3.5865109216180966,0.35841781186518495,69.225906207689,97.48015538789582,8.460023644552237,406.12810997953846,51.26203402645625,208.27223534389208,75.62915085991649,65.7428184177619
3.83536594264653,0.44745065046269916,78.71530373717825,96.98715937337178,8.693471458082215,386.573608020956,43.57462486587342,202.5253988473441,90.95985497209163,75.39416513073087
3.5426696142837986,0.18082120628517728,67.69348370695555,97.07146604178149,8.393016838644858,398.33286767052044,51.269791064196994,197.4843780475218,34.047829391130215,63.96073903640222
3.4026707130636407,0.3521942683953534,74.86993769404175,98.15035491213074,8.313012236182173,403.84526623436597,47.58401822919185,206.5402582502217,72.90882432172667,69.10030833376737
3.9587411595787625,0.630466067635336,79.63302233681034,95.64277673415445,8.731717065816438,398.2670603415529,44.433072762513916,207.8575609324519,131.4556284294192,76.54237488436303
2.543340860757494,0.7854610728578433,62.69133345242656,100.51464864077245,7.5794677067184235,429.8692896444353,59.13625039300823,222.56261387029653,173.73604492441825,54.17997260681885
2.636748456733449,0.41611304946828986,72.1394357768721,100.44464452132789,7.661886729772462,416.82096235869307,50.745535127726896,213.72410539987726,88.8068353994658,61.718078522214505
5.0162496735473106,0.6512976708632197,73.20345093804367,91.87457254861081,9.62980343161483,383.4266944274154,46.08302781971494,198.40147801427338,126.31734989747261,78.42154314943568
5.311404117467715,0.1171879858825065,72.86389844948565,91.95698023841206,9.933176113225016,372.55225790454995,44.959537853708404,183.3726217844378,21.154970036971093,80.51924283757617
3.306582606979135,0.6318902482227223,75.89396238967174,97.83899937410473,8.206165770198703,397.8620247289411,46.32013865235092,207.88474043082073,130.9239642897312,68.99645312916641
2.947606356002438,0.3392103170545038,79.14055615931589,98.96104974835312,7.896343096532173,410.37653292323836,46.037017335834825,209.68413097582902,72.5292599052224,68.89199371615958
4.253998401336555,0.561469123341594,74.43840450545808,96.52534852879369,9.070805182654986,385.71399392160924,45.67992445862436,200.78912664500987,112.13367181126931,74.95163147035207
3.4305695988433373,0.45044951635205815,75.14411565641211,98.76159841350754,8.377697017551304,406.9795677887978,47.79890714128858,210.75224313147646,94.66688893008947,69.86942353845708
2.088852244811207,0.7640828019567669,73.07816645906969,101.19980645463342,7.150945413181831,427.6214488509631,51.472181811046624,223.51317280840564,170.70334257641684,58.27654830993143
2.546534090781666,0.32511287033201636,73.06485844072007,100.47531605038215,7.575680241692319,412.8708862570832,49.704639724599296,214.8938482104137,69.27443578444986,61.68622501562405
4.505902800965892,0.6255212595123663,69.96037017259853,94.42331057399754,9.244366203540332,379.62995380561114,47.47726317251415,199.13120777922805,125.28059532011359,72.39349099232908
4.30623379668553,0.4440985073406933,80.7097035646371,95.18718576538583,9.057348852068188,386.46424174570916,42.60450939191153,202.46645940908795,87.92266039627414,80.2747583943738
2.0948359737621924,0.46833890439806725,73.9897800093088,101.47567979924281,7.15937692203952,415.1154621981876,49.42452071575604,211.22301618208738,100.06053268651816,58.93894513735712
2.7769025667653233,0.4632292213681581,75.30669053013128,101.20769341057924,7.834922977910579,410.58803778059644,48.130813096725646,210.57339791063683,97.53187303667576,65.47674359325444
2.80876178805825,0.3308653791011774,69.337966000542,100.82951327714143,7.858449463412839,416.2509759602407,52.46554669140334,214.46109827672646,72.2593997185794,61.181217832862416
4.35162460259555,0.4971802068186657,72.92584753316845,95.15483519654785,9.114915034825088,383.2462777699541,46.215539445245255,198.62771343590117,96.00653550386573,73.9853298369524
2.0689868821402744,0.48747035557563567,71.60211327001444,103.84392870507874,7.252226432277253,431.2845618309758,52.852131464278614,220.80797747437651,105.20111397276017,58.080770697413186
2.3643800369460086,0.5482480496813459,65.16663257709095,102.0865018647457,7.476270659190319,430.36296653411074,57.254522622485474,219.7279442149874,120.1734383167729,55.23193521560437
4.7997062988061625,0.5169010291385725,67.319475932579,93.55989265757991,9.465688803496226,378.6749287932841,48.975361540665496,198.55738717820137,103.14043316347885,71.72372391396587
2.6249063171901676,0.6595989099224473,70.14614792743536,102.0589713072922,7.719477465811289,416.06177064181765,51.91288432458683,219.22807347964326,144.0476655755677,60.69938359725083
4.2846113774815615,0.6847017232094738,77.75413748518982,95.8848358433967,9.077698596479504,392.31783883294133,44.70647767453158,206.91608664745124,142.25964691735317,77.91768861095382
2.833639733663543,0.2898753356344398,70.13468073074655,99.40905496504838,7.798558169456211,415.96842664730167,51.90866461987418,211.3405309765956,62.24371710744433,61.31233882337731
2.348044874657708,0.6737545001181542,67.72362786163568,102.28839908163555,7.471363423625995,416.5108874923307,53.58870898741464,216.13558119267805,146.28832001124087,57.00637124555642
2.8511026684980894,0.2627327145780291,69.34789493600937,99.48972636828982,7.828452771742593,414.97518124792265,52.298196641836824,211.32261826283835,55.62463365231219,60.95166089155559
4.527934261494807,0.617571177627547,73.1568089980672,94.5555537255284,9.2733675595475,381.0052835983439,45.81768927751899,197.13557225629438,121.84085036025415,75.4672452113876
4.994937638372,0.6239477569405738,74.22463035194588,92.89900907131384,9.637416238284148,383.10281257566817,45.48584077778824,199.40745448081353,123.80503885414478,79.42464210765084
4.9057695259844705,0.11773662166749915,86.71453069221414,91.72303280908957,9.490699144928541,378.52986529616646,39.138882501617665,193.55348313589482,22.732958892193746,89.50206993808207
3.390142353664592,0.518595849305882,79.34127396683411,98.0370252731251,8.304097443411464,400.61275681870893,44.84072579571981,204.38364462267987,104.9682788800955,72.57143755797338
4.338297977997262,0.40630077732793685,80.32982813500536,95.0281626958739,9.088796904759718,386.8028707134537,42.821167569957616,200.85100267044663,80.82118904473693,80.22544649181768
2.7174450339553733,0.34824694841292503,79.10383586211336,100.13991022836086,7.739380597850492,407.03024581328236,45.680440339645386,211.72721903573338,74.24772212469588,67.4835533740718
3.026017055913546,0.7701704661398011,68.63711612042601,99.6607082582152,8.014460750928151,408.4870512404785,51.94583313748631,217.42860205110156,166.99420666229085,61.833070620080534
5.13717536482392,0.3692641718725162,70.05278736285251,92.66460444471714,9.746877722360923,384.807726546103,48.069247708002756,198.7392516079922,72.64972326941954,76.43634317737593
2.045506732287576,0.33872461417639,66.92025662107481,102.81625198560887,7.198095035709515,429.53756990027813,55.841931471480855,218.92250847044266,74.60367322936317,54.39386328913167
2.2992798579906384,0.5151389880010186,79.43166649627796,102.13220007839938,7.4150171300418055,424.57741982460954,47.47506520436807,218.72401862345203,113.05316926213145,64.9457371074303
2.7276018930110957,0.6371179492596832,70.53716332720086,101.56013263730595,7.8151218509375,416.64276309240984,51.73298212648765,213.38188905297352,135.73413197713913,61.74719939161055
2.092862713558369,0.4716702827979746,66.25465434507362,103.0535377691259,7.226429818229211,435.54095111253395,57.1166383027047,224.9195431587712,105.93892909776724,54.156713259738716
2.6350240228142905,0.7332741091338504,71.00704782627808,100.93807535188957,7.675297890796059,408.0970353905714,50.37796665121621,214.2431484348353,157.51490169646502,60.96516696032444
4.040645463393923,0.6061951323928181,73.65574689749957,95.09127737440818,8.789322283778764,393.81016764532984,47.0750883532068,204.60194199119337,124.99765842956305,71.9982968441672
3.474985927073743,0.06435773605371392,75.51204948096131,98.37437006435297,8.385293216615787,410.3132241063817,47.983088535111676,206.08181603623854,13.46404478108403,70.24050131752583
5.124350988769412,0.39410660729859837,77.4039762900835,92.32889149882061,9.758214789029381,378.65498088118215,43.322397555972834,195.36382851047935,75.8021417327531,83.36635286275157
4.861052466084543,0.3876315801296602,71.69236013993391,94.01330791566522,9.561600183489569,386.717913568186,47.33832060987862,197.9023158913038,76.4917599275018,76.49504630445529
3.196360730942566,0.5958721906858845,77.26391483969962,98.85024027634367,8.138507135333459,406.29046838916855,46.55881748320691,215.30947862182612,127.88978086402972,69.52649479080901
2.9079820170095236,-0.024963411274822378,70.29361075166064,98.36904974035947,7.831954587130656,412.5579318796557,51.38116570142203,207.3657203289304,-6.229541867245331,61.68505308682522
3.3289234285854343,1.0098019417435444,73.21332643077731,96.98867130488837,8.184050010508747,401.8978469190745,48.297293733762864,217.88850970243698,220.52217294673008,66.7207432534742
4.066032298801828,0.606205218978842,78.31310911107897,96.3574315652014,8.850554949955638,386.1790168981482,43.728391037894234,201.9759811664779,123.01374647088656,76.41452174484071
2.938222742880067,0.5297753607835383,70.31676027173437,99.26006552176123,7.894762443596636,418.01334983041613,52.045594022487776,217.9757767914834,116.2044042134861,62.21282193134011
4.184521177471969,0.7363135432838293,72.17466829506068,95.70359007973651,8.955572795680881,394.58473202046235,48.017806485527345,206.54565995829148,151.09145377970444,72.09078792044332
3.432940782669341,0.968730810562525,77.07786918766887,98.07609337625918,8.34074851241385,402.02101483000365,46.16798947658839,216.87398665394034,210.24996381827702,71.08965674839251
3.9321651329819307,0.6741493289176806,70.42993227655322,96.1039503004081,8.734473723858995,399.6795058864572,49.69288106723558,209.54318766236634,141.25712410901176,68.8654909453656
3.5264428519736084,0.689762619294324,72.30777130434798,97.5803609896218,8.405614777099712,403.6768547315268,49.04480443758562,210.1408995851496,145.25474041206022,67.80228584040714
3.030630158396712,0.5261380048928764,76.41546708029051,98.70048284157534,7.944869102986574,415.3475196151497,48.064025301077315,215.52029653852952,113.52314532620122,67.25664385143826
5.319586574367548,0.4716948493266103,86.65396609642093,91.36882483859384,9.884929294050336,372.4032614549658,38.529537534286014,192.69294540688227,90.87972390508376,93.12479067490227
4.672620279559163,0.40484091119901977,78.63416685928472,93.17823427530742,9.342683295842862,376.3632968370046,42.46255255431211,198.90040074092946,80.39029571433352,80.90282047133401
2.490396115182584,0.3347776016570916,75.35167415316916,100.98580838076039,7.553781029051625,420.1519396950488,49.225975221184136,215.96842236934057,73.40823108449912,63.18913146855324
5.039637915642695,0.36259718006010055,78.70157341713488,92.10234805948325,9.651943952812264,367.13615782593035,41.39003894546576,192.16647154876313,68.81720667816177,83.59458274962861
3.7060091938732977,0.22988880713140336,69.0812596623127,96.84761320552448,8.535035201215042,402.3318958012271,50.875757103419545,206.87685422030205,47.38550236903742,66.19502220255208
5.13093279412932,0.48482570986299534,76.73510304635472,92.77947398575304,9.782500511446893,376.6774699510282,43.42849166267971,195.68668182305402,95.95530509240224,82.93883957221433
4.799493395815603,0.1630664845547226,75.61055963329672,93.09794045128163,9.461630440929685,373.95457060412184,43.68089312882833,188.53584416452168,29.932821396434157,79.1886576338348
3.4882472656423174,0.5381833048287421,75.79381942063456,98.61009643952396,8.41758019727787,399.2485546088846,46.53581776694511,204.2165737144728,109.14586261471341,70.69840985052933
2.078642579120411,0.49273387839153165,73.07691135732385,103.95503493413975,7.256143962682301,425.69398808952343,51.240950239298385,218.49611511930522,108.39437916066964,59.12788430296041
2.9403707578473113,0.5293870596773376,75.42694329650234,100.39265806837933,7.969539610772903,411.6080050478079,48.18245733306724,215.07031533457246,112.43152801820007,66.69708018298284
3.895719751313034,0.3955736859960015,73.11752772707963,96.7925556984592,8.729425872936162,394.77145293432073,47.49557208084577,202.715070986859,80.8493789602394,71.06067600143997
4.217173769391516,1.1153720740361006,75.35365311012879,95.50135757471651,8.995703306337887,384.0830318671674,44.999015024184,209.52373769560208,233.20729129409264,75.11241268664644
2.9026068990162077,0.7720231800360626,67.34398544853448,100.53316282068332,7.92994897865674,414.1933902378551,53.552113695183685,214.6164925167738,166.098907656506,60.20907769469321
2.4877462592548847,0.25109149998305547,71.3857591210913,101.3643766834849,7.571349043273513,411.75749765138835,50.59331043883825,210.55215102363476,51.64712085812765,60.42565808215144
4.922255828797547,0.5465736174853797,82.86087473544028,93.55976047597434,9.598990182736289,373.7126392676874,40.24435913751524,197.24788701052296,108.99556741124734,86.97586847050992
5.445407632462432,0.3783987714125353,78.1285308570962,91.43235793061324,10.016874393092236,366.2042317268322,41.553425226235355,185.22658085499162,68.87227197858392,86.20273860269563
3.8399156380594004,0.2971040546585172,74.5032935787559,96.27242289816779,8.669322936872577,396.140895463849,46.87875213936498,203.27013636451585,61.117332058434016,71.72854758790581
2.6008775004690623,0.231985585775213,82.60166938183461,101.61360945244053,7.674975750653587,410.663207346816,44.34727905967693,211.49845676725312,47.88913099992879,69.50428390476608
2.953075642817791,0.5864433381518508,66.73951587987595,99.73741925491979,7.948089834077858,406.8039927757114,53.01101891397141,215.5588197588124,128.22133469852014,59.86398228466913
2.0643673679161334,0.3637239529860852,66.92996306426826,102.68980860620368,7.196871640997533,427.4588653513945,55.564678354816046,218.1782938287726,79.28528970530564,54.38670695594091
5.200045822961746,0.6935652048050408,84.80361204393546,91.4188802913147,9.76096441790743,375.5133674494638,39.60960551539293,199.72002248603056,140.46971539418814,90.25875951278245
2.412128790115494,0.6987564429060878,73.12435922838326,101.69036431289543,7.496658615627474,427.1243880160413,51.38378111794182,226.90312029162277,157.73112973185584,61.12589918157623
4.0178076642998874,0.77478287704229,73.6084540157109,96.73484326728078,8.861466878800007,405.52395221131184,48.502744965851136,215.18648204285103,166.2801509617204,72.59268296252208
2.959193272405221,0.3295226467851793,67.55501030140805,100.35397555105615,7.990429148357794,421.6276649542692,54.364980845939535,218.32682735690594,73.1543532185907,60.85048585457441
3.939623008805277,0.595073122138402,76.96602894254139,96.4940345071487,8.77907167401617,387.64746530931956,44.574585044631505,202.67810618005922,119.18209741189128,74.67286600346335
4.279971359231524,0.6264908433284602,77.85826497871514,95.49981515526969,9.052014476252754,385.7742164770956,43.908699605046216,203.07309917601629,126.52417050423652,77.75851500548342
4.904096312975206,0.40516436497920705,70.41244377139577,93.85302033780484,9.586874837545125,379.98359756635034,47.254327781232995,194.82604580493887,79.43163955965728,75.49281810958085
2.7224744511621113,0.345645608521425,72.56559141364238,100.35136638799592,7.736855381566133,415.8088566320519,50.36103412000116,212.75991212849982,72.5207487199239,62.63606341375743
2.0384854003046815,0.8219041331551946,70.76860332020028,101.97296509610945,7.125318347576853,429.53385836986394,53.18079559541389,227.9629235220126,187.88548647090272,56.48801292625036
2.4790997052408255,0.5454991751464108,74.25480537838285,102.36405491339998,7.59512858891666,430.43346317805145,51.08711144070688,222.00598056613035,121.27448366141591,62.764039152593455
5.150065246468368,0.6271935501423476,70.58382708465882,91.55094903573612,9.724196045418978,371.8722905287949,46.14726105501513,194.89687577025117,120.72441780225374,76.69923927800146
5.0586152714688035,0.3355847976344145,82.33007559832835,91.74257605118406,9.653018976069573,370.4399345582057,40.121264079730985,191.77548660551267,65.3247066517358,86.95899306137585
4.090945857596079,0.25614310669556123,79.48825393710331,94.24473129414608,8.78112307050424,400.8013666655193,44.78815364385386,208.34794499954526,52.10445681262488,76.86455660324798
4.101809011517787,0.3861100451015779,73.10629302015725,96.10069490221919,8.899507677167879,389.68742253315526,46.890242407832744,196.53648495980414,76.6559901689085,72.41613393801408
4.327628360911894,0.4751957225220006,74.11106047490242,93.55613863716658,8.998180109725803,392.3598768672016,46.6478337868866,207.26102760607804,98.61802916216685,74.09622976087051
2.6137994751820735,0.2871559986365302,72.45444861883041,100.25149479070936,7.638245487241622,423.4265976569764,51.35278990396123,215.50089527919062,61.42736232625656,61.77772578432841
5.20044181073736,0.4980310382699234,72.34898740785232,92.26904309803128,9.802755521864913,377.437789683221,45.833932093648386,198.11916015371415,97.56408850755861,79.00106208420341
3.465696837122256,0.16229896238629998,71.94168911337152,98.4475980719988,8.390343314318686,404.37528623379006,49.34915189194003,206.94431295267302,33.91611658937272,67.3863878900911
3.340984848873241,0.27599051550602555,72.65782998027484,97.78518971036907,8.228963050247497,411.05066085141,49.72918608551683,212.79418170617646,57.85665111229299,66.67800059366174
3.8162119684899314,0.6341822496553751,82.64379621572355,96.53593544869132,8.653439166192861,389.4083554073285,42.03285824995564,202.76098771903528,129.79537281005625,78.30577961499918
2.1643808837126928,0.6207581040555789,77.33034860210742,101.72659128588064,7.256668766651831,421.45266957864044,48.259588599474576,219.58716373391832,137.5549620437125,62.08623561232861
2.5819917906462777,0.4216246469226267,77.77166368545865,100.52431130248908,7.609419793088936,419.38112660636364,47.78092484486466,215.9077408091154,92.67405900749128,65.41997831724903
4.583117657492297,0.2964471381846094,77.3493692540127,94.17206040689928,9.286174009091381,372.989575820496,42.7008894289596,190.22662729802244,56.67303670608435,79.25802311819832
2.2897953377379427,0.2945192896947978,67.16111936062936,101.58439897488003,7.3504918614508465,433.2086341434548,56.143383835420984,223.65962836682763,65.46776507450215,55.72467582166317
4.1110323831323585,0.42534635081173716,74.72578333687193,95.4160146268962,8.884303971034042,393.9405691205593,46.49594888420699,203.19682442043276,86.13212518309369,73.68813224727369
2.8587218838846233,0.6289036983290583,78.28290855872845,98.82270806110976,7.80516218492541,413.3487516419061,46.820925860970476,212.87083596627218,133.50516842278464,67.46531957330149
3.3625346491469177,0.685649138268865,67.74371843213987,99.1374936598307,8.303660656013706,398.6767351186647,51.28089357684344,208.3570769887378,143.1078558278767,63.32095902314778
3.0104280786974495,0.4006936529036062,76.79527972880327,99.87155499909578,7.991668887008954,403.0154647413009,46.4328781473538,204.36133711081078,82.32289793478466,67.90155428795521
3.244854507627322,0.2693015148030432,85.50687153546662,99.27733352077414,8.211244483399746,399.5794433963141,41.837769049730596,203.37256684681603,56.00010468724762,76.59232899031093
4.516660668144859,0.5535687275732667,80.72907603172249,95.22402792118648,9.28125348106626,386.1204492174638,42.557520268635905,202.70885487146674,112.23340627462785,82.27469656923802
3.0399260046811127,0.33529300587483013,80.71805688342727,98.70008868317953,7.965023965739169,398.0292178708528,43.875412629518785,202.73505067894146,66.57241720779476,70.64697734545948
3.9824162410391404,0.3963494722277595,75.87059324145777,95.77482756994058,8.76541697240049,398.28524725929395,46.38203047454951,204.2817997837942,80.55956260358178,73.68059644591524
3.666176407696849,0.7650552180874075,79.23907143306117,95.65251507899525,8.430437273260907,397.8954693410156,44.587585118417515,209.87403235714254,162.12107537593383,73.58215590671723
4.322849078769268,0.6654230857131536,71.59815282275294,97.38236655238936,9.205740045426868,386.12882059865325,47.320779606053115,203.32724157269442,133.74206192637408,73.56258685100326
5.278904087636652,0.5315948624502903,80.31400396687012,91.40416744101782,9.836113715613859,372.4200888094288,41.23613974041541,195.2161328987398,104.51504327678455,86.73061425647526
4.564002340235876,0.2456161997774554,78.74874347858687,94.85697412910636,9.31227364060368,383.60161598572375,43.223329249532235,197.09956184539445,48.02027224468389,80.77644260748674
2.752291325067649,0.5422793134941318,74.7523054602695,99.37645144679487,7.720764290445859,412.121649057292,48.626600399736375,218.70604819693105,117.71630136284676,64.11670526958166
2.1091409727144965,0.7125314581575053,79.11100626584988,103.41511733601368,7.292792775711429,425.62429242177575,47.76338078283919,223.7471099452506,159.8224655569292,63.654113293825816
2.9179241550493877,0.42487326684689286,70.80758479682233,101.27333815864687,7.973668522053984,400.6066049407092,49.575371661951046,208.14798758101742,89.99746849677612,63.15928426376338
4.082772757450892,0.770222817997343,73.96403972657275,95.6620707496995,8.86648882203927,390.83251323574723,46.547607107576724,203.7944853924772,157.30760700809532,72.88089392288407
2.179990347194876,0.7585490579036414,73.09329862342534,101.56132858754626,7.241072507479816,426.70963921691805,51.35307495141633,223.97468950588257,169.63324550890658,59.019177767067646
3.737281865204327,0.8327465664286947,69.3366833827982,96.80847635102842,8.558320414386351,399.37417178308135,50.339156460083856,211.63745060104696,174.94431107613798,66.57632035709929
4.088949971209113,0.5610486253062705,76.04139968445217,93.90726588080233,8.790276601087882,384.6433565846316,44.70445134496543,198.70277789393566,111.38307122082706,73.9779473913811
3.1698536178593626,0.6174783399612025,65.209172276662,98.87520297667476,8.095763508302404,415.7911978170894,55.2846395234312,216.08578854522767,132.0961441798252,59.805787775537176
4.698192713110377,0.782837457666218,80.8726039278735,94.21309921556409,9.406565498544236,373.2777093973306,41.077034580587664,198.16644712834733,154.8221934432822,83.4484002399846
2.3730938859682014,0.5894787874137951,73.08089949599167,101.66556528361248,7.466485104628554,421.1003680713908,50.68558123780391,218.3830390985727,128.66911143117443,60.83204542660636
2.262982236075331,0.39975317844195746,70.11111416377159,101.85225052998517,7.363061611135537,425.4594950971187,53.10867281502908,223.92971360086503,87.15607326883256,57.896161788181516
4.548660646712612,0.4102914326944277,71.28652471457953,94.50174222939549,9.267101903302903,386.24248781693694,47.516176779994694,200.30016608204036,83.56976431532004,73.77639236117022
3.7342196067216946,0.5477109907547478,73.3081683799701,97.41345125403372,8.589007138059298,404.7416445161451,48.58366861099514,214.58853259711242,116.2939763202515,70.11036035054808
4.409408387497076,0.24188771561075623,78.73258861885856,93.23914619375608,9.076460645801436,386.7114388364594,43.581669920342065,199.96933751005906,48.1841670413338,78.73126247069575
3.521895685113112,0.47134821692716145,76.96496971582354,97.74442347192715,8.422539426538073,402.9005006063939,46.32905662164393,207.2419812902036,98.21697159940213,71.69898564547833
2.8624071163368736,0.7193094236460508,69.90719880321194,101.93036319220434,7.952302895160434,412.71154240975034,51.648856247124634,217.22053349440554,157.5573264701277,62.337673171208344
4.866858111859699,0.06174922976694375,71.61003137109347,91.89798361197263,9.45372416387426,385.3462845949088,47.21800471349894,192.7297315018094,11.108759467053773,75.55180899292142
4.797955576391427,0.8068964203589031,79.04204022326795,93.13882041636356,9.449647577580913,386.3577088443122,43.3904825041679,204.95865520896697,162.8712199487172,82.24610280182408
4.431437647990494,0.7244748437406319,71.70598815451345,96.04336512967464,9.239321991582297,387.21887405390964,47.391737472367815,202.52369234468682,147.80198408120407,73.9307998735299
2.9525079803048695,0.40804707683390473,73.84255844676336,100.54956219416789,7.992271266077414,414.5268030876614,49.44109659426354,212.50103703799883,85.46093210110254,65.68078176383702
4.065807334041805,0.6086781655743619,75.49774201347155,95.35895698623284,8.821359115239641,400.6503655642295,46.860929438475765,210.17439302879666,128.28800724305665,73.84479983484975
3.263408639290094,0.5006295453812654,75.47640102578181,98.74297806618276,8.185574724505985,412.88386633443895,48.303843093475926,214.61762046182287,107.86551146274698,68.54824144267782
2.3205372566432194,0.7459980736877366,77.07599685888123,101.87643025776087,7.437758732750588,418.4879795833797,48.06008483159805,220.94076822743844,161.56935806408617,63.44490914317981
5.2105975141178495,0.6965366285539882,69.9379023326048,91.1644512571302,9.76704684909546,381.86606386377474,47.770338315222524,201.26173171043007,138.57133129097582,76.4748382865539
2.478865208216365,0.21998585536339815,63.4188416235572,101.26457008524827,7.544622640435682,424.9838663420994,57.884850393191016,217.51320585197456,47.389017435464396,54.45106641886368
5.325830738372808,0.6174524826928354,73.55376047990562,91.13561950944995,9.87569240543913,378.6507976879247,45.318223322693996,198.0731000321978,119.71659945060763,80.73364086070066
3.561020205352845,0.45887442927135047,83.28086628558434,97.62662843172645,8.447251250033695,400.58580140290707,42.944048158439294,209.95912182004702,95.0068209192306,77.00357735468667
2.6479652509351688,0.51656651410362,83.28842880155909,100.13341507717408,7.664236613540888,414.77823658873956,44.46191686549314,211.44242089188896,109.34695285388017,69.92574811064028
3.8966533158242536,0.35436561980603687,83.83186965681854,95.34041883441938,8.666672219260953,395.3036681537853,42.1289344014536,204.28094042193473,72.30165841508772,79.43547334303939
5.055310425567429,0.8496274138241671,75.10146567187748,92.27338889180011,9.686388450927579,377.5078344928921,44.35973358536912,202.47507067830327,172.33102509491653,80.61527789365373
4.5627871024334645,0.7080123639805151,66.564769112996,95.4023397160259,9.329636642335348,388.2530247337772,50.70909626342432,203.3975647120932,144.45721159841776,70.0507242981141
4.8229640175150745,0.35204576720540653,64.07236131275889,93.18538827970748,9.479604606770096,383.98480153658494,51.839146846590936,196.562625222663,67.51721063344158,68.88877491046694
4.305741783487511,0.23307787861795348,72.09669933243796,94.66462873464847,9.041287283732707,389.07695288933303,47.392520777702124,198.96422650215388,45.08931157057138,72.69215263059156
4.422967975812483,0.42286547380443035,74.31719342022818,95.12288072868711,9.183761628701902,395.41376470473404,46.89598273676315,205.88173495373098,87.82164358839965,75.81816996456749
4.972184780478617,0.5869005292182612,82.46974874185413,92.47069757824853,9.59799913201167,377.4397574185808,40.817647128281,194.02446031090213,115.39738867875866,86.63008832078093
2.8738380310071507,0.5480411687892446,77.78763293492082,101.43599323144227,7.932793542309714,407.36255136868044,46.4031820599,213.1583853514874,115.85216259639513,68.17101461232778
3.712987372750992,0.7506265649536488,75.5926102422593,97.00141418793547,8.56618323380972,397.0522040697536,46.38860795878832,208.87019813806643,157.04242494366176,71.77298679900883
2.774233046368608,0.6579839444361705,68.87985580093662,100.8505819882364,7.813020409932394,421.4689417482172,53.43175864974295,222.85480958924828,147.4419695434192,60.496767433528056
5.4568380279882645,0.6939138051505813,71.74430784236147,90.29738339612645,9.96589742765384,368.3033947595355,45.05554019367127,190.8818540293941,132.69310928092398,79.69668445957366
5.304207688903146,0.5653710801220875,77.63568766204095,91.83774449150832,9.896419734026095,363.6071918456067,41.49076723718135,195.17476005487708,110.09739859937413,84.68685370467733
2.137993839789771,0.22214025395780196,76.05084750194636,102.7370963422908,7.265233430031019,417.23274669559083,48.4867678596836,210.17619729113426,46.04794384768866,61.254622811324005
4.46951310380491,0.4608602937706197,77.32282203579382,94.31149923695546,9.17373415241395,376.95131013637956,43.16755933309924,198.24848184832845,93.35012278896556,78.29391435274121
5.23836911095483,0.7120179479817331,71.11305313511252,91.26430190272231,9.775429516490906,369.5521141248146,45.56012871433161,195.31795704266762,139.16610001903146,77.58850209504168
2.632013707945667,0.4896954142950708,76.41175459349523,100.27752788966826,7.663362475714179,410.2637189493143,47.477767449499,210.83995721468295,103.63630222941644,64.85446327985997
3.987808306934203,0.6006180737247494,76.9149248038281,96.26855305691402,8.806793272970934,400.02435151709074,46.02481707485433,209.55167487517943,126.18484339007215,74.91643747082429
5.204209041558146,0.43625033695077337,70.89171881891887,92.28841964230367,9.817462382460265,375.0631687599308,46.36607729890534,196.13359032413973,84.75092645927009,77.73851583931068
2.118810925050296,0.294037630291631,68.62096825855909,102.48243152528865,7.236260268945862,426.0100896219755,54.18530184224713,214.31019966387268,63.06608427980572,55.86124897013048
4.440970935363939,0.47533118719077794,78.77164499524457,94.68641606952285,9.146531416019618,378.3436483664169,42.61987579329914,197.70496968964414,93.65309526821721,79.33383584660544
3.040721525803928,0.5618094886065308,72.47632815523525,99.32714291718003,7.999793382900715,410.2979690925349,49.74736124531156,213.55176987805123,119.63526303503862,64.67920494028263
5.235386683817856,0.3688624561077113,84.22820052876372,91.75496742656182,9.830293718517588,361.0162051053218,38.312968206913744,187.19512755940923,69.36621366397877,90.27289200477563
5.398703858078787,0.4528577510286663,78.98409101001744,90.94418051058247,9.955334626643848,367.4525852066842,41.29418877418414,190.54110958345007,85.37237539123252,86.49210568121288
5.304932711897019,0.31210735160280345,73.93276331333007,91.44711357185508,9.883711310425808,383.07514041537013,45.640715888896594,195.0754428042178,59.67969139556484,81.17808712639639
3.659749758301123,0.7238489835128192,74.34067170800668,99.34930821140001,8.62879908842865,401.00676744175615,47.54607229476067,209.13487197082662,151.88478955357186,71.27676176036569
5.017149278462597,0.4411088484823932,76.3374960973437,92.68928496442685,9.664652268143252,375.12296539642483,43.448441563962156,195.52340564954235,85.71549372479681,81.56490735753046
4.955922894872746,0.7905511090252366,72.30515590763875,93.17050743469022,9.611162894386373,382.3452977762488,46.454598567957184,204.36545950790062,161.2163249401462,77.43786797748866
3.1168516563513946,0.8057495701081817,69.17728099673354,99.4414380870326,8.099775449864369,407.72586271338133,51.495309965266685,217.273719403695,173.13940945265628,62.91015207388421
4.901204159527371,0.48379080705565125,79.38839446048034,92.63553198301655,9.529134934240998,373.6585548165919,41.80168545054142,194.94133215301184,95.273907192986,83.18931253992828
2.129526721504224,0.2983102534905301,76.78179855101554,103.58184784536854,7.299807700683874,431.8117747135805,49.758334342395045,222.26993890282714,66.82941802934269,62.100992066388415
4.086944574687186,0.08282042445333254,77.92324083738941,95.46276297225378,8.85002559349565,386.11881852552983,43.915444295284956,197.1138541891042,17.03312185488574,76.07987585775615
2.8050309305069607,0.2055925853946417,80.94262758822737,101.02643538237967,7.845707735414216,408.938188078038,44.96661234923187,203.80014712512562,42.28712477166068,69.79869391144615
2.4219841002204756,0.22523303502026798,70.19751474020656,101.25569005077519,7.49135928304726,423.6239748547897,52.82258137637878,210.50688806496072,45.89714833785266,58.96260111267306
2.269336205702232,0.775693925492301,81.09455727719833,101.28934526472695,7.326376013227609,416.35348579578124,45.70563799205134,223.24804650003443,173.40115251277862,65.31036342715292
4.437010715573489,0.5231649174453892,70.81980726591743,94.76277946208174,9.164819400227227,391.62871385724554,48.457021503242245,200.97973766113324,104.5364143593378,72.57223191674865
3.1895623731882314,0.5779209048183975,68.76404703098342,97.95279700895951,8.094339575832821,409.0746170477389,51.936718905114304,211.03363552256616,120.99789248308382,62.549945117929646
4.536683700350665,0.055915798212974765,66.64422602967454,94.55011922878596,9.267469365694685,391.3124739120708,51.055701672891225,195.91974530548018,11.455057185884362,69.66530558328557
2.2287471927962983,0.2604067141565477,70.44552006222146,101.24405790033991,7.300576007641752,428.74019272102896,53.29572018297789,214.9682539154365,57.63768556684192,57.648196836555435
3.1035161824071364,0.6774159552892574,71.20560773474129,98.88248693719673,8.052766524379702,409.24736576538027,50.39644147509982,214.0217488174137,146.47508684678212,64.12065490609201
3.8882195233136803,0.5573548224765172,77.29554982924967,95.24584791118232,8.642980803070824,404.7754573698386,46.368395429272226,208.8518403338217,117.02672541166174,73.85655511226757
4.767531076936372,0.47055894426288053,76.94049200042589,95.57297483824487,9.546940843013301,374.9583073223965,43.128155672337314,194.07085608574744,91.29154899244354,81.12065242842985
3.1156337602622446,0.6129684717200246,67.77389365721902,97.7721141913891,8.005490799739396,419.52497889506816,53.94161963191457,219.51669913314868,134.34127326375167,61.128583054265114
4.190619817529532,0.8271595612271629,73.06511258890636,95.34068163096376,8.94846231249298,397.6793749277181,47.87561980393072,210.56000443140735,173.26221729102915,72.80969352966152
5.100922118826655,0.4557915072925899,74.26379643715356,93.06141600357073,9.742946669264253,384.28995907815573,45.60558333788943,198.19375757767241,90.06529831860279,80.3362238744541
4.1555211586380665,0.5138739605316139,66.1067141555562,96.28478467163639,8.962953176128709,395.1685310119185,51.922952580008214,205.80836650751675,106.66808436734773,66.92515945297701
2.815358161637718,0.5385193837462611,68.47369615889842,100.8273201320065,7.877089991804764,411.1257931407054,52.39026747360444,215.72927092244652,117.99753316521102,60.656651928603154
2.0854027354478832,0.9784219270547985,68.64841512946701,102.44730771535522,7.203640680273429,438.85180326939235,55.79919220838422,237.30815923436148,231.37102515694687,55.65802223109957
5.045346058653255,0.08012874711619489,83.22254036948864,93.4221599517832,9.728782724156282,370.4618220291971,39.739511555989274,185.99576571333705,12.908594190855318,88.46798688697713
2.074442937976355,0.6366446029577616,73.4465851053584,103.47016258972451,7.243264462367784,421.6883638469733,50.53392698030194,224.04362927169953,142.1052934067848,59.269698992942956
5.061455854394698,0.4770395502481873,79.38459079501114,92.45474420374694,9.693081452777445,373.43560089692255,41.77852106000414,195.62680737170658,94.22567831795881,84.61586813119271
3.851279969095242,0.613354345236836,67.12835847716823,96.71298471434793,8.695954121368217,394.321120600983,51.12530959902526,203.89685857109768,127.13330147538244,65.78375073856202
5.286736944795137,0.3685254892010551,82.31515674882412,91.25328257512471,9.858926978630894,372.5261418534692,40.35373550489197,189.26853675352305,71.06032130411677,88.81200175326316
4.795741325207828,0.49020699382830996,82.26039990536985,92.48718374110616,9.423978785683227,375.5879224153949,40.70954849541406,193.99249041391676,96.38176076345175,84.86144637577866
5.492769386866681,0.642282115893099,66.59959842851688,91.76502792634959,10.094794448971973,370.0268507996294,48.30663063396347,197.53686510493065,126.02483533280979,75.75745800098726
3.2274913540809855,1.1225820402087683,70.34640600531795,99.75354665559779,8.218952226554402,412.3212873751096,51.31795034463881,221.99663965955526,248.3880512949653,64.77411558755189
4.6851590112589445,0.6616072378804143,78.10101867858828,92.89465614776977,9.347027115940834,384.9375162606289,43.692742948292675,198.6081530495081,130.07678192234943,80.50571893950992
3.4067581976323478,0.3303868803938983,77.31005210484972,97.95331817616983,8.288224908408955,403.38940385272934,46.20194286086363,206.19273671449773,67.45789530685789,70.83145104123493
3.679564671063681,0.41524806359545935,71.02300395284031,97.00678507810997,8.533386787445847,401.77743031368186,49.58806890787925,203.156292175652,85.27435471658403,67.77333646745932
4.1962691212642955,0.40931717832322917,73.5080256302489,95.28693335258271,8.963449024818788,391.3890864046824,46.86843970394513,199.7243295833159,83.37508621447644,73.28829071004031
5.057869899652186,0.14087136547399698,73.0825385743569,92.34889125408742,9.665949263898503,375.2922239602004,45.171010708143285,188.58512564962496,26.911761429630822,78.56781864415913
5.444292142197533,0.43398196165971253,77.08524080536763,91.70246667162557,10.035211317996449,368.44904401368507,42.30901133260404,191.0335892535876,82.6500108471578,85.37401115429219
4.688956948525814,0.6465658163643491,81.61264099554054,92.99087683337025,9.32359996343856,383.3371524604772,41.84325965225007,203.4153881289176,130.45471166897113,83.42227668191539
3.462183737585668,0.24515357618464095,70.29940969939678,97.20527932524003,8.315905860590068,404.93130826354576,50.42768181975661,207.531229661286,50.764507965447,65.47778395548066
3.4747495079697455,0.7096965302101185,79.17380189840576,98.82767251582027,8.396142255631782,402.50647227915346,45.13730083390663,209.54003449583354,148.91296174945214,73.24879303699238
4.58153805556112,0.5975549642168676,71.5894853049389,93.59450101203105,9.2768493713323,381.64387455926317,46.77611007507616,199.04183721855327,117.47536584401898,74.10508583085559
2.8357200101890583,0.35315333560579243,69.16472794974246,99.06455168147664,7.786632099323438,413.5819985779058,52.24321604950974,212.24105050044489,75.87510786521634,60.48490502216225
2.386659395959881,0.4716940725324305,76.95696436686792,101.25858816046052,7.471257644331071,416.12045885026157,47.85360918243031,214.61122626422423,100.80692933144218,63.63794223550772
3.2411775517427177,0.8196643615282067,78.49909495212935,98.39183638070529,8.168798870043178,402.39872775932264,45.469247790272526,212.95573885084784,175.4136455600489,70.7374108456144
3.005336470789286,0.6467095627011732,77.86345344876042,100.72529253441812,8.046082079643702,414.36888226115224,47.16055037636335,213.43959792178518,138.02250907306095,69.22773954758956
3.0370784215959654,0.5017567309796296,67.06550706482446,100.11008649431551,8.03672046936893,416.06958175224344,53.989079887875405,213.25567353853688,107.29968631044267,60.80907211337628
2.817627128674685,0.45246333660780313,71.05139766404938,101.0563215429444,7.859979705465031,408.99523123165795,50.46121880919385,210.47868596666748,94.53193932722306,62.468287605704454
2.1473261637272665,0.515321814090332,76.69173435648932,103.140337340832,7.309572746507837,425.3193428092898,49.061118221526556,214.20304726610956,110.03888761503325,62.10214208568285
2.0625587715669482,0.3976472884115393,72.68277972869981,103.53803923680793,7.238745593314615,424.1990646789849,51.304402932614785,219.34553030568523,87.8641974746088,58.70766011972666
5.457028364076111,0.07905009885619707,71.17996980590402,90.34993502446936,9.961132412144725,368.8934409073861,45.44143608200226,182.88711373711388,14.325746185705036,79.12322961679898
3.497205968075518,0.9084355821069462,76.48823685731783,97.60089738745289,8.362082253283079,394.7343628627987,45.64023700864702,212.36739142953382,191.81712083812508,70.77153595604692
3.345143265058886,0.5310649998398803,70.4401356231133,97.50006632187505,8.210559543861205,412.4723483426318,51.27693347947486,215.39998117785592,114.50296502478055,64.7824681146056
4.378765489425744,0.5796294530245074,84.22714282927195,94.50593036258026,9.122271679807419,377.0443935238072,40.01441433992809,196.12925247104644,114.06796634873658,83.86079500162431
2.7638886075277247,0.48841845002461826,81.04087364112456,100.87367386640076,7.8297050800278765,410.72973305294323,45.11487166434772,214.69223992824396,106.2325395837384,69.73656352793
5.324864143825788,0.35297663985508243,79.41032410436878,91.47064212445954,9.900446141521854,365.49539129919106,40.878432659806464,189.52873993727164,68.05177104768538,86.40646764235467
4.7522075504544325,0.4628151038102459,82.50768258439419,94.41645822857771,9.474519889845732,381.3857489046773,41.227467627539085,197.01717806782307,91.11789017350736,85.57100547854137
2.312938508092908,0.18012104756113773,73.09948296032839,100.99158258789305,7.359154433769266,421.9053590089136,50.771117217459796,212.81097598749045,37.78440076271066,59.97295133384421
3.461532715247249,0.9554172996106609,77.98102673017178,98.28482617719322,8.366429170623816,400.80669261785323,45.55603719505157,216.92907137441526,207.02948618023046,72.02762535071786
5.076914076467577,0.25309760031552075,83.48089836827147,91.23215849086802,9.652273791587051,373.0584935063003,39.9074570332671,190.7897384366983,47.76469145577629,88.02460433244451
5.306562078019936,0.2936067432305641,77.5953679025955,91.50237390226914,9.900416537072365,372.46637377219344,42.52124087044985,192.72668237129147,57.09201477037021,84.73040227355733
3.635905289374544,0.4119481591227199,73.08715048967804,97.86659822523428,8.520301009777866,400.4241434284881,48.19326948494075,201.61334595237938,84.09591184227041,69.35367925967186
4.146939862237478,0.7576151449704756,66.4532180437994,95.31410842870945,8.911816899888706,394.9660088399005,51.661135913680944,209.0442017885463,159.61488760256094,66.83989419124141
2.5846188113222635,0.5029017998525308,72.68587494497925,101.39473544364165,7.649856920497244,415.3365017357895,50.2306472553096,212.05695969174397,106.23162024773595,62.01883018000226
5.469090191479418,0.2527728407939075,80.68002415258687,90.09039846195569,9.969407723828551,360.46618899568375,39.751443866967755,183.97311009477696,45.99137926893295,88.18422288260403
2.810850954842052,0.750867672151468,78.10118828364861,98.83106967549571,7.764263521171137,407.8814994654085,46.29693508244207,216.63140523166805,162.24112453664532,66.95781537936264
5.299561209472939,0.6462001253570963,78.88129877995956,91.89715946483496,9.881299567261026,374.4138878361989,42.12515939524271,200.3782260899541,127.55239786807475,85.7897301652751
4.27376327147329,0.6076869914432905,72.42202045095674,96.43703673710408,9.100279805237857,387.4964983982287,47.013710204883814,200.98722061388935,120.9345070548564,73.44415884392738
4.127078782076007,0.6431468482341681,65.06838669375325,94.75838831059806,8.87228057867897,393.2069848603069,52.37983686320879,205.199285543062,131.93872075098474,65.355064761944
3.79440978855778,0.9788723801164902,72.07721625624566,97.69732108413321,8.677854331028422,390.583386154843,47.58730911821362,209.7837129650178,205.73075416018557,69.75948639026356
2.8073443410121555,0.9370189790072225,71.84708885394483,100.20903353351058,7.826726695957554,406.12839483881925,49.62038363558057,215.1704199015942,202.10994022662967,62.79399170015635
2.6178481120192787,0.36265693139934096,71.57677289847305,99.76897839057806,7.607773549953556,415.6977854408987,50.95786100269721,215.245866149018,77.27991089212563,60.86729814930923
2.7717017317456136,0.8247769985622304,76.41882386298435,99.39383969780862,7.753565015847606,418.8014344080804,48.461829921694296,221.63218309174243,182.3060166073827,65.65070794093371
2.6525339175048908,0.57663363795178,83.11142275608006,100.7287591074214,7.6737498198267025,410.49508353292237,44.08643659202571,214.14096038248996,123.21137721320372,69.8666120324454
4.728545657483636,0.5998191632275499,76.29190079818582,93.126520368468,9.381383923296967,383.8579888409936,44.48366362200515,202.16662812245838,120.88229181411268,79.17390286036171
3.2254384070835553,0.16154583367133424,72.78686714271797,97.66063519380096,8.107752035345094,405.7149132890211,49.00715865834142,205.13722111682975,33.82708112300375,65.77930044902135
2.2024493679718873,0.4659228469223608,71.34683017654581,100.93619578711808,7.222537083483078,430.20485973986433,52.88526409771557,220.45619431741585,101.40740356807764,57.662713637837264
5.39185920549284,0.337435281932687,77.09215488112999,90.45111731843386,9.903555544078747,369.3332731569297,42.40718049301041,189.60212533085823,62.82915101101186,84.26515022266975
5.0932505973719895,0.6656117629786619,71.9704319151044,92.32867011586292,9.701548110621546,371.0214437937748,45.26283869993955,193.78253562254054,128.6854998745471,77.80504802966786
5.247132991183245,0.714216100080561,76.89755238315017,91.62991392877612,9.838110747570285,371.13399875583707,42.709373115531115,196.49620265735993,138.9751478392415,83.53488329145466
5.482177379262524,0.08510272979673772,78.83267453677402,90.4113888065811,9.995678386128432,377.72336455412375,42.52076913408228,192.13209866561652,14.450495799063454,86.75401069721883
2.608633372268206,0.4955930271991459,74.17879036459429,101.03129295249447,7.65201723001987,426.2375608315192,50.63479280058594,218.20271923920214,106.64626901122175,63.166267988344
3.3868470661593055,0.7243723009588504,76.35192614941506,98.97805664433258,8.343924756182497,405.0134009304809,46.90264815050966,210.30754297673903,152.098244226614,70.5472760501979
4.65383466496432,0.462664207537311,77.75333964469986,94.0268798809722,9.338999552555029,381.4333790139509,43.46653706381063,197.75515249187447,92.12476173039867,80.10981720544109
4.436072163188273,0.6458127290004729,66.46380318459371,94.37670049172938,9.134194747100308,392.25009279463177,51.29879452212026,204.27663809883518,132.57581965604354,68.50805587189811
2.5386356721894927,0.5702330935254168,76.2307135986044,101.85723275266533,7.627881386822065,418.5343485177834,48.53657485267027,217.88416121059691,125.8326747098484,64.44794328836011
4.855415937467162,0.5683320463905253,72.47142489664833,92.23816397709189,9.452847068640974,381.75505490668564,46.28937300223611,200.04331519042012,113.79269180648717,76.3104249985065
2.785542001428312,0.4457370043863405,67.86345458669417,100.07066736335662,7.774978576649547,419.55976673194453,53.88404212977749,212.17856597391028,94.8120389045291,59.435640513713295
2.783361651879181,0.2566838391728581,67.81777484298004,100.09736386994257,7.793964183293189,418.034740707712,53.719698558744255,214.24732679676595,54.74341933768749,59.54250265012667
3.8794104801269476,0.2756939705149945,76.82300062851498,95.43250071280141,8.659795254146145,394.49503273884955,45.43669648400598,199.0435889212392,54.673290869514794,73.56781319430772
4.075289771945961,0.6418705028910634,73.77747309021089,95.40058646836165,8.853207737522565,387.44857201654617,46.24734522600661,203.30764765050964,132.57772737062695,72.60011497494408
4.030301727432339,0.5038916511037766,66.42651815299175,94.23397620927058,8.753088304498942,396.0673304377236,51.82328594963205,204.2732753145416,103.19294941187573,65.63037977520413
2.3202039308921423,0.47229755107855503,75.17443379303198,103.40902868000788,7.5030667080926845,423.8664865663015,49.76452060676657,217.91379251976048,103.26842482241733,62.64805588665245
5.071113019206331,0.41522199153552947,68.88729496905346,91.50117340202878,9.624885787219501,379.7900551455118,48.14337407493804,199.51127332502483,81.6963539408892,74.38308770421877
2.9296001490604713,0.43896223090384967,74.21462697146362,101.0152907834254,7.984868807831036,412.1182075127313,48.936654157760366,213.28207226151474,94.03319652661565,65.8976832911473
2.4533022244898146,0.7093823588976279,74.13645729775304,101.44390981886124,7.520201633437181,418.52630677363305,49.74375202089835,221.71326557618815,157.93781131265607,62.025413779794555
5.11061827954142,0.4329511836263946,80.56062734392492,92.5647273273298,9.731380403448005,367.85015346841675,40.619214360278306,190.72122719700977,83.68329118556177,86.01050812444876
5.344780243804137,0.23178705733968624,85.32216022489922,90.90222930800478,9.895495855526462,366.768070225152,38.47668468274474,188.10086812198116,44.229431229935905,91.93659366331794
5.017446660429077,0.6487303551080347,69.19755436301219,92.60528044206757,9.630407727733498,374.6005441963784,47.2995090832412,197.86598414909662,128.23493193276022,74.69135906587742
4.833306261537073,0.45902466722705654,75.53759823352925,93.60381979661099,9.4959861653089,374.4337915323926,43.77417641656684,194.6111780639758,89.16190793661875,79.41225029211584
4.293346932236576,0.5062791731065552,73.7703398434628,95.50492766868733,9.074929043111759,395.02146624472675,47.15528992515519,207.31923253729104,104.88932893929645,74.44232569772674
3.9280007971319875,0.8215156612799022,76.88234938636319,96.87181592209753,8.776469453411973,391.6172411525442,45.07443041290632,208.44436640315917,171.34749854932244,74.59705358488819
2.3044536596899357,0.49588788852989857,73.84368824629601,101.63974602305389,7.387808287401346,418.99893532615454,49.9738196267463,221.50808313546116,111.11082607915525,60.72693452210287
3.4295862457474455,0.5578367346237451,72.35277228121383,97.61216040189085,8.301395131794756,413.12078687352385,50.16476985896979,216.84900760174298,122.03898185615719,67.02813084956858
3.304409809543099,0.2642153017403349,71.76078082839744,97.15922460638507,8.169809336208175,411.9744261214987,50.38778029605244,207.67136119137498,55.622862313731,65.49713751821615
2.9091382431611414,0.456066109529808,67.90871161587313,100.23659135787756,7.927770839975625,412.42355242662904,52.93676969785774,212.69966843829567,99.0343202634039,60.61911810741699
4.531970397910047,0.6219052090417203,80.3776723895246,95.00400657637358,9.2830237718792,384.32663723436804,42.52451153841778,202.28605195179117,123.14651105002615,81.97020905022494
3.7355650727756977,0.18892525323175152,76.77869899532848,98.2183075892194,8.634707241823971,395.41543397408566,45.565955534246015,200.63058945694317,37.44412634486253,73.3217319840893
2.2836617556767678,0.5401690186231419,77.32923509578781,102.25132196279573,7.39197537035926,417.7654001581016,47.837977705847536,218.35898219634228,117.93948450143195,63.23176539284135
2.77064120682434,0.5201582145289613,71.77278876581163,99.68957195778795,7.7634981414889825,418.3943777863207,51.16547742850702,218.59359552076253,113.03102487958482,62.26731038367694
4.3914056728085855,0.5082574911174879,71.98550946389815,93.27240323053839,9.068297746563523,388.21833185656925,47.352066773155684,199.013854323449,100.22053157140502,72.80928528796814
2.2664580082160506,0.7074317797316486,67.32817427671313,102.9007303577105,7.408229160067813,425.2816371329555,54.996984101954446,225.81445035188548,158.03115886119514,56.26345554098824
4.979224199170691,0.5668877029697043,77.76965695770814,91.13569404948055,9.533512171966636,383.3287099520824,43.67439992807419,199.17403558961468,112.59798291451852,81.80230575175365
3.7330128445489104,0.7956143796712889,69.28064929081752,96.6619717818838,8.564494542562851,405.5539149513928,51.15421210335181,213.51936415903623,170.77310351704148,66.59796306448236
3.6820530206432682,0.3012820968811928,83.66177896960467,96.93336896539364,8.53147039900206,393.1554139728365,41.97607800086994,199.89869365422507,60.99983393026039,78.04792648712055
4.073427246308311,0.5271849134436696,68.34989979010277,95.68744052764009,8.851988599689715,398.0504261016,50.8042036005108,208.5501395644362,109.19235738870181,68.01644633174621
4.886383380738022,0.5168933572779895,77.23196065294813,92.9263002474456,9.503756542534585,373.39280365740024,42.80458685812891,193.91566679157438,100.4539651152285,81.0105643088795
3.2173322276576757,0.28614910124898396,81.69507220925814,98.84985524829219,8.171752680088755,406.13898832110016,44.29234620092198,206.03462739060944,60.31422326920828,73.27656093545284
4.3730565339567224,0.6912590004182693,78.2431166370671,92.76201152148865,9.02910399950278,388.86314988412306,44.067250195102304,203.9525416334485,139.46396301695782,77.90770030738535
3.9800618739852687,0.9649346611705636,75.65444281124122,96.08150816894765,8.778013283836593,396.0728540105888,46.24078343296496,208.9210636050211,201.43633974073228,73.59600161596666
2.934598945592975,0.4965987851032338,68.67910049990209,97.94524323113508,7.8211945734605415,414.61724455760714,52.69725275495785,213.0732765274491,106.09842655230555,60.3904664917464
5.075204952243054,0.6010042176547534,69.18139999985314,92.82255712562211,9.714961803300257,388.448560302316,49.05805660206014,200.7601763186731,120.66772804467126,75.3877234165073
4.790991075624248,0.5169036951630654,79.59943983533702,92.78743111067224,9.428487592320574,375.0839736813521,41.86231235046441,194.75720360713026,101.52135159816852,82.50778826435872
4.304581421304489,0.35728306601856485,82.69623390944012,93.20833564525562,8.974953389338898,392.2801972042883,42.31889265183391,202.8277311329698,70.9690876231147,81.27392622350676
4.977036051829847,0.13584794443959675,73.77819330980495,91.92901007668723,9.574032950080658,373.8495720756232,44.62373289588113,190.070257006272,24.814835052610498,78.45145265938336
5.035529703359308,0.35884530338092696,70.34732810594942,91.9195857668947,9.623582763400332,381.91113436276015,47.53252452392142,198.85174772718713,72.03905708368602,75.72969767918347
4.4792704185026215,0.22160832380965373,63.084277349458056,95.27511322928483,9.229841985461283,393.04839923725,53.78015812592072,201.91627611036304,43.04410343760976,66.22424508631966
4.929546649272853,0.8408204156118235,71.01163176081474,92.9038969209452,9.583397837168308,380.20226991011936,46.93181233932667,201.65624775940026,170.36845789281307,76.01693809006312
4.441150115842493,0.4769780612153522,74.7610959265158,94.73153055003175,9.183721755755723,383.94450446156065,45.29725580641666,199.16506595051806,95.44718517513778,76.1608747043229
4.380492701161051,0.43081613419056586,83.25220744557694,95.6132528533128,9.17176094260761,383.9695726233435,41.17538695772242,198.3819161360874,86.20804994277158,83.50076628500715
4.165139823753146,0.6778307649575612,78.36383624966862,95.34509518652439,8.922712715572153,391.5352628558404,44.309445976244454,201.63298753683986,136.20375253001487,77.10437841836223
4.634508238451744,0.2756497794288224,77.08683690967585,94.38257153424483,9.37202118415927,390.6745239844757,44.86034145317195,197.03748960985067,54.82317898687767,79.83826109608266
2.555117868525758,0.3466271923990895,71.06554313572526,101.60417635130544,7.617889741020458,414.85428649879924,51.17516893758707,212.29197778108374,72.41388465695617,60.571231056635256
5.08304765719625,0.5136144538497243,73.18382860235572,91.1801576049576,9.649151547658144,374.96387012432484,45.07653427648388,194.84035899962666,99.65831963301113,78.52333654296956
5.051452347108312,0.7057537982846961,83.0899808040698,93.49830364722477,9.707271701797582,374.0422514277671,40.18072065295929,198.6320827965643,140.22168583515304,88.17062219867921
2.102365490620957,0.6003370090337576,73.52653129253709,101.5054793587701,7.169736144742478,425.9143956361593,50.991510008295265,222.8895362126577,132.91008809027142,58.73447100250601
4.890358626976669,0.5496650285031764,65.35542689276689,93.61763812516394,9.586850762539346,381.62060880345336,50.64275056745566,195.51389482507486,107.68525743982607,70.84324100300077
2.4510445361570583,0.5156235470472033,69.57355520390226,100.2076856939258,7.4697424633981075,428.12748782729574,53.80273468116962,222.835290588271,113.7549157116253,58.35479003332201
3.1729159899069965,0.580047171105355,69.51641902903026,99.37578346584685,8.136242959044468,395.36724069035245,49.72145948197311,206.74150232466408,120.18847438332757,63.42096542878467
4.602278897020627,0.540330581025851,72.79141463053742,95.38155576294794,9.366168314739808,380.5703211278998,45.96736543592375,199.6368656426269,109.61175391124762,75.89281728270272
2.5626596361690788,0.29400554504461285,75.88974486482832,100.86030834816805,7.606681274685836,408.7986304290957,47.595743947365925,210.94312956550021,60.761784142703924,63.98916107900782
4.862884584416718,0.5092158443266303,75.29823709232882,92.77481944025897,9.506766966337272,373.76628365180267,43.81875832289819,194.23561354522485,98.8852918334568,79.28173585157525
4.912469622852097,0.2852622682164495,75.5106365124042,93.29470831947116,9.589720832652482,390.024451202351,45.61122067495941,201.7823360983824,55.942925823393374,80.24303055741188
3.7761370681629267,0.5162165085801648,81.09873028842169,96.52000309665972,8.597574882949827,398.5998508953985,43.75470982234524,205.26437216861564,105.1279035186919,76.57276921265586
2.0223505510089175,0.4038704117023517,68.94451521227725,104.37639603446306,7.225052502097199,432.67896849843567,54.8079834723143,220.5060641840087,89.75782409660023,56.01578966753555
3.0046334661121947,1.0078763245565723,82.92655778877138,99.63753666817428,7.988079985791396,406.6651289197314,43.76199211468802,219.30825370848538,220.60496809083836,72.57214042037782
4.159244214315098,0.49202112324965763,71.63455510032269,95.18650964332058,8.913995388106045,396.8598393219096,48.61419760715287,205.0727014190893,101.64251103883043,71.30230756629211
5.434151623095982,0.21915208674768222,76.96697293077803,90.54824089684752,9.948557330890873,361.40924167227007,41.557068102156,184.5151672665882,40.79276730174719,84.48656641617237
4.211347344558339,0.47316395786461507,73.64759883645617,94.5139255179074,8.940020309606837,396.9320463321288,47.45289187657275,209.54944677372262,99.0867273324551,73.2377453296816
2.9093125337245596,0.6038717491275776,74.10827070797427,99.31520214255805,7.872941503311534,408.7986410577801,48.603857577471516,214.24438691281165,128.34672007108162,64.88301404088514
4.219019960848639,0.8346727892305048,77.285783928384,94.95289142210288,8.96972965401848,387.03451425164724,44.3410710006569,206.46168804200943,173.0134412457599,76.5662319613346
3.889948829005494,0.3821095200122563,76.83711479525098,95.99506783968191,8.680757778987719,398.1757538544185,45.853176351293776,203.08107897008938,77.90334733728346,73.77231474682287
4.729458883029002,0.18351440519527196,71.9097640065319,92.92035369008882,9.380343672836698,385.2114547335644,47.02875895269892,191.9584838314626,33.69910657450773,75.23442018713996
2.3744322358943544,0.6633674022861963,67.23474529583537,103.36856015865172,7.529689261859391,422.93541688644575,54.75973478859276,221.27312624696881,145.82085336091393,57.112399817966676
4.663597658757098,0.22388025882006973,88.11217614503707,92.85333213315857,9.297986951518062,371.9799097437224,37.913735517784524,191.4818992473786,40.099988281310274,88.88029640442264
3.8944330253663857,0.412768911698503,72.2533979324369,96.4867904813346,8.716343407122242,397.2708410286886,48.29841088814441,204.18107817570052,82.9139746217271,70.24058207269844
5.370472013506481,0.4484759028978012,79.94062860956771,91.67736476053601,9.97175843568288,373.39138660993143,41.51531875886965,194.22575684684347,86.79219540687654,87.57710909699185
3.196552581135401,0.4860733093399784,65.79765654474649,99.31615236249309,8.17020845294554,407.6143328426916,53.77664052213277,213.95126060688264,102.94014164029991,60.797705664105
4.214176625968818,0.6378328914148671,73.6589483516392,95.20349614848317,8.985123358435654,397.40863871733274,47.50342271180916,211.0748453563501,133.79881232253302,73.61883848485286
5.262098369285061,0.36327314354272244,75.67852112322986,91.39009365002444,9.845773822119714,368.44965542874377,43.00373659564097,190.53155664271628,70.6055676832636,82.44008924798247
2.3587840479673776,0.4452541495666479,75.19461620720001,102.10549382510578,7.500087060580776,419.95315176409633,49.29339088079664,216.99560108286258,97.64700514389162,62.62622472724637
5.280299705327579,0.4971459294101223,62.72408894143339,91.73216835133604,9.867324013569966,385.24052281891034,52.97289088477335,197.04018425260085,97.2630573436404,70.4296731099073
4.407600028052847,0.5299195915037576,76.11982309905507,94.36623283400102,9.140115678984197,383.34275761719596,44.512720047772845,198.35978339280047,105.90827302068917,76.98500871062372
2.2374297068681015,0.5195654349415846,66.93620837140226,100.91949316858211,7.293530717841227,432.6248297114999,56.231628627062626,223.54438476383757,117.36080835147638,55.13319401345159
3.053372484313857,0.587201155044516,75.28577553715124,98.9388573270349,8.010275675698677,419.553438082275,49.19383513133604,216.88007314393695,127.97077794784464,66.9552085616205
4.478602310258486,0.6687679019283475,70.19267678811937,93.40765178312934,9.166727295595354,389.4436037174659,48.5634872553802,205.2502269135637,137.56369110634313,72.0272827837471
2.235727105140701,0.5785268231301937,68.40545904654093,101.64122749195448,7.313595349428581,423.7308244558955,54.043535948736924,224.36661094187286,130.90042572240827,56.300812324926376
4.037596610616957,0.5907171047018437,73.476977880774,95.89499045365422,8.827359283060304,390.1983291717342,46.74322658506336,206.99544434171798,123.04526754796869,72.14470176438238
3.2105906993353486,0.18355536665070443,68.59106149118645,99.04992146752357,8.166284427846346,415.7609003633351,52.90180492217431,211.12154040509054,37.5393974933605,62.98901810888603
4.17320431218617,0.510045539833136,72.63017294094662,96.81814710838233,9.01228466988607,397.08570842259815,48.05577603067389,207.75240545284578,105.77425553689031,72.95062339672604
2.160097118343795,0.5959015096003217,66.62523769929597,102.00973498267366,7.26376887600746,435.32107301447587,56.81170931212336,225.1418505205305,133.61029951833456,54.69604166451486
5.050378821533317,0.6457882389140901,66.89460232734633,92.9433746328535,9.713175041026522,378.8144664952513,49.264116729885465,202.02223553267459,131.61605719006053,73.2031409387871
5.407211392120889,0.36152984515324116,81.57843893269185,91.31952814712716,9.968406332250185,373.18953248955506,40.750807377688666,188.8937807301858,67.71031724700893,89.10258585289931
5.39107249349992,0.368192145022271,69.98904352808026,92.16804440926211,9.996427924337087,371.8316271463958,46.48531983206723,193.26435207070432,70.40623137394216,78.27657208381724
4.623781411100237,0.3851798649432803,74.65513325528036,94.27774803682567,9.339411922976785,378.93443263031037,44.76213291019471,196.23609370970394,76.6128741465723,77.33522309982963
2.455301840457212,0.6072827799782687,76.71081761601758,100.5996584165707,7.483001577025496,425.27652533864483,49.04538292118306,220.2357855954876,134.00507114305742,63.58918093988624
4.653921185751579,0.7067762109848417,72.50998491032168,92.33283902643649,9.251423078793268,394.13689585139707,47.7683878235799,207.25251757699527,148.59293144076966,74.768253313482
2.0860542076058053,0.41850797854167965,68.37743555039927,102.94781963311368,7.2276439128345,422.9931376592437,53.968739177137934,215.50568310143493,89.32860627621889,55.61786248583154
2.0774324303514904,0.6815924627254097,73.62410935975889,102.30622569544947,7.1996174475463395,421.36085249066633,50.38748462813897,218.72103309060986,148.5597716646086,59.03454833910335
3.1326357670233946,0.5246959618329189,79.34883203406383,98.25152381865765,8.059587425465603,407.26862834821304,45.58186369945427,208.32264560035244,110.42801864228304,70.46556009437504
3.71025116641633,0.47514284456751277,68.60572507426724,96.00005875391638,8.498707918436773,407.36419463026266,51.82373093631311,212.34426778804544,99.61475905315656,65.54003750257385
4.696425962327276,0.4577231540364062,74.88497199470554,93.69128952992426,9.36939761483118,376.9889629367244,44.41174380787191,197.77101871776165,91.84406682241287,77.78074995536163
4.3915338181227686,0.6493222729204314,66.60736760691069,95.835797796021,9.183626045950993,390.81961072299544,51.01593005105946,200.82602372767735,129.19335480624338,69.00080711391654
3.560659472318619,0.565115563357414,72.30678634837139,97.21075397032,8.400441220185842,400.11632628663585,48.61279902159039,212.21150762598216,120.5342492461941,67.74771322103564
2.9576933319858307,0.9551650855295275,73.72025542107338,100.12028958690985,7.959258109301452,414.8308811446666,49.54964351915352,221.71890038200252,209.93510142042294,65.3169008697026
5.4899357505519895,0.3295550714005352,72.31479969188706,90.70341179289397,10.007745919601176,366.92972762374217,44.576398047155394,188.98789629263277,62.32704949654384,80.57107717480253
3.4916345578259054,0.6036203404059952,71.90500230026493,96.74777337632662,8.34271383964066,408.24273728845174,49.84344372420965,210.23084807914566,125.53008559199014,66.98705053858143
3.579854585153864,0.3941597980376974,67.2546916606474,98.05835802676981,8.475079174948851,402.80546578267547,52.1399357274064,209.95678136223293,84.6827977753942,64.24185817841865
2.5726833741708424,0.32614260260227124,73.47261310591249,100.11985455518015,7.59520444379324,414.021163263365,49.59964087119722,212.30322085705023,68.16949447836765,62.14619955598025
4.781833420624753,0.49782657259300556,81.01667134916546,93.28088433228822,9.457012850773747,378.77152422199333,41.61562037013193,199.13081317943437,98.30375321379506,84.0547935466664
4.427887790235211,0.5274704958814072,69.82774599942994,94.22917640217253,9.132883437366864,379.72136628044893,47.567592135591624,200.21445721974106,106.14264498862647,71.40463062766543
2.772693644760661,1.0836347110120186,70.21387354095087,101.01003419099024,7.812475757941712,412.86946256426074,51.471079046379955,225.3590007927532,243.60587806911565,61.47258120281107
2.2883336596554495,0.4631708368633596,75.25873162385744,101.14431139722937,7.343613772025243,424.7112372615755,49.81439779509118,218.00661963203373,101.67426181374037,61.37857431008034
4.381747557261496,0.2739642541030633,81.31855066532748,94.97657947582634,9.12953006481023,376.0232045425049,41.177088532711046,191.705142067012,51.80946607544494,81.39289055655512
4.290789249983973,0.5546021434988772,67.68299803893612,94.31039969917713,9.009770704382353,379.87570243125145,48.90075203339229,197.03347921864983,108.4872389591021,68.58800389985
2.956408344493733,0.08507199249072633,72.70376632631273,99.24368662440891,7.910827242818876,401.00511201403157,48.486922642898946,203.56882881985925,17.29044717062847,64.10344380315671
5.328022467876436,0.48160864347914684,77.80928107304935,88.4437611804004,9.757674475631678,380.3584408356486,43.31642807999133,198.069128528739,94.17487379886262,83.74803680102451
2.5287026212331507,0.5032050564590321,72.52416119233554,102.8232196829783,7.6725168859320645,417.1562027406108,50.549584111295914,218.26446694521738,110.22814977683615,62.088532134196
3.5131718036491066,0.6589200765890423,61.8318458299935,98.14434423348912,8.416985063756405,404.26523342283855,56.27938816714034,214.24189546636936,142.04558468915144,59.40521608902352
5.302655720586596,0.6947244498855694,78.86863691124778,90.82682698919639,9.836876663492236,376.44078564399035,42.35923929157798,195.1867405884009,136.1539976202266,85.40282624855266
3.4690456092414284,0.3992860762184565,81.75953648654293,96.95861581698861,8.315127550259872,398.9713859878399,43.4801004085664,208.17652439830454,83.76526845917306,74.58386858213875
4.234840816824299,0.4698771970740134,75.66511773603666,94.78153813881147,8.965748711246599,391.76128817998705,45.73171654151421,204.83052396163515,94.32033725432932,75.16165731887357
3.39158039286978,0.3467758338778658,68.91436620497242,98.70297225281132,8.327313392459182,406.01676242344365,51.450297575583946,207.4715689535188,71.48447858394657,64.46157561679036
2.959753208220345,0.2743874890384612,70.986067618043,98.12719583076085,7.866967386610588,411.9112281168061,50.861986540637496,210.77101192703924,57.605863559112144,62.482994075718175
5.443921767859399,0.5619789558761269,85.38227145970924,90.83300627705664,9.988189154546994,367.55403774462195,38.53483798610119,191.95936406728745,109.3315756609751,92.85985324643119
3.4326690221026506,0.24528289028068012,78.66901553082597,99.40217192061087,8.420440042229913,403.9898990501721,45.56156360050305,206.90630423655858,50.16926893209686,73.05967539676303
5.12934721287697,0.4170746198856274,79.355349747374,91.14012768615636,9.685029149987791,373.6327440162096,41.81425567384005,192.32969854497944,77.91410142057444,84.51960591709982
2.8048411206188018,0.3009652080201525,75.14787226241444,100.24736410884512,7.8272553047323035,411.09296713461515,48.27988723754378,211.01881616994808,62.50535239775792,65.29498722738833
2.7458664640877917,0.6099366372580519,69.9893541959505,102.15211522789893,7.855768099452495,413.1763342925726,51.65391550485725,215.8718273144758,131.00694321355448,61.644370323891486
2.1089692900957897,0.8602860198532976,71.5279072448361,103.12432878841736,7.262803286497673,414.64320870818347,50.85905216025848,219.3615068449006,186.55715549869376,58.07032588300058
4.2808338888155975,0.23968240343933372,74.74738698818614,95.11782044553377,9.035533318392773,390.8056765694147,46.11418598946223,199.37834682610148,48.756183881746935,74.94850303578981
3.2898422030331638,0.12939630342048614,76.69568222396202,98.89086145331113,8.23379701160704,398.60023043333166,45.976941435632604,206.65399891495065,25.17068351447071,69.86392229610782
5.02525387443873,0.47502262292998654,83.574899120661,92.09091917145669,9.632597510088846,377.0666837705533,40.295708284370285,194.2876079695751,92.7370306887326,87.95421485966835
3.65623467342045,0.5031395591915516,79.97917229207017,98.24288367127117,8.558785649331819,396.3804975931591,44.05247208837593,205.23745500192967,102.17068591357028,75.30187706060751
5.388676997701526,0.5437318613514596,69.36949061826162,90.82016648972449,9.915031918353302,374.4771708682816,47.18150109711306,194.05833855514663,107.02268600066667,77.06179793713666
2.649339304960924,0.410735896953131,74.29918201045834,99.15996714564798,7.613880636178066,421.5043603252863,50.00100241458969,215.78678584588496,88.3552253372646,62.92589822170339
5.040181087844638,0.45987214023491363,79.73203403125305,92.0463237093914,9.651478511640022,370.44499732299363,41.28347265525823,193.75212947179125,88.6220948006793,84.55648760350343
4.7180889847710965,0.5735020821081205,78.7560084324485,92.71330092939981,9.361210389569116,383.119631052393,43.165486801266226,201.59411167709044,116.142897234205,81.20511581348003
4.698226456254182,0.7080861785289678,72.49170293056793,93.33125219335243,9.366338786107368,385.01464836843877,46.67313616891872,203.1168898555113,142.81696184795751,75.6438095755887
4.956741298409106,0.10899024593634343,90.51863563693274,92.44413820830361,9.586620455098819,371.13623248003654,36.922131913982426,189.25556309960163,21.202556840940943,93.82231478946903
4.663583968300497,0.4262121121937076,69.21087795030499,94.6353946707922,9.40248799210028,379.6249579740547,47.925861674228926,197.7925472609216,83.81991071941464,72.9556718411925
4.191771125709954,0.5427617587882126,69.61418311752169,95.88503524134667,8.993899181366837,395.2525349459304,49.64599515672757,205.44302548273595,110.91201599517129,70.19037614884658
2.4593570718883564,0.3164047790778528,74.1192038925739,101.60286263845107,7.53090479559749,423.25149525311724,50.315680090558025,213.304089829138,67.40286470850694,62.114868393452234
2.1138416282193817,0.84623392635346,83.12062522868253,102.5991979721661,7.232832008856141,422.6631198612936,45.388775990639196,225.6846348418467,189.89232422387613,65.90066836237816
5.222967467354904,0.37291802395425255,72.08658670730503,90.87252745717144,9.762708147745954,370.55969028358567,45.14253852518987,191.21294474311057,71.1158618234878,78.40197403926625
4.158276100822583,0.49174146259854346,73.66078949275213,93.70109345698842,8.843156932576578,391.0353003867403,46.740570195147065,202.93821905974949,100.13262170470743,72.43287026866467
4.7878805184166175,0.6112044193684582,81.1319249871784,93.33294619465606,9.452108616878096,378.2033940554664,41.50064800109038,197.33766727824064,118.3049129496053,84.11211894445708
3.6853282302939254,0.3817430422396211,74.33308310191404,97.73706415683019,8.553414534822055,402.64094881270375,47.744127690211926,208.5359179381788,80.69844325948995,70.6537404008296
2.4105786613683806,0.13068539043911653,71.21967512099059,101.47630757861499,7.501610966420482,413.56246361762857,50.918999983877875,209.43850517025803,28.186530951287995,59.754323337068136
2.4381502727089264,0.41426909461669337,75.75394483668431,101.0385905872894,7.487339342184541,417.1326179001136,48.64296548625599,214.30668928370258,86.92606096529411,62.91351514398623
4.399478505301399,0.7058881111854081,76.64196415750965,94.97342696361648,9.149876897647994,384.3323135843253,44.35867969078278,200.30356936550592,139.3814759474237,77.52856522848526
3.5060706321481194,0.4326209746429723,79.3594786867617,97.6620870269821,8.401620473404856,399.8076911601831,44.74149771639315,208.52901840349628,91.05593380866407,73.43512239810825
2.7018365434511784,0.33071313970820426,79.69954829746823,101.89216745150004,7.772995193330969,406.1536503942691,45.27934176963217,209.24733273906938,69.96536129422101,68.21683825978869
3.720580913595029,0.6851344419005443,75.99971239634085,97.96414947607202,8.613671448679513,396.2390221760067,46.07445898771005,208.9073335164027,143.75264411168283,72.50370637421928
2.2247312797629695,0.43384502079538945,74.12834116260711,102.98104696644828,7.369912455349585,421.39799660640256,50.089897266832494,211.89312562490414,90.50185368963429,60.7882675439452
4.036899906700396,0.39796783726995655,75.91483479947114,96.47703761791654,8.857388687141714,387.298332979929,45.0793316292698,199.5428955347817,81.24029680230544,74.44664997932021
2.9414769155228417,0.5298912179326619,75.97542508187385,98.67269686410889,7.873376892821146,411.5524541899841,47.86861522325308,213.24218795703064,112.24016182436105,66.30651530026215
4.791456852230159,0.6541500419237575,76.02560141203351,93.76029597883651,9.493942999156433,377.00505396813037,43.82475074628118,197.07778624281286,129.15791867399562,79.8501817227455
3.086266856232508,0.9763427063465092,73.70047781586756,99.49912676930349,8.067957783454954,411.63858391710244,49.17995627488113,221.9729031108774,216.97340398070438,66.18345179281903
3.5932705217863044,0.6654472215314846,80.29506023027977,97.90869295646087,8.498285522295637,393.48962765695364,43.578200917462794,208.15624221978365,140.1099241823871,75.01395608319933
2.040671889678352,0.7319679932776688,80.02938716938924,103.25173597557621,7.203729891175272,424.36281791938114,47.13603316225483,224.0345782932404,164.1113079980557,63.50741669644505
2.253564107280956,0.39880676020242894,65.16651220557004,102.4747356947951,7.3633071615592565,422.6253077004405,56.22521190615024,219.37053708279217,87.90229453352967,54.380225973656664
3.3737274474233967,0.29482637880610474,74.09857869561091,100.3526471096578,8.370562832554826,399.950540679865,47.5573483979389,202.35306899395638,59.58189669433595,68.94550961141834
3.6797859215099322,0.5124662699238246,70.97227093858574,97.05980073875371,8.517481881215303,402.74791213878666,49.73899181415511,208.15364200471208,105.47512110050224,67.60871514562494
4.100071918417563,0.5214339830519192,73.36522896967071,96.39881819020198,8.923610484969322,393.3552873769561,47.18457470081004,204.64873796062844,104.39214596492201,72.84798897884879
3.0208190254825613,0.28429745172708054,75.63756387925568,99.05034156259984,7.97365380073953,408.1867875206153,47.664455763376985,207.11385149775802,58.91452007298757,66.88126022719865
4.432436601442899,0.4649410940191974,78.66611577944383,95.11898516206,9.18628422307034,383.46081613515236,43.24772916510832,200.15886292127124,91.64971761373964,79.6104141815659
5.010428390162216,0.5798635203438262,75.45188185013794,93.21495654661821,9.667490448425726,369.2014060658827,43.20576657555338,192.25425414183536,111.83140582307514,80.74175256268785
4.729478461126725,0.5720786790036161,66.10867247973805,93.73836624776474,9.436513989269388,391.8400727756205,51.48428687676003,207.097956581758,118.62507551282452,70.45164464148931
2.13866588871925,0.6008575706768545,67.74117116358221,103.85006694338382,7.322940199978676,429.8820095243837,55.29656976993956,222.0915495188443,133.56982260779847,55.91815383527417
3.6817743154024014,0.5581929460274886,78.90062752948371,96.40636906700325,8.511370963313725,401.4695699762875,45.15936289011469,213.3716464775573,118.04962332658106,74.02737443939039
2.367255624463612,0.39859826814598887,59.13857463918167,101.32482856104279,7.433516181875962,419.69908542202705,60.704040777863895,219.88711144440822,88.68316588572652,50.561355523452384
2.847157555518846,0.39721987467023134,79.35372482503261,100.20485262450283,7.856790791626128,408.145244275018,45.67747400281576,209.84141396493177,83.82795125300396,68.69934299942018
5.453319076435013,0.2602097204012248,79.15013284494472,91.61802871526484,10.045986887684423,365.74747896371554,41.026016147373056,189.06922618972766,48.01595070024038,87.42904311911067
2.4987344001552962,0.856955007837019,79.57936168783647,101.3979732164924,7.583258364806831,406.8477805685588,45.417579775387324,215.47735928081747,186.72294969511535,66.46688280881773
3.7461085370797464,0.5026900729238586,73.50248431009089,97.91722734942934,8.639574409982366,402.2572685566967,48.17308992423424,210.6955583686689,105.70377428349447,70.67547735980436
4.1635450701134165,0.4550293888410296,64.68922696402157,94.89824035782999,8.916449115197336,403.0647493531853,53.96558054447999,208.00585884629453,93.31449232552407,65.38466968122233
4.4586273969043635,0.3142415837095083,77.50216608381773,93.48234131924389,9.136383376488059,396.58114081672977,45.32243698251394,200.43331436699054,62.226130150567016,78.21948883549436
3.9587703922041992,1.0871315804655557,81.12379009083674,96.3908062965145,8.778385078418022,386.75336325771616,42.44263357265772,202.61801896048362,218.7635563217439,78.15064773573805
2.034197965967143,0.2853343935554209,77.06464658672768,102.81856289822404,7.177168660304916,426.217385643382,48.95412803620746,216.85128183288109,63.23455591118769,61.236862356991686
3.142614578853972,0.4142304148787853,70.45768007718459,99.43513995029767,8.107491488220408,416.2811895504701,51.7391489726181,214.9121760157874,90.10360816035133,63.994134655812964
3.8119907518464897,0.5831673672572121,75.00819427952902,96.63611053584408,8.640735284705384,395.9139241993459,46.57361887931393,209.36510546060356,122.8343769217251,71.90933746734541
2.307532747006917,0.6200425931488556,70.10485795250868,101.65161955297702,7.384307371858242,421.4369698126183,52.61066314635665,220.09237386784477,137.01778812715872,58.048528787363225
3.2271942592321325,0.6915864110431368,69.7763007901317,98.64487003530856,8.16845152816185,399.3903607529879,50.063785459753014,212.0747968115762,147.91638976043683,63.88873784528147
2.116210880769783,0.8615217015538527,77.31639591282298,102.6163410331403,7.246075921271387,429.8150354983018,49.225008774690004,226.92246017801563,195.25662980092847,62.01038994928228
2.2750247400425727,0.6012315310921424,66.74236813172529,101.79342836997233,7.351719018295039,426.17236860104225,55.53286652159782,221.4300993278404,133.5534197922417,55.42084985411374
3.3892314667055863,0.28879384000666647,69.59799560713864,97.97518422947171,8.280756305947541,402.89896634337845,50.61672260340748,207.88946213684642,59.22530453703638,64.6361874201488
2.4645051391507113,0.4486109749756437,67.43727799961893,101.05135734338299,7.485080359867739,424.742768051942,54.84990937491787,214.1711996812671,95.92610214827536,56.924599998889875
3.9863929689154536,0.561566474502777,67.33243394620331,96.73295670469145,8.818095878131205,397.47013572478795,51.39759806361326,207.18453263774146,116.79796473804939,66.89103880792105
4.41312739198043,0.9136452083011648,76.02782432958954,94.70927093167315,9.14896738921506,387.45081799563593,45.03784920925531,206.6301644232237,185.70551679198357,76.99697009420981
4.80205344688179,0.22043890431514057,81.56997937866802,94.99821491364875,9.550602834075558,375.27446125538825,40.982259011277165,193.6650366021258,42.071597697089494,85.37171218583399
2.7005258548568354,0.7405153010450455,72.31624724460188,100.67672314902384,7.754163555823341,424.1020207795093,51.52105871873562,222.1022473154707,164.63509967337112,62.61405450888962
2.586189037906744,0.5359828739092833,65.57468784266726,100.50765239106347,7.617320717869068,420.75541183923957,55.67411839201714,219.4506189673992,117.54425736937634,56.55189717446081
2.3659874411704007,0.6675661070458961,77.03890762811461,103.85558425579406,7.564071172490996,425.99962388055076,48.94358574681235,224.8563374846332,149.65407353346927,64.51862489053549
4.227505873402729,0.4796010566728136,83.50151581825813,95.53463054526192,8.987804710320123,389.6638840982953,41.67460609469662,199.04076591097902,96.04931359067915,82.06807779710311
4.472665042704154,0.33151347397473474,72.135986430512,95.13777218004972,9.22590723116547,388.3833115182945,47.28540173397336,198.88561725222047,65.225549525685,74.20852418174067
2.110551506889747,0.6501745558802664,70.1398904746791,103.08675211244787,7.260022484438904,426.17722035495945,53.17916181699972,221.97795564751186,143.10251126834396,57.10786395299791
5.276742861852915,0.6308862054211243,78.91039458464047,92.029808806953,9.870372490212485,375.89817582962365,42.27831600407284,199.30496748978788,126.92252076750236,85.73011513388386
2.1818994927801536,0.6944113931479444,80.72764813026144,102.79187501635144,7.313494436942592,422.0040108469336,46.513275671055084,222.76834000231037,155.7355218561965,64.95708709001278
3.8945371735537466,0.49733907292427293,72.07427387963835,95.48745224074104,8.650828556051383,393.49306325154936,47.943532687064106,203.74021365952044,100.72881988121657,69.55037450911942
4.481711818078208,0.38003559533603015,68.71580527670282,94.6080318747754,9.199354879770166,383.6991193389254,48.744863625563035,195.45527749867105,74.21126817608973,70.95776545742027
5.048391933111299,0.18824260099523166,79.2151633510956,91.27073919103026,9.620669826690461,378.0129612354239,42.37093191745882,193.90641302468063,37.347437224778595,83.8519655786229
4.499304262463497,0.6638746536278812,79.39450548066769,94.11294481224775,9.203522356155952,379.6348562587814,42.467359063905846,199.64024238061137,132.5801310873454,80.38164641235481
4.806048290744272,0.5847778964887972,75.79791520106927,92.59833701714443,9.430901117418749,380.7516562863348,44.37772822265379,195.91074345916445,115.09448006647791,79.13201831327453
3.1880756738998213,0.30684347342720814,71.03502451039253,99.12771129002961,8.144407125054775,413.98377038750294,51.0870173593161,208.52977649721976,64.46156772713304,64.73114684110391
4.851887898112793,0.39228526534067515,80.79415913269558,93.28569335447582,9.527846472623596,378.6452577839216,41.70370224262244,196.08217473221688,76.60097772624952,84.4815248864156
2.280401962346363,0.4066482376097119,75.37666237755546,102.40350984439988,7.400619559775115,418.2262695018318,48.9860177073142,212.66124592953054,86.99424486781052,61.91998587705337
5.131858296211847,0.20340311360351637,72.31605237093676,92.2683332214578,9.750678698594047,383.10994263782504,46.54134055304737,198.3253130101725,39.375042546636436,78.57544430683454
3.9165733165380767,0.3364635206789732,74.94536163637406,95.80653311868763,8.698433924048576,398.79255304945235,46.94694864642112,202.5690887661921,68.55138310508299,72.3481007662043
4.860542194868728,0.2732339286387292,69.07411297371924,92.77929952647811,9.493320871685166,387.59290231282944,49.01640849789213,197.89423863528108,53.99732262087637,73.56673339307204
3.5831139958140508,0.41750419762241264,77.72918907716647,98.19541794365442,8.496424661847408,387.64203941613874,44.186210256106364,200.40180660472618,83.30787503667287,72.88886067224503
4.252521933187838,0.3522605003340874,73.79185847291113,95.9704585756781,9.069971399055115,390.738093021047,46.63198789741222,199.1941985370611,68.92151217084934,74.4034310693712
3.8424093132763963,0.17459901582665022,72.43233701400798,95.63414092463138,8.638414108103115,402.469572214234,48.824234128633414,199.37411728336082,34.94218391994112,69.77927290807358
4.5605633261436616,0.9045180461138963,75.30830356561023,92.81328625248707,9.207055919462578,394.2370033959943,46.213203981109345,211.06806258493805,190.95340184403017,76.88023327627998
2.2857049371070635,0.7505081462058462,72.94438442117972,101.4185212135615,7.358145335386746,416.34024660303794,50.195109591617644,217.92126551440214,162.71204853789018,59.839544595437445
2.2112322939669733,0.34419611569600284,77.12812906058817,103.0968530367414,7.380085639360315,427.57760853453107,49.074577079142514,219.18482285793846,73.84569282700008,63.01719460296949
2.8648613190355126,0.554484279330722,76.39328623946872,100.94489260752212,7.92005273264207,419.2635322798774,48.529642814806714,217.70436822542212,119.06917462199186,67.04246378166351
2.558406380396159,0.583493017964259,72.28804126251138,100.30580816429251,7.550760168387079,409.983135240859,49.82293039798461,214.27054538603699,124.7712941985869,60.91117342202469
5.051242483072706,0.7382171709546954,79.87983172828223,92.56649879223461,9.669028114205883,377.06046057391814,41.95162066099748,202.72722809259162,149.96321843742203,84.88173759075953
2.767248955753155,0.3362789946679843,75.32438501536186,101.78217372137603,7.859739045075536,415.763569164048,48.7274029680019,211.83360347658953,73.0851628083049,65.71413271232682
5.41552839536696,0.7184213567964852,74.36563589301016,91.3778997980079,9.966553709611846,369.2876331372995,43.772281122330234,194.48244761191205,139.6751890414007,82.20543911761209
3.179135271198874,0.390418939158613,73.19137153425622,100.01022917899041,8.170670840100826,404.8595622839495,48.666052117825465,204.9544706238462,78.39272094519868,66.60433190948545
2.6374127049104477,0.2328275191662773,72.42378080167694,101.56803678887992,7.708816394917864,420.19342934741104,50.97963539896997,213.19875955900108,49.4316201092036,62.31659711207347
4.763944774998677,0.6448273118628994,78.24304044586941,92.5980343225223,9.391284832062334,377.8021784133524,42.8138215211551,199.39323886316964,129.82557111829362,80.98010500956376
4.305477214253067,0.7581516848244856,73.33145958349547,94.77884461131661,9.041545142736636,388.7502666697786,46.65108094983783,204.78041885211454,154.57182396329324,73.7633441945596
3.743685007585986,1.017581794706137,72.54037607699502,96.92490605608253,8.587039106118445,403.3052419509527,48.86157067842082,217.7492088968794,222.69623436252897,69.45625332725832
3.9437724282817093,0.2600549469819573,84.57631346110784,96.2801032114311,8.766030664025667,399.61907658667786,42.2536110747234,203.35534544708992,53.05928829177557,80.98914731620107
4.517206223952924,0.6397839370161578,80.11932487747903,94.92284137891562,9.2606960542442,385.42827032683454,42.768659313731014,199.70636174272164,128.41580391745228,81.54999760502417
2.7995915946595455,0.4180397512412934,69.55650659146576,100.52837722851191,7.822164154764429,416.4015367451977,52.340349593714585,215.09533478358446,91.77725624429642,61.06373879298533
5.487168706198597,0.6566717421048063,79.43930741714931,88.44594877328242,9.895974423821285,367.72280113341066,41.11422726233037,193.2998124311474,125.09726067032558,86.40727069274953
5.411776067513741,0.20590208975374985,77.08588160929239,90.00851154522773,9.922445106794985,365.66374501712806,41.98886642242023,186.16591949768898,39.228456048510765,84.40042130502084
4.276139902214279,0.24744604486028715,77.0891237589576,93.28360561026919,8.933605207588263,396.0401375521564,45.475269523701165,200.59785968256168,49.54244586800743,76.12793366255995
2.698398578252008,0.3448250353667032,73.92478491672793,100.69589716864225,7.7223231334041085,415.21637410959227,49.47482135600101,211.46975753931488,71.97088608912878,63.52543555408666
4.380798848509519,0.5157928091336169,81.20517184563761,94.8595941497909,9.125909461747753,390.7532584001235,42.843322422709015,203.42834295217193,104.82624183177448,81.334594665559
2.2526944314271153,0.37178374669232894,74.43133504096977,102.34214945689368,7.3621324916479685,421.3370567606754,49.902924850853566,215.78408475663835,81.91598645054961,60.93833005867202
2.1072837577203214,0.631810868782684,72.21829701819294,101.85736423380719,7.194892442012739,423.968389045663,51.56618470847783,224.90991405291027,143.43547417536368,58.029833721316095
2.9018901097892478,0.7053789236515828,78.69322101666218,100.38269981983362,7.92360970252412,412.15451198699037,46.46967459999697,218.25540087259128,151.95204528746186,68.79658471725482
3.619180348587607,0.6199155082490712,75.5094416237445,97.90587877711819,8.51120946120572,399.1893544300458,46.68365818438438,209.98341835769435,129.4021378090716,71.25259134061704
5.038953768929332,0.8237575279321736,76.6541374193605,91.35954255498321,9.630046990431499,370.70976220057213,42.780388016158035,197.35628241626583,163.5166175606764,81.54227478490216
4.545091744182078,0.5831653258910686,77.02422310544907,92.91934833420362,9.190310875459067,394.47093489754826,45.32886601234688,201.93090044018714,117.73735528489564,78.25165679805933
4.599472824199934,0.25662065793196653,75.05132227220808,93.90173976631868,9.30073819470466,380.82978832816536,44.77646886068551,192.6490141778268,49.41970342838144,77.37595856868407
3.4892266705682635,0.772675302707668,74.23320696965925,99.22113247190175,8.430866353688423,406.32734774423886,48.23838036827895,213.4592165075658,163.3663382749324,69.57360374280927
3.2107724739143704,0.3789687528788005,70.91945402488788,100.12209053505862,8.208270509348155,411.67609135006415,50.87479844135472,210.97260819563425,79.2065493771883,65.1404693909824
3.2986356704461093,0.682083699937114,70.20252670641594,98.90549864179707,8.233041465586796,400.9608461811259,49.993542927750475,210.64495959083973,142.31928766378994,64.73618193901798
5.456773473076202,0.8147468433110212,71.55527623527925,90.31729550696923,9.963094451191637,367.1040622589731,45.012913842620385,197.08538371012287,158.92137676248245,79.48839011178767
2.1403821699436887,0.5913376021460799,65.60854216994704,103.21813653278795,7.305444376521456,426.1401489030915,56.36137619810821,222.48642960587708,130.30685380978443,54.27246277464273
5.03461023642857,0.20076823736707006,71.64294547679151,92.01692476065277,9.645812125138981,374.0983465836122,45.82127021494545,192.37910323525196,37.695515705352804,77.06929672998953
4.025363930003377,0.3163575666980417,73.95910154366943,95.29722061564914,8.793671265832181,403.17521592528203,48.0204300084821,205.70916751607314,64.31653821395665,72.32474930889778
3.5351539671635663,0.7645488933770271,74.75777267282446,95.91178764962993,8.3284769034094,402.5264746786896,47.4913936486382,213.24579662834054,162.1947081074399,69.13458647246826
4.538401811452978,0.46617546287143674,74.08959935800537,94.1974994185927,9.24196823199549,389.9735408309584,46.37595419745958,202.66709081410838,95.49888094249208,76.0749442777825
3.70334129498646,0.5159147069884331,62.665492103346956,96.53441158823749,8.5411978719102,406.6780326654582,55.96577149537073,211.56918950627275,108.24451220688863,60.97552014084652
5.056981333285812,0.6517648832327219,83.94130938875469,92.37770963712246,9.696579369683484,373.8120010958102,39.79207906809926,199.2462542922762,131.28789635554824,88.85788174499703
5.152456524039405,0.6392645724160647,81.6153484432992,90.12691600887244,9.660152881530864,374.35240904576096,40.86132022708487,198.37272175461584,126.32867727388651,86.3876600961006
3.476023244057094,0.5557599624770921,76.40002714895415,97.96977998386711,8.383905873891166,407.9475252015385,47.21613391373529,209.6713555989228,116.96614337992929,70.93463069634944
2.9688972903226807,0.4582663257559068,83.10013011115356,97.66396255269332,7.855529121455302,405.52390065975743,43.557823192684765,209.40728301809864,96.43544925663022,71.4937261926625
4.073226150076768,0.43746631085352855,70.00105079267357,96.61406067734615,8.911484233008732,402.4015715750389,50.29953576708401,207.7348330858628,89.97914764505312,69.90307430286381
5.1932717096584184,0.6715797650582687,85.67005165472013,92.2410620035036,9.7936793420525,363.4222765945415,37.98704718025634,196.0879169005348,131.36058659781878,91.29291649786975
2.737317661519833,0.6107139062135587,68.45871081007107,100.19645636754092,7.742259117095458,421.6788919621745,53.74532510264586,219.34057221179967,133.45139380964497,59.63517870538813
4.18038304247219,0.44853999987644205,76.21014927742341,95.81883523941299,8.975279498843296,382.9845310124658,44.42452938806838,196.25539769770717,88.40083677189149,75.67262128803026
4.210460770323822,0.7164224625986282,68.68336629871757,94.48092789373578,8.946632074451431,392.01548423034956,49.82190044361877,207.6307299131075,148.62247434608128,69.00997944356138
4.565895578453484,0.47419317697404323,75.552545171866,94.07726588790473,9.261577530632342,385.01398100891157,45.00321764074455,200.61385959831398,94.38132515400218,77.51277015747742
2.460486897945409,0.32966756513312134,74.88341676752643,102.02411508795933,7.541359661232974,416.7859633241824,49.100988060559644,213.19044941162863,70.40103465582679,62.73594539456683
4.50538737638731,0.34820586021933103,74.63301319599199,91.75571278337131,9.088190371291462,387.4746394476895,45.78291907797031,198.51988562119294,69.46540362650065,75.27198722848274
5.181613822329743,0.3042518327380468,79.78732380724638,91.50657213410388,9.76704373617842,365.80934351387907,40.741758190631806,189.3662571601344,59.46507547825776,85.59476198596352
2.628890881045847,0.44551799667926256,73.6497413046913,100.78076661223044,7.65209025574649,412.5610460195759,49.32006239168588,211.25609665145726,94.1865194225338,62.737488987465625
2.8314016372335717,0.7467448556672386,70.78560832279274,99.93305937548588,7.81628540708655,417.8513720651313,51.723491441140666,219.44495218183715,163.8793974907386,61.94668624041939
5.399882829145739,0.3389809637938982,73.64579280596318,92.26609155897184,10.014746592954843,370.3951101434051,44.28137957908138,189.23796980438425,64.57646800115079,81.91917299863884
2.6334193344832144,0.5376951522036206,77.21467206445834,99.88391142937044,7.626455193424122,413.13238717662665,47.36959704111369,216.8194100666088,115.6333433338016,65.13876138097233
4.990347826793527,0.3686621308745174,72.7197072431174,92.03685521146647,9.598135252182383,385.57080087475373,46.611722130681834,198.88632080706734,71.59634522949081,77.72793191413113
3.7229724975681218,0.4479381917457125,79.04458184950643,95.4369010374648,8.482530281836906,392.6319071235082,44.09385714080756,200.90503824329724,89.68093745158497,73.85733341441303
2.8653087604111196,0.19799175760294951,79.551929476653,101.1796486595796,7.9210414074484135,407.95044773105025,45.55462401705221,205.01608744304383,41.66359458770598,69.41077190272574
5.04762465445379,0.4558923541686925,67.7135802736139,92.1362815953247,9.666390588244058,377.05847473478093,48.51899415870866,199.11445292714515,92.0083084071362,73.60396860470064
3.558568392509329,0.4612589240390076,79.93491400751637,97.19428351578799,8.40635360636236,402.9741504085515,44.80730924753791,210.57239456107496,95.24901144182732,73.95202333871667
3.8018607387539154,0.6080575888071391,84.8643463787282,96.65150126851273,8.649204925142655,393.3109814013416,41.46035854515045,207.45945509582486,126.81337552130368,80.11772377832901
3.25731679289918,0.5446561826510741,75.16879895748866,99.10837988759712,8.20206161742015,405.3504218359285,47.59376987789342,210.86954753967706,112.66660479849203,68.41842369710922
4.075327980022246,0.26032157500959097,77.8858145025008,96.01424279273503,8.884533935432774,381.933911971008,43.45797033719702,197.8887260908887,51.97388540745427,76.32612951653148
2.57233355404758,0.7168396488087085,78.27182688670288,103.11513993167914,7.724360965529406,418.5292223378912,47.41368079705369,217.81039632911973,156.53448732434845,66.77597602033447
3.3687853782811628,0.542060608044399,72.66513087804229,98.57239988673895,8.285956290041723,404.1256927737899,48.88708074145622,211.69969053196994,113.03008294305519,67.12294598596927
5.392943128173506,0.5396787034354973,77.38293287149756,90.75250270805746,9.925599273104854,371.113146477356,42.46975173322492,192.76520677715934,105.03132300410456,84.737552666994
2.9034670144539465,0.4981635293229722,66.91316276922919,99.38878005939202,7.878355309305338,411.9248126057322,53.55712829566954,212.93707260340022,107.82131951310275,59.48425321874155
4.298578325894523,0.3964485105555561,75.85146913372567,94.64076869743572,9.030548220817295,384.51930411607844,44.78890204163376,199.65795824603734,79.09161983620243,75.83540908008764
3.138165224786432,0.5435604679497452,76.25635824796642,97.81495217354363,8.040097527578048,416.19194494163094,48.25058156816434,215.96226447269862,117.52954941124366,67.94282871344022
4.707155939903102,0.5951176871857164,78.22940224251607,93.55684557633242,9.399355619329071,371.8549338251001,42.14637347343495,193.98483250141328,116.92292107033657,81.0078919836953
2.4580578125142245,0.150620861730889,78.27679299300497,102.02357214116735,7.547406112919414,412.4701654054959,46.724643184328166,207.50408033253544,30.128111358274126,65.23002876636689
5.394373657774906,0.3922478325307809,72.59923749865223,90.62900131728924,9.913261032190265,380.09754512007925,46.01707674677763,191.95979855697908,74.19473745939747,80.14122619242394
3.5882633948427376,0.4490106059192821,71.64288229044381,96.79517407302312,8.414974160757685,406.247095773662,49.7590340243552,211.38511421417155,94.07477471170263,67.3487760263114
2.826176621712624,0.5512341211388556,82.86894867601193,101.3211379410412,7.8832415578042045,407.56027671479904,43.885527135300926,210.03539002888476,115.81575573494004,71.57977895688904
2.2572386156550444,0.7386622011854251,71.9570444699675,100.95847831991041,7.316204676858763,431.12607024628096,52.603906477406426,230.3597869522404,170.19248313900994,58.842848940143014
2.5941526678063926,0.3456518370806435,74.1131521379293,99.26621096149579,7.56306683538785,421.32770301905134,50.090585397174905,215.27340396610535,73.85635728020756,62.370191156778766
3.819208819946062,0.4004076306364316,74.24800037530918,95.71044757527089,8.599280922980382,399.47848185014084,47.41696895719049,208.3642349795088,83.13014922606025,70.9509034147192
3.1795111175095023,0.39749317787069,69.7070092094863,97.6393649150173,8.06136833735414,412.01763965463476,51.69151919522764,208.35315543001238,82.27938963631068,63.035304456434936
4.901091780589133,0.3396944819790917,83.99895619116599,93.15515961922169,9.572892816601877,377.2687522775686,40.13541932426525,195.19275941086786,65.81410328276363,87.79668198194058
3.508106332816321,0.4305627009775475,71.57122053977656,97.43306423478322,8.398839653065275,405.9231812292711,49.76303879519994,211.3971425943224,90.25120323406861,67.16074907101857
2.8704999540567044,0.6541604439975942,67.80817232633339,99.77750052478245,7.861968823630256,426.6172198613413,54.82935880720553,225.72814385936346,146.90198307131982,60.07683687996779
4.160007453114105,0.28923290092713083,72.73830755722317,96.36232125568046,8.951530704057653,390.8995988375943,47.24529790112539,196.73221538713088,54.90048552731339,72.52830666254259
4.473720259099061,0.5855628790305807,65.3599343022912,93.78891120422307,9.166138690257815,389.71301653318613,51.71355576955931,202.2345141778779,118.197349266971,67.7655587218943
2.584646677653325,0.15961955399633287,69.84513868826808,101.57380815760988,7.672684566829232,412.4237872502546,51.65296147338941,209.75920684058445,31.52609172030136,60.099138564647774
2.586667257009112,0.3877324007115588,68.2633577191493,102.15572283983067,7.696699722159207,418.50117553505106,53.47345012168487,215.36345773588712,84.25394961218525,59.13115241036803
2.1283499942674005,0.4341021399564028,75.6411631477575,102.18624502165316,7.244927394537407,434.159421347873,50.69518037708266,224.1779620584102,96.75621521647598,60.84616520100481
4.5774070527297415,0.834971934582813,72.12581726547633,94.56869359989095,9.309412386468892,389.8838503766049,47.473969009803994,206.745930995426,172.5076403916593,74.87708599322775
4.3233158466763175,0.44503953904946236,79.62699869390582,94.6749402066097,9.044716402831982,384.5365337464214,42.90409579145797,202.04545718906402,89.54500750170698,79.21866585716361
3.661208065124349,0.059751305309816316,81.38586964349584,97.92505027513741,8.548598194547585,396.6238950742564,43.401008998603444,204.42514801333508,11.970555656600947,76.36264107090142
4.95459657139219,0.10022221862774999,79.85139256710863,91.40172065006631,9.521471082024204,371.1478294547475,41.30685333313481,187.2852078548082,20.033513862964902,83.52957137896364
4.819845535325186,0.5068059172693362,74.70687319808984,91.81413083026158,9.421206224620649,376.8475295068596,44.488424053333794,196.93269600348034,98.45515922643992,78.04970967031639
4.048740275388632,0.6227541711579817,75.56406081399432,95.51639486421377,8.816901177916115,394.1835578791485,46.068823070010055,206.54557899818963,127.00380393302054,73.83820646227785
5.038949481796405,0.5750911715254505,68.42181467743539,91.65253696646477,9.626135356451321,377.6362939858971,48.1544957279031,200.01262136392518,115.14486506672004,73.95413232473344
2.7204442351286886,0.5335140211601981,72.59563621954823,100.06507788950569,7.726735055543186,411.2040454544249,49.78520225468082,215.26296561312904,114.3499306673906,62.56280514667111
2.3917186678920475,0.7324519195011334,68.56787006113629,101.45336339642012,7.480248810363845,425.41707959195804,54.146444247620146,221.56255744722236,162.6435444131421,57.70500069301449
2.9441236403094635,0.39208175585257365,77.00458027411784,100.27157808438588,7.957285746747464,409.64120252213695,47.08271693645503,209.4764235778678,82.84846120586917,67.79217793407439
2.199803996312602,0.6789821112053651,85.50352674179749,101.97455755005315,7.280984289632497,412.3411516521759,43.17548950490361,214.33671390815664,144.42445126161533,67.9618829535597
3.8590933480036123,0.17359702299471652,77.13002019747337,95.83408423348888,8.657266264327026,385.6269318036312,44.25879059015916,200.80706591112735,35.46289768174035,73.76412369369446
5.278119923032365,0.3190104334123868,66.3780431628655,91.24536956797961,9.861768953547687,373.3633461710288,48.88359673929897,192.73745315386435,60.46331497849435,73.81230096348249
2.1377023923397838,0.1385917210136367,70.75909190623587,101.90272540296546,7.239962495936722,418.9557876015636,51.87722864541195,210.3653971637668,29.229477625581772,57.363524288146266
2.427384699035094,0.44503093986604153,73.5253162657144,100.756949151727,7.45735554070334,412.0982056472942,49.33811975477103,211.37346284038804,92.8308171070039,61.050409752471545
3.5826965989920234,0.4907477565467315,74.73602304509174,96.17014845266634,8.380384562833552,408.1427455323027,48.16637964176252,213.04305166028612,104.68254340734616,69.56772471378162
5.268562561347667,0.522820298445304,72.66820944557344,91.61561352826003,9.839813549425594,373.6478907839323,45.19849810342537,196.476090167964,102.7008108180595,79.58322736421229
3.106546367418627,0.5123766705774271,74.95431435408702,98.67212314875715,8.060185643660304,407.4873294940316,47.96546621465706,213.025530231846,108.04638243957814,67.0763249503816
3.7753218304093736,0.31448933383765443,68.31788201189431,97.55939658495492,8.650018385251904,398.73045040945044,50.91180202611893,203.23145049499058,62.555712139682086,66.44010787886297
2.1455050066763723,0.4619518311173569,67.8500623945863,101.33281560298555,7.20551935288737,423.06042723045323,54.342978569002774,219.07117837081532,101.95097057753223,55.0814245035449
2.5192012033673112,0.20051066627885028,76.25202965205933,100.7491289441761,7.555073284134845,420.4526032815502,48.74698079310782,213.4557918302246,42.34716258827952,63.85413103778714
5.453205430355965,0.77264579502645,71.46553036202802,92.36410677028113,10.068241698383963,369.3954522538468,45.343773079519046,194.41489230744332,151.22587999409856,80.25161631086988
5.377915437526159,0.43927478542039977,79.14455655249267,90.42560835498016,9.914872358873042,366.257686921645,41.08581623892813,187.86497755637646,81.98095397426081,86.28555985865042
2.0172899332704337,0.40222277619126173,65.57342904664424,102.75025863187659,7.144658089954101,427.8393231596353,56.612400490067884,220.77693331177284,90.10369077127353,53.05742609943753
5.331341248981337,0.8177880656888166,85.22173891773627,90.36763044230503,9.861529203413191,362.54342679858013,38.07359862560247,193.93143654670965,157.6464248147993,91.49995691814946
4.236919782354251,0.2515506932901541,71.21295412680483,94.09203875153533,8.942742640895528,390.6287511668583,48.09931560387962,200.1943394044659,51.83177142746902,71.14747622966067
5.037714030820077,0.2748825771936062,74.92692397796688,93.60584967859987,9.730076779884348,374.2295554072137,44.06488989337497,192.8200624388984,53.177247560894514,80.80086994619467
3.591589494718507,0.28075593502628693,75.96297369911424,97.56626836259495,8.485729103285596,397.7388118089926,46.26861946413689,206.07951017488566,58.25784230967795,71.40263136803735
3.8045861000273757,0.4864257236601036,71.73875355752737,96.79089172049429,8.644978662391221,398.68069811587253,48.77499114728766,205.08492614060572,98.7545589962786,69.24332981035127
3.7109630308992205,0.5863263259275194,75.17018544243558,95.65457640375975,8.490541214991216,399.7285429993927,46.93291918092151,209.9196387860599,123.81062573239329,70.80544492469788
4.334024901411365,0.6479350936235667,78.07761350429426,95.11790595554687,9.09058198750736,388.1111575414581,44.0646768344303,205.27300280813995,133.767510425294,78.29094860392806
2.4887793916470953,1.0143990634989937,77.78960143249394,102.21520968603024,7.598592169228556,421.6278012270393,48.027077734400144,225.40562574095367,228.32682080150286,65.34710728811979
2.104907564554373,0.05011350915984725,76.48337625733004,103.55240517272252,7.2659581586331115,427.05260371047115,49.37973309920074,214.52173085977182,8.616441332426744,61.591162938194245
3.0777547955691684,0.6217471178248835,72.83425343566962,99.76252479919283,8.081405839266662,414.0111310429506,49.98066788450965,215.7586551754564,133.0339934351995,65.62864141975093
4.466382669578263,0.38857388548555377,74.62650033327591,93.46407219439975,9.142044129472062,383.06984612811726,45.26594442869696,201.58071211305628,77.21551988332315,75.69371988872966
2.7064870824303195,0.3827169702222453,84.99332728904156,100.77779394524828,7.733745787842223,408.7846788570956,43.03298879228258,210.3427993627637,80.95111169772392,71.79700662971092
4.357013516637211,0.3760455743492245,79.97786156121111,95.28452066015105,9.100564316442778,389.2655524663898,43.262369844339545,201.17647006585605,75.18648889194425,80.03494184460268
5.394692161375446,0.3182460658384053,71.86451231204947,89.68302256711482,9.855567297401883,377.50023748430306,46.11280600382194,192.9958411358932,60.97455744839962,78.96959045508615
2.3286525052629643,0.8369049669206904,73.29432382514331,100.95269255839419,7.383991937549548,419.6093286312673,50.3767014799397,221.39896968694242,184.72358513226408,60.3073340693863
4.354107413787942,0.6684594654027806,73.54921320265457,95.47114990913697,9.121475133560718,391.2087316766325,46.8237481456262,203.0272524959546,137.1847789434631,74.61566389891138
3.553125767565999,0.504639195711475,73.58707975146365,98.26489643485655,8.461821582627776,396.6110758636293,47.44884939668973,208.07486311693745,105.04808353193641,69.27000751190972
5.038497890321269,0.7702031504974001,69.8987216798451,91.12639095697844,9.599698980815578,382.45181033245933,47.867075003395826,204.31582741848388,157.56243430978265,75.1307962181991
2.620024263065851,0.19749420694022485,71.08441294374926,101.46593224668486,7.688160393839076,417.6715459413906,51.51070727133982,211.19599318591912,41.09059567176824,61.15182986485424
4.4241908327915755,0.23385897373381476,84.36680786531946,94.59157480455238,9.159234817179728,376.14640249074597,39.86003246264121,189.78034604525232,44.35219830398374,84.31743731971181
4.933403513768386,0.06440645356106245,78.81546572089958,93.35789486549636,9.602250897686972,374.2584266491037,42.138880161390084,188.45512718080806,11.162037054409618,83.30590177152311
5.306149768159081,0.3601170919753425,63.9115726810336,90.92085875269606,9.851351409962392,388.3196817768162,52.53841417400427,198.5662036554443,71.85080850254015,71.45287554007633
4.391368099013761,0.5323397053409505,81.35325918130624,95.14635845063655,9.132958517488674,385.813427791729,42.233132265813964,200.44772433871452,105.55972893276233,81.50272364832163
3.7401116740294955,0.5205717155864669,79.93628162338119,97.58467216048527,8.611147968489371,407.30477786445135,45.28814962242805,208.9338447768169,109.50926986514331,75.77234646606091
4.162465340704248,0.5298683822119761,73.19853188731301,95.15030335917056,8.926005862318645,384.9808373493267,46.272551764586204,200.87258356913904,105.70107861374791,72.6921031928455
5.041167445675514,0.21778863378678365,79.6357186537267,92.37011597707433,9.65285302638059,378.84236097421666,42.2646648751408,193.16201639788758,43.01688446378444,84.5241640309651
3.997134113235904,0.6606309485228044,70.49956488179707,95.49121330007061,8.78374847379728,383.4535236123,47.63423556081957,203.82567180247142,136.56084115384647,69.25490375169309
2.106354708938929,0.5479255036477996,70.17634706939494,103.94906967766245,7.327272206061986,425.3828396264284,53.05590179336149,220.60881923066597,120.87829949763419,57.660602345426646
5.258320434274422,0.6466108562931997,83.80271632447858,91.4996609285789,9.839867333711782,372.8376536842295,39.74699969183456,195.45086473210506,127.69226612981568,90.03541554006429
4.413343628610464,0.12144756448198962,73.93736215498402,93.81567783972163,9.119055839510198,392.2333888227838,46.729296555514146,194.82488614638729,24.412456871945075,74.93926022218012
4.367796850220363,0.562298171759558,65.89269791048949,94.14005029312892,9.08200663725977,388.00643946770674,51.12566164472571,204.639614206972,113.63569889912584,67.60349791937469
2.7548630333920103,0.2624469520164946,72.98931952616373,100.45939586404165,7.7724902063673715,420.54992017207076,50.67518598456342,215.9973105993967,56.79876358809025,63.2551208775996
4.306099145814301,0.4205353494897276,74.77437701040537,95.53131792707252,9.084666558816002,385.7283442192943,45.50058140467953,199.22967923480667,84.28432149142496,75.35848549979309
3.378525419789555,0.6068729797272767,80.04607335061476,97.10649955461615,8.253983606981338,402.08141226456536,44.65285351188722,207.4853387191311,126.5149610736287,72.69585864198994
4.279315419645222,0.5182187212511826,75.20686061445306,96.50052403359568,9.09910608389873,385.76852297946095,45.274349999232996,198.22848824632194,102.90392049953904,75.85517061778764
2.3730756060779674,0.32969200404413623,70.7397791700921,101.94117561397161,7.459741113787768,416.82731930254613,51.62601676484999,212.26482785440652,70.1473278797301,59.08529815290891
4.3024585661106265,0.5012546312368836,80.38823100548878,95.31455979698833,9.05684461172889,394.556413300331,43.651303815910694,206.72747753645208,103.62819287718067,80.02982713684722
5.497948040197333,0.19369293695127138,77.20148881074235,90.67943022425058,10.029744257571526,368.7646084100629,42.288797294552026,187.8683735297838,36.521953115235995,85.44045907373633
2.168742136011946,0.7300534791796592,68.85237715538575,102.4248096978391,7.27994790001747,432.29668303078944,54.82354478406017,224.11242932532605,162.39037978606075,56.37580597914904
5.420109644774611,0.45894319610074974,82.27911937643762,90.91098973294694,9.982399325696331,372.6639219443213,40.38442547594105,194.02453274287237,88.81002839798973,89.89082342803144
3.424177862530047,0.7237099888510652,75.07732225762005,98.8296142563736,8.367822140694642,397.77292721169425,46.75428382750577,208.0638202802714,149.1248837005337,69.7004088536612
5.047637076180407,0.3946936625807914,76.07179432481368,92.32692736340589,9.673700707448306,382.17790435946637,44.402223441191595,195.96493266542078,76.84848932835912,81.4293746772559
4.738349194203957,0.3952848023186834,76.57556099010301,94.02941799508032,9.436833440052176,383.1501780206619,44.25615885578404,199.4478370701546,78.24789329806416,79.89463763439157
3.9845569134533374,0.3471626426724307,69.42812643906102,95.70697278423127,8.758503580687341,391.8541684882643,49.33443429373892,202.66553205178025,69.70323871203969,68.18505434635699
4.584572232379642,0.6752347863386151,72.86321779796388,94.1105096093211,9.277003773391364,387.5588915696947,46.77091982049698,206.09416734557743,138.10994289543672,75.26305361113785
5.074804464554718,0.3581137685343048,76.10767836662959,91.59504809866695,9.645476952066284,371.53255018768215,43.147435540622695,191.09171458368724,68.7018513190429,81.17365382367919
3.4144911257786155,0.6289190864830353,73.12407087581093,99.02250364581447,8.369091563009608,411.4008322293767,49.492382638961224,216.90025152766626,136.09463774300858,68.18951798422879
3.1446160654713355,0.42350952046614193,80.13568119264859,98.32684597827505,8.066157193702768,410.6915173734957,45.5637004058046,210.52612896621386,88.73939366832138,71.14345097972428
4.3365768494725465,0.10480734002167602,76.29092148300207,94.56199747143702,9.070708683774985,387.71371492034433,44.930997172943364,194.91383569128672,19.0208266577295,76.56785999016574
4.827460796794405,0.3859371864427068,80.0674725693353,92.85191888125578,9.455170014019377,385.1936287829643,42.767229699538476,197.73328573931317,76.01476677210533,83.21457111776944
4.667997971718155,0.2641783571274303,75.64857433894103,93.37884598884744,9.336936179301544,375.09190845487495,43.794296793605284,191.55635962079793,51.75057718184959,78.18426588439158
4.792347771005221,0.5067805447364675,81.03225974393689,93.80477941703609,9.4723261235481,374.393867130863,41.1276033555565,192.22565956385435,98.57703077595721,84.18187899720893
3.5245416018452653,0.26191845286510196,76.21708870508009,97.41077818175226,8.399095170608724,400.26916249709166,46.42573398253785,203.61334823527562,53.703605732185075,70.88764911705472
4.862419756612576,0.6851950201429233,75.9020061348774,94.09667047628884,9.572044050981992,389.3767399335368,45.328014729034884,207.8696098719497,142.13606754819236,80.4509178489725
2.4207316937971295,0.48178482792939453,72.83846258776146,100.87265900280592,7.4526429134671615,416.45934219118516,50.273668677756554,213.27138719091064,103.30990141026068,60.53248861193315
3.9057118428629733,0.4644808010482522,69.91466107998076,96.46551052593377,8.738667665231624,388.72425255467186,48.64242021443676,198.67069572922966,91.61137030894947,68.42801059693225
2.0201553117434257,0.6311784275575165,74.95876497477367,102.30882761744793,7.158984922031105,419.61486799697707,49.39041523515212,216.77773375652683,136.5261768660432,59.61483942991689
3.136050404650946,0.6927813868151725,73.56223681289923,99.36060180974687,8.112428852514135,412.85760757058557,49.40719915085544,222.14424347566964,153.15487462548467,66.44443698631365
3.2826153720498925,0.4959802496460697,71.42917864555385,98.49808641624395,8.20589135246658,404.33954013975256,49.65536271706334,210.5391777763081,105.33164038093562,65.50079118820419
3.386604420632394,0.3457599400901419,79.59623415881923,98.02283489202784,8.284580708201691,401.67445885059544,44.83162296069085,205.48309775796707,71.82782953132309,72.60717072195159
4.4341352234145175,0.14520607677757408,69.06988213862341,95.431306691252,9.203609918160392,392.1140119897152,49.590817816355205,198.3717379725375,28.770099555495094,71.33437579321988
3.35995335444621,0.362790048592964,71.91946454817328,97.71668976259419,8.23818050410815,405.6781809587781,49.52158601088223,208.73622000677713,77.45867570866086,66.15093359493493
3.570427679178857,0.3765575506704077,79.4231069589123,97.9727152489684,8.471587423693798,399.8197417650995,44.71100986781937,204.27733419114708,77.33468720126962,74.09829504699367
2.8314044580601463,0.5214114905984594,74.97530005427343,99.47491646664966,7.793765655481087,416.8106426067174,49.0507997430432,215.1920601649174,112.55984040187924,64.9045467378124
3.3063812707026905,0.4309706237723946,73.72836288657945,98.51781371266888,8.213374978470156,404.087773316164,48.26175496391246,208.19307975026385,89.97422169160718,67.37324743895212
2.79544369542103,0.6375865944102856,74.60955015025597,99.25948680344763,7.7606140524115474,414.11231359201827,48.94392097069499,215.17044553569363,135.9275047691135,64.34748769574135
2.256185733189553,0.3774033457458621,73.60449373507167,101.57333621679118,7.3350648746868705,425.066682023839,50.84256396202847,217.40052198406505,81.15340453227562,60.14154105102557
4.112070076834822,0.4885917666294117,67.35117136077218,95.54204029461982,8.883460391401442,399.73121999292835,51.67746175795442,207.90066965056604,101.52391751432157,67.41016635027117
4.338744794942556,0.7367974886393779,73.46018432719126,96.26611255155952,9.139223456294427,383.8696108223317,45.99434016553774,200.99246138151634,148.04435730257708,74.65303564276404
4.16821621103365,0.5683650427909933,83.08446772580913,95.49188635775005,8.945707969190295,372.7491739167216,40.04418599832322,200.1199614421214,114.33095314859371,81.24184155466355
3.622229153302003,0.4879924916622871,71.05005431007656,98.64593261613635,8.544624033723116,404.0854133484353,49.85627915837156,210.86890727092432,102.23457636418775,67.89246070916326
3.3292502306273044,0.37961111161296457,72.40359520623109,98.52388282615716,8.254054928426509,410.5960429427278,49.827442833668975,208.45201866853307,79.20138922548482,66.67819789664607
5.021667773501388,0.37335372065700456,73.31789751165572,92.11449539716519,9.645042261900912,378.7721665679703,45.461080737782915,190.030582075639,71.03718498765957,78.6308345860096
3.816786247976763,0.32987734940961044,74.14506738098142,97.87273335016188,8.716934813180611,397.3447428787779,47.22139458035377,202.24552511025755,66.8444128351027,71.82762448445362
3.6771365717040583,0.39179862684342015,71.49694972942338,97.47963609669452,8.537427049914967,397.8311296392304,48.81546253694926,206.161265521481,80.79011525667127,68.18072290227089
2.089747230322525,0.651133167748863,74.94140418717733,102.17170741876498,7.185584085550652,428.81267372179065,50.48335117899119,225.15427416602847,145.20157575137011,59.84982432991069
3.1943673966915473,0.45562234574154625,74.8198079374812,99.19617127909983,8.155694151573977,411.22402789194894,48.48207487041859,212.22465211140042,94.43307535552208,67.7784310388739
3.3306846657505,0.23004538612375375,77.86455967443568,98.10852786994717,8.222357852427267,404.68950078877276,46.05833140099577,204.59254626395654,46.12380766752657,70.71015472798989
3.395879733139152,0.8536338586119567,68.82034984882218,96.52319357707593,8.202022157180606,420.8876585668953,53.39834945850404,221.44007441464314,188.49762215109175,63.46019567896784
4.0306032922956625,0.5639930382290326,73.13502153634028,96.64166700437768,8.868010362627514,385.5670786945567,46.37841809255035,200.43826877849483,111.8673363167003,72.16815138640044
3.8676089135440748,0.2186113198973661,73.51251753819221,97.33931604710928,8.737784073442748,396.6541198701499,47.49636719893527,199.58146978588022,43.57509466807321,71.46675620154367
4.127667824777056,0.41163021455183524,77.23143594017544,97.02351623727412,8.983349619953554,383.5686684132722,43.97138076189976,197.16103191249672,82.24754483619046,76.62053940171036
4.677091415397449,0.5221772765656836,71.64640371244177,93.96789499986514,9.378116517208886,388.17833779063005,47.5438378348901,204.58372991544593,107.5550080823248,74.99163320458632
4.845450085506327,0.8409184186594754,80.39280912389931,92.84194596146183,9.486894276462694,370.19761368097556,40.954321175432696,196.17010352188112,165.42938653729948,83.71070068574345
4.51343076679273,0.27837750834822617,81.34819487273933,94.87098385812831,9.25035807422238,375.7839528528682,41.137534614273136,193.28940161776148,54.792732751134544,82.4950048515242
5.344332935842271,0.6952081438711893,71.4688377848328,91.97469101680718,9.948228836343509,369.28195345645065,45.328000680672595,196.59594651226158,135.75048002305877,79.29764557375647
2.0638140393672657,0.7798972853944686,70.0222123727729,104.0872758087237,7.283476664687503,427.65074260641774,53.441504543046534,223.36462794705406,173.744670719382,57.21341154242506
2.6852229498924114,0.37426913898508596,70.56260999841044,100.5660175769234,7.708511538664148,414.6273682840448,51.466476606483546,211.24097747767968,79.67582562199733,60.918134004610145
2.0264700624234973,0.4444972762279533,85.5936950982957,102.77489160346367,7.155007240494599,419.7351708377943,43.90824838460268,218.67293143629004,96.72499239904091,66.87431138962751
4.266161499541111,0.29273815052524593,72.9698932734099,94.49599921579929,8.979610266136962,390.31538509326634,47.04301400112252,197.69723672521044,57.4536969527387,72.95295917389373
5.143106921324954,0.459307771783939,84.5598555163706,92.42909544474283,9.755894391228757,369.84696917356905,39.1124718998264,191.69812966512202,89.91085991354508,89.95177313390633
2.8521880380170472,0.49268200513141375,67.0894656700874,98.77873253235568,7.793150649879593,424.7384476759658,55.09682081513955,223.83942155929114,110.37709711915069,59.00603031395814
5.244620906787073,0.6319299996164741,71.34529025732266,92.2646967245353,9.836459467378305,378.1622501478497,46.488524283531916,200.51973958229468,128.4780651575357,78.33003239820287
2.210935866013463,0.7180366942040893,69.22010037997515,102.73199256644551,7.3519271985800625,423.6505321774855,53.4776565726965,222.76627740527522,158.13106474183218,57.17294146183217
5.2705260938193,0.35038078707567055,72.09618475535055,92.02121483359915,9.87802596560222,384.08606634188345,46.784886226622234,198.98020612613928,69.08797493035256,79.39774342786646
3.2306794053387202,0.10653498715480109,72.53732161561398,98.80320227051595,8.15285873526509,410.3862025227326,49.7212890471476,206.67928189806028,22.427391222825293,65.96482066848982
2.3549728995722576,0.4957510441447516,69.28207646587921,102.98397744952197,7.49437996768558,417.554759783369,52.66698078513028,218.25010922026271,108.29145211042439,58.30985796762571
3.7005511571521397,0.5587075059937281,70.3439534249097,97.745665722309,8.588631253066044,401.37236226867446,49.95676029855828,204.97426286155022,112.46511293308248,67.6502822098605
2.8987179870217776,0.5498835375370084,79.27082156679276,99.36882529232322,7.865724554334895,413.65474301091155,46.33706016712454,214.797092575761,117.88380593765153,68.73460788715602
2.99705515686673,0.4346653504981912,79.7154343008059,99.03896371120834,7.954199717109833,405.59170834217423,45.208688059433584,205.14315461537433,91.64163879981501,69.81711853857297
3.075514877242003,0.5249504199327869,78.43710034456699,98.53195887892127,8.000701452972903,403.34858624868497,45.608526814783126,209.87125979979794,110.41891873555704,69.23779489702449
4.810590642414322,0.8030889616704495,78.39270354881882,93.60395941777034,9.50343630857059,379.0064878592729,42.877576162148905,201.0772225581478,162.08733387979962,82.08894685966699
3.887064468363391,0.5763468337925018,75.12819269093383,95.59516322373618,8.663610935559763,394.87539535590105,46.385971894121425,208.8043598781227,119.69978852990099,72.19534931208776
3.089576947046013,0.4253263149993831,71.22233888312567,100.05319440020563,8.082406337189097,417.258577145245,51.372391251334975,216.43283803480858,92.2978655935998,64.39372515913658
4.136168241588214,0.3999604365808008,70.1976143661304,96.58178980111768,8.95462331298148,396.53426711434275,49.44464623399194,203.21436473080325,81.26537783898684,70.39032400440179
4.5065273597811775,0.4660295284644539,77.22281134890085,93.52394122560553,9.190079106154272,382.1054169669213,43.807968472657635,197.23071889726575,93.03415335813692,78.36952061236335
2.9541840025673682,0.827347992366128,67.67686884034686,99.51191716333993,7.930076072153935,416.4574215755255,53.614084577931585,221.40032373371423,184.2621142370791,60.47046397334445
3.4474218553387304,0.4633398580947605,69.16730158052951,97.94732029140438,8.351125028916202,411.6462195030878,51.99700018629011,211.62808643785877,98.46324368380394,64.8661062827529
2.4266013266793163,0.4960411310958584,78.67648787303922,102.21408188499812,7.543436645921515,410.6916497028558,46.31347717456461,212.7216962450967,105.58967662964193,65.47873091449641
2.6340227233713813,0.4035372858127394,82.66407247665609,102.06839516868807,7.717243983278147,407.4756001388359,43.973418094859476,212.42425548563878,84.04199996357056,69.92105018283041
4.38391248887744,0.719796671488393,77.22717067748533,93.3079123746341,9.037907281598912,388.29514301063,44.51538895447115,203.28626121058014,144.6108187416001,77.1030541765924
2.6350342169346943,0.891967450948935,78.69432682179485,100.52283566670722,7.650969749865018,415.68088411350686,46.86668234696625,220.32460508907465,196.60428729603018,66.44207858185007
3.8380718428347107,0.5901226098862776,73.37644462418173,96.35393519363024,8.647607960631305,397.43627541038694,47.66769285999493,206.95511216258902,123.00352503015601,70.6191910302706
4.481661916028514,0.5165545807570852,68.6896233687958,93.19364740999096,9.137140733262298,388.2274500932973,49.336549531287766,208.1781906103762,108.86714403046761,70.47143439605706
2.3740692308316036,0.507356566634847,75.90974117009084,101.30266967664615,7.4491942106100835,419.02191770750187,48.77466885599031,218.33779267828797,109.88537410951359,62.710123748614436
3.9855927687011623,0.023138642242850838,77.62915793879172,96.39264046502642,8.817209615476322,394.52543519906504,45.02216436618482,199.87393391127097,3.115572856802832,75.58561203486376
2.897969742954773,0.6490301728569635,73.83590646094694,99.63416277738665,7.876748973522076,418.6003707133756,49.93091723870977,220.571889373299,144.09077064023384,64.73887020095752
5.37024406333153,0.5268332831991687,75.23241558547227,89.9684488434537,9.866153696890969,370.1791961795496,43.43173822268696,194.6628850697329,101.74019509121146,82.1990088840176
3.692409763519737,0.585668410132145,79.24194460912918,99.37583198608885,8.654147025583606,407.41227837052946,45.652554990252014,213.43831241191148,123.42700882389946,75.57583411633661
4.820973924213053,0.357707561183259,70.8565035419183,93.33953355741767,9.488842479056323,391.6840061808078,48.441867879897586,201.93815490827095,71.74112674396568,75.17167120877608
3.9257928975469163,0.4231086242045817,70.84204858260301,96.34908016267114,8.745272114507813,403.40401642470295,49.90027139311192,205.14714826648313,86.28842869580076,69.3096087538114
2.151943864991867,0.41779501269936536,67.5418001041881,101.58985538207483,7.239501389645631,431.30566883821996,55.62234411100868,222.63548872228634,94.33616791436438,55.14497921164762
4.216029814579079,0.7043245968146078,75.48410059067403,95.45246057855024,8.996637230766416,399.91355568075284,46.78221481157886,210.30495960780962,148.98858979856442,75.29741344793797
5.3299116977233,0.4242480326793813,70.95642897672167,91.21393803073525,9.867587418749372,372.8151032093269,46.05132759950747,193.86218590055316,81.50826387647083,78.18664870120715
4.105641370512159,0.9165320644219596,71.50555874203837,94.11943647303511,8.810087744687543,391.03299954948267,47.976236907605944,209.12276240778982,193.0656714897906,70.34095011420318
4.867161007993766,0.5861724838030075,72.31181539845652,92.10873212001029,9.486438614303182,378.7166412575338,46.009997401252235,199.677236471268,117.17032751919798,76.42357728377526
5.094722621719427,0.24486346800085368,74.81062548439351,92.80441163812117,9.730562054352436,370.44979470374346,43.679644217682615,190.77771451418292,47.77532842851372,80.67845611806125
2.7982792018212637,0.47429074134960864,65.92106281016564,101.76123691362594,7.897733465686193,416.2859121737767,54.83141262322227,209.43299715784096,100.65930999318508,58.88647672333948
2.742156939678793,0.36966497556871686,73.72661328780089,100.69618303515867,7.773901573436614,416.53047553678607,49.74887424444233,212.94242676559188,78.45476408777627,63.80568963092484
4.1384334609784705,0.061123506035995145,81.20263840649756,96.39794950921005,8.960080171113392,389.32154040853874,42.68753044986495,191.86284898303305,12.298649582024662,79.84777758049384
3.4385996443234665,0.8198941880227579,74.80377643477196,97.84029699800129,8.319245587299541,403.6314209191914,47.59592530995954,214.59201238922105,175.5359852895966,69.09856939567804
4.939514560033521,0.6406285084440008,83.63402319604683,92.64246211133819,9.560645180024766,375.99925976194396,40.156264456851666,197.00764075192401,127.13881330889589,87.34503867095864
5.150080931893039,0.6066414635798625,82.85008804765627,92.84749996046993,9.799710845639165,379.5473669124036,40.87743747939118,201.58496235107296,122.3800717401501,88.81762284991042
3.2369748275595134,0.5330807320599409,77.77304502931068,100.00080993488528,8.245833507105784,407.07437118435547,46.37806185810441,211.9478858966786,113.94565639142395,70.84856066609635
2.8290469564106875,0.22359648626151246,73.76828556087725,101.13921300733509,7.886271895839447,417.3797918418843,49.82551439930811,211.07278326193742,48.71988934662545,64.76216839506849
4.731839303353516,0.40327657208891265,75.79070910525141,92.58547197795484,9.348837659824875,383.6609128448359,44.72056669611457,199.7567480834428,81.10444845051425,78.45011227543257
2.9618211244184764,0.6683561549568026,77.37318421111847,99.58005895228314,7.941262117598705,402.1475404712381,46.02642608280536,210.4627076443162,140.57058618721098,67.90988163137112
4.879150114797874,0.28975599404349944,73.89662709023729,93.14499434578848,9.54897218169404,370.3924931776767,44.148675104577336,188.54659138770353,54.55567713446755,78.33823706829781
3.48308388777067,-0.006353863250162739,64.76709690798748,97.60146402199663,8.380585753571019,416.89549611642724,55.7592194103085,209.1396909387449,-4.2858767473849655,61.555259071211076
4.336424647520147,0.45457879844381477,77.66372984753897,95.13279976841196,9.089897556617487,384.47744555247857,43.858212081683654,202.28334753277545,91.24092674681032,77.90904788042181
2.3343735984213385,0.47164848919449226,67.14590516843074,102.48615385486048,7.4420826126617845,421.21622895863237,54.59994643124627,219.3899456337132,104.40750992293796,56.38001787610245
4.183507636368006,0.5271126832829418,70.20950302268969,96.15997107427609,8.999909826077358,393.1463184762632,49.0149301093475,205.61371141793867,109.35147635228894,70.74450383125449
3.581186875580302,0.6457037287029073,74.29854399067531,98.81454205724617,8.51915434747806,402.64951034581827,47.76470521132101,216.51220817049608,139.06817246728886,70.34254204362834
4.053129621114159,0.6275211624462418,74.38813115756963,95.55049344232057,8.8400846996458,396.8273642307282,47.02407302867883,206.36167947933873,129.66089560897214,73.04643879001986
2.588049727107022,0.5517539610487843,66.04528164095028,99.85059942325397,7.583390420519898,430.786171597622,56.64863911367832,222.15995954065855,122.38837124091653,56.66776834998569
4.579058107304638,0.7391062776173418,76.32232754943126,94.25988429964534,9.283217881229286,391.3103932689315,45.331307018436576,207.03292975960537,153.7089404375438,78.40529166292424
5.0197897714013,0.19620604383733703,80.8544460299868,93.93778462504329,9.717261446260059,369.25832653961,40.64284607687058,190.60230669557447,39.60593930635534,86.1655731591991
2.758589300317715,0.6009163628954781,67.66859930905234,99.96335676092475,7.769840522034497,422.379422702798,54.38226341923606,218.32008484224198,131.90057990843417,59.25761338692154
2.335000944320566,0.6253076726673885,79.16441778742848,102.376974276529,7.452358118257344,417.36661592882774,46.808651509826085,221.5720682495508,137.88053687065647,65.05863249181003
2.082735051162177,0.25208754278395207,64.69842793574489,103.2670239549105,7.235738197273249,428.71832115808326,57.39321870694039,215.26222874198413,54.18650676967313,53.12420861475307
4.2469002515514305,0.1994258782635221,85.68290102371648,95.28900275744569,8.995463947737749,380.34761460600157,39.750844773375604,192.92275937551125,39.87571897858621,83.95907554367311
4.124829126310733,0.3508115747048797,72.89349279915547,95.5686378347474,8.895539371179456,384.4664511875917,46.38077588540323,197.84233054570635,67.99670259763826,72.18194277165667
3.913440944499245,0.3676917114969416,75.42421411753355,95.56421332967552,8.68755024836531,395.9215008225189,46.34769016168858,201.71086225107777,73.55235450313374,72.64531640419887
2.811814836405914,0.6506838927004861,63.91400994125874,98.33331841464283,7.736680748497229,414.92087147299566,56.13561918812731,215.9782253971407,141.2435163719612,56.18404708112229
3.3681709856693014,0.37709224326178103,73.73112485045662,97.32192098482622,8.223058542232495,410.6854476080276,49.048122587808265,212.59236841161183,81.46126435787508,67.47686633397167
4.080667173151605,0.32873029634375917,76.03921149637289,95.40542157468002,8.866475770742902,390.8494087689922,45.4268933863334,203.23877031467492,67.4197090963579,74.64330606879628
3.7386840060070927,0.3776732526610882,74.05561028671104,97.79254412891333,8.614939690344347,399.62191317317803,47.54256281170052,201.2468346515133,75.39885171536791,70.92165064052064
5.457249320752106,0.7237264668308423,73.73329379964066,90.81712492748653,10.021420428052002,376.9159026886809,45.01386313436752,199.6743211177217,145.04612624070214,82.08901556106927
2.477539133948566,0.5026086748753904,68.2402243680992,100.91339245604551,7.540463942318387,414.468155497482,52.97379434234759,214.54659006464024,108.247270098159,57.903696040800504
4.433005939166579,0.46414979492861763,80.97224022468646,93.77169085935422,9.12300214462817,381.5279740748135,41.93894457611489,197.94102667258392,92.22510870506278,81.06115695392101
3.4151156883650224,0.4779989002597897,74.25217450102778,98.57253975353001,8.327265740693829,404.65823350854157,48.0294112175829,208.86556730693522,99.74043779788978,68.7280667032959
3.4986986522396517,0.7584120668653045,81.90220026527145,98.8412404503057,8.440206434135114,399.9976152903054,43.52426972757244,208.79401470901962,158.40489455275798,75.82521772662004
4.511592179803617,0.3501656546793516,72.78149884178973,95.06017594818131,9.260732567632816,391.1902366169894,47.25575667150265,203.9321970847742,70.50255144184976,75.07307758202298
4.423526529635294,0.7631016581880208,73.13425836870127,95.00257690608325,9.160912502708948,391.8638122435435,47.13626126375285,209.69709019125347,162.50040146714596,74.57642124034781
5.469395977957659,0.5420992597843007,80.64124639653001,89.67662388004184,9.956137268232226,369.1054242053972,40.721574214752586,192.47622262166936,104.49821724996242,88.0806714272685
2.4493800130894385,0.46791612360493046,64.8243812056895,101.14583055991194,7.49843510978648,425.6185686749808,56.88233725648473,218.85139976661767,102.95261090535953,55.13725550831992
2.3643837728445822,1.0001800995868564,66.76994372664889,103.2825001781557,7.521359723281871,424.52020749865545,55.297709870704665,226.04392398511882,225.8667231860116,56.71579177434992
4.5351858599505945,0.2888721020402807,80.92964788870653,95.02440988370509,9.284369567790126,374.59218766534616,41.19582516406847,186.45786891364833,54.70778686441615,82.42171574958573
4.024354209522432,0.42926284808659876,68.96955540531094,94.6847576920837,8.75284300583956,396.5734403343096,50.21852260645231,205.43330303765862,86.88645181222051,67.77128442776701
2.9595623329593206,0.25351375216719996,64.45621972303844,99.59705941608296,7.9601968699345695,416.2559408020787,55.906134148424904,213.49132386415306,52.37738103243016,58.22710128967862
2.277967791461453,0.6904923941072338,82.0761972901192,102.31759147601375,7.388490218932145,421.69247099923496,45.798206638632244,221.47942564344552,152.89938735061364,66.57671139908953
2.299803873587507,0.8378377867303358,65.79067640893398,101.34095967202275,7.3712606673025896,421.6366988900538,55.631737156570956,223.21324337678243,189.0705450748209,54.880781880782195
5.1296680613244146,0.8339845562809278,77.07619866523015,90.19879856823746,9.641063214658391,370.00426667809563,42.49200956745942,197.7786687002349,166.15267609233783,82.02045755562959
2.6715356365156,0.7447897506292009,73.55126872744007,100.72868450820854,7.711497364178617,415.1768822628613,49.69127202810602,217.0538354293535,160.85102553280936,63.1595007413266
3.1318004674043225,0.4604759064408069,59.705018977794765,98.40849175798851,8.056515939339857,424.82450417754245,60.94604239515013,218.32028023064265,101.04731634358924,55.25139713520236
2.793297407794458,0.4269518045020307,72.0153717735143,99.59638568145165,7.781930306733103,411.4590075922889,50.16852313107039,211.8011148072106,89.79287868464978,62.57646547583243
3.2424870704117805,0.16576604550118695,76.13305073188968,98.36755096561417,8.163529079448676,412.14583935504464,47.84990614554569,209.9527635095699,35.22945603647161,68.87555801077998
2.2429834496113266,0.9071747070363585,74.46312704712788,102.0426171946365,7.347363267292016,431.19118205053417,51.050819111864335,231.9609283774027,210.93348112089808,60.86586736261728
3.816709268178946,0.5937956156296935,79.09765454083224,96.63425132609714,8.649006605168486,395.6081387114633,44.40163332584265,206.25270790423116,123.39843278618243,75.36331083547756
2.236643972572752,0.4016086190261034,70.74651619256012,101.46455417685777,7.308487502892242,422.13240379186385,52.278714141076286,215.00076010619264,84.78049465865297,57.90585316134988
4.801247777378265,0.7656113777973935,79.32401954331472,93.01946515546881,9.443103056335099,381.9724288742633,42.76256608549042,202.54167868561942,153.8026256910392,82.42215512435885
2.8179922866865157,0.30544709664799985,69.93494540362346,98.73108830027499,7.753938017926063,417.92221294052683,52.28279206675762,217.56579514516127,66.37926989909806,60.81781396506569
3.890041701115787,0.5813244068445348,67.61571295927507,96.63368529838921,8.724138639787903,394.1754221195804,50.78551843315593,203.89196429219075,117.4949518668603,66.40545725938709
5.080276806465104,0.46547417314183304,69.60769028935195,89.93401084669921,9.580998994365792,377.24292986508453,47.3877496626156,197.3752590239354,90.76336342283652,74.69585084799758
4.278070791665179,0.6277354279760602,67.82313267402114,94.79516016482498,9.01963164763633,394.7460132383916,50.72348023972124,209.46095915107793,131.75792221620088,68.83650553446316
3.8653522529296733,0.4872852921627757,79.68635254297158,97.20661603768771,8.723353504679574,398.3255909300626,44.413177661474435,205.752045127822,99.34390985875298,76.5138032300933
3.1351681359038146,0.20981442177775517,66.1893342177918,98.1794389745168,8.043569285597696,411.0389295943524,53.949668128005015,207.26523196840444,45.74489169047153,60.168154274713025
3.1655066957036926,0.5151152745340075,75.16880223809095,99.49387072796299,8.134663767256335,406.8935359351966,47.774951066908066,212.3234104512749,108.83786587731133,67.86151562432886
4.3432043431936656,0.7097728283750724,73.88222424147023,95.72337096851888,9.132505131529676,391.14020052537376,46.629688716813895,206.9231262339213,146.59818047905478,74.99712857003259
5.4794877642740865,0.494156718829203,76.06214244987575,88.17547286304278,9.886050125147085,370.9917060962383,43.107421629935715,194.29775217319897,96.31108023031479,83.15250511020615
4.316437164472825,0.6550230243178172,81.9977610733659,94.77137960148451,9.056811753929026,384.5680256255937,41.80188964804376,206.2567770405437,133.59498250199692,81.37398239449792
3.952241960795087,0.29089410286518935,72.55055351687773,93.86653439511458,8.655576710984642,394.09154027491996,47.73941826984197,201.74327478719096,59.19443344047063,69.98625915300082
4.557276785837361,0.49474784134602956,78.52673995075324,93.95496449311248,9.247931421396562,379.76725247489736,42.8985922994746,194.92039415972692,96.77791189467601,80.00396648304547
3.6282196429930136,0.3750979089822845,74.54168032849718,97.29549428073939,8.49896131083909,413.5485154429356,48.916524232312575,212.5340063605389,79.37175585808801,70.41221092532022
2.2104981991027484,0.6493961680209419,71.8925033107598,100.27722111441172,7.224691356622188,425.76816324285693,51.99110370667048,223.10813773015335,145.1594970038464,58.04830157780547
3.968038855572684,0.5062983124523992,86.26149224861959,97.65173469515949,8.870837526326467,394.90394418158394,41.02408293875653,207.58078405175445,105.52608317577315,83.36002792602481
5.351688495768831,0.6380147352673226,69.21531746634575,91.49790291091679,9.924420638030037,382.24542694045635,48.25397904929832,200.2994057083826,129.22916301953606,77.0204656992989
2.6135602982518087,0.7175420852315733,79.5819315350894,100.17332021045304,7.629177954605972,414.665756846379,46.28899486097302,217.27787403427232,158.40628027721496,66.89841600488825
4.41501711787233,0.6383237150242776,78.58005336889664,95.71974362944566,9.201157833862174,386.3869710173717,43.620087855246744,200.02595324171682,126.61980858689046,79.67728608720613
2.703267910306698,0.5546236868587289,70.8462965192091,99.10207173741271,7.6444884520941985,419.2841047605976,51.861881472947324,219.056233267308,120.19642831415855,60.63371956651499
3.8753968956557845,0.30035754829771893,82.797068861995,95.4527740383901,8.642828706620099,385.9636865695066,41.5922282139644,204.18362088029704,61.430841381464965,78.31987594633905
2.338367573763519,0.4994427778666197,63.56549052657354,99.97614907289176,7.345979738462391,419.8943439588819,57.07762443413688,216.99363167943235,106.29698370466245,53.11056320003122
3.576298276903648,0.3933819195968334,71.68272464578902,98.9237921880687,8.518160941701,401.2079336421857,49.1178441196708,207.40860552408927,82.24021061379412,68.19035834205155
4.646571651133361,0.43118720865915466,69.53347496001464,94.00287631821085,9.324512903895508,383.57178424504093,48.22771599479102,197.15803454577787,85.125103343592,72.6546007566462
3.216500334836437,0.4250931698499498,75.92021772616103,99.26977025995126,8.179674817664756,415.4963182482084,48.358387495298196,211.56198683186176,90.30084220137084,68.85607378342819
4.327191035705264,0.3040148850435511,69.62730873691044,95.09563236216636,9.071049290834072,389.5452259950813,48.921058889751414,200.201308151595,60.56060574815576,70.78343337656867
4.784074862764053,0.10853228217320199,77.90620956902346,93.71475218924148,9.471130649552094,389.16954816668937,44.270996335146904,196.2691348828171,21.55655289496055,81.41803657747819
5.245122368178084,0.36637139033444666,75.36196476270592,91.7045338824935,9.845860533116738,370.55604645190516,43.40997158183953,186.00248579483764,68.6182289039617,82.15369258557544
2.8212472864940876,0.5386758903848318,70.98872703051248,100.34237157143664,7.846060438173949,424.24430252736073,52.38313010741936,223.42234705093307,120.55225513519684,62.35390153186239
3.3976057053325786,0.23036459091450195,76.02036307656564,98.19446278031432,8.322695402635695,405.67006920139653,47.15977179035093,207.12243221709002,46.36857575144406,70.10557347794203
2.533456046656461,0.5031364472943248,71.69703913629743,100.64603039224696,7.560142446054364,422.9347949032497,51.76868089401085,219.16223526124693,110.44051425762831,60.59365594686032
5.473692257554314,0.8800536848621929,71.12525649377,90.80477728638816,10.012499458537366,368.7410884480764,45.4533032479711,196.72739576878647,174.98463424571335,79.47809284344268
5.244503387735033,0.7046113110504478,90.30026901345693,91.86311380153673,9.827214715843793,370.22018397975984,36.91118554528391,196.48984987662283,138.68986278815274,95.96727688092261
3.8898499559819584,0.8287083018241059,72.23198403203263,96.47396444970485,8.7067077440168,405.4366186722572,49.30400542376839,216.05172576832229,179.18091438040196,70.17369924649803
4.947116530317475,0.5782255753865453,64.84849443562089,91.50287445768619,9.512991404878923,383.07663665787254,51.1802728359976,201.0143447071879,117.7916727871539,69.83874468019724
3.8233529204521477,0.7335019645972892,70.37753005593564,95.54227544353076,8.587399462936567,398.4040146420614,49.56659085752043,212.340522878997,155.0065751375951,67.65839585684051
4.182549908009658,0.35520705390644247,68.68267644774794,96.22734846909931,9.007575897717938,391.1415987722416,49.71127272621353,203.48944766238412,73.17056484529145,69.47641911330854
2.311935512406058,0.3711319465956031,76.90505069508984,101.66263046987208,7.374147432949399,429.85558908800823,49.46267054099943,224.50595987017493,82.7911765558802,62.81511570492298
4.6434464717388275,-0.04782804122749462,77.18039906404452,94.21571762654285,9.367933742114017,386.0459215671072,44.28127488651547,190.63185580024373,-8.03096491514273,79.86640446227732
2.446997192723322,0.7372290948084598,74.9299606402197,100.56181389769046,7.4875484768570475,427.5154461591268,50.33741249100159,223.66931647415586,165.6935758751364,62.35301844016211
4.891236705883849,0.8080647959639773,74.0193717178744,91.7021548280893,9.481342374043106,382.33351738440945,45.50540066738814,204.01009496574764,164.44109689976128,77.948688267851
4.737098306846351,0.389364550930546,74.287766732931,92.74527863601242,9.363217165966029,383.2171467713962,45.46533401289825,195.89085993218072,76.0069955825591,77.22198587761
4.4806064421004175,0.44920965872055296,73.52207221248216,94.1398253960314,9.171775960787555,389.27537209460917,46.60748491779314,200.13980078336846,90.88254314771464,74.99548665654383
2.126561331836667,0.3492275772618077,72.14590767752665,102.02492309914413,7.222323449981238,432.0459606014273,52.59494633591172,222.21185312265402,75.7470562036578,58.22145344010776
3.0609492458086502,0.5765307102954983,77.84980627179456,100.3218244581543,8.083291673279765,405.9586528127476,46.21053477986853,213.42897177076594,122.60642758274284,69.50741425145728
2.92089399468795,0.7249865090606482,75.18544985615227,99.92048965982214,7.916949114053464,418.43022274325375,49.11991701045572,222.6417649130943,162.03269339907027,66.09529661729732
3.2604774261503167,0.1514456052237918,76.41313705948471,100.06747990332337,8.253416426365536,406.19556943422475,47.006228827754455,204.98423996795407,30.73585551189079,69.8347124310483
2.3067496136734347,0.5818877061284504,75.26589407765412,102.24990287540011,7.430726805290005,409.2477155729874,47.99664860140604,214.27847930549638,124.82087617597485,62.06563217927176
5.27935238060872,0.4446656456561709,80.75743504363916,89.59222601353362,9.775807514567216,376.59834282672597,41.495040339741315,195.4546715699931,84.8708267845254,86.634884455824
3.938307842493317,0.5226788783933378,76.16671961869325,97.06075583644024,8.789079642675183,387.3901942327091,44.95821541622986,201.57059518261462,104.50221451145701,74.08475805830145
3.0693350873030827,0.5917988003348582,75.47744246815829,98.04968589646325,7.972912751162219,414.64663179286225,48.50948037516738,214.56827957103798,127.66070311220655,66.77390658912971
3.389435309759992,0.46235951224543576,80.01135357767778,98.3214033496091,8.290416990404154,406.69470875203666,45.18260114831717,208.39632488129482,95.60301574879243,73.00733695179083
3.565208891766925,0.47928262931884386,70.95302108010475,96.9020216326847,8.40616610624007,405.14493243006274,50.0469194385177,211.09505521472593,99.87173338869836,66.71735800258139
4.1020801667621605,0.45722496648907224,70.64378330035706,97.3568882439038,8.97502897873736,394.9603115994935,48.97591549350646,202.67289153731443,93.72871457434655,70.92977101174218
3.8048779969377424,0.6940632403576563,68.63624560039102,97.83460535266201,8.700156829973421,404.0367190995951,51.380469148133635,208.87547050550833,145.4884699443529,67.10865477919539
5.21787190625046,0.5837519920254993,77.17601910560182,91.14399181476199,9.769994818496462,371.2515576187764,42.586431615907564,194.31853604319033,112.34529914987405,83.21685579258131
3.739372190170406,0.5441167075474722,65.21858542210887,96.81031119990668,8.577145315080976,406.3368078280493,54.02079892193976,214.24063513153624,116.7104128550829,63.34349765716635
5.472553051881595,0.24580965578154346,78.8778341425563,91.0417427741338,10.020168083222838,373.8606211933059,42.06455127986684,185.02775455657164,44.4256608628575,86.98909318036695
4.979987352107836,0.42428405135736913,75.43001935002664,93.26077552487186,9.640241481214247,385.8235756233968,45.162529349617486,198.69938803575192,84.15252230116317,80.57254423789263
2.7297868002506753,0.6797338320678349,78.94894265940609,100.46906772898265,7.7574725347249895,407.74207081143925,45.84001322789437,215.41747261738962,146.60253234611162,67.52875794851313
5.257083251253707,0.5075393146247846,72.94891334917949,90.78029270110733,9.776422515455382,377.33456467615946,45.489994918648556,192.6333791910219,96.96051684926711,79.35002230941946
2.4072823925991664,0.6319062939178277,71.87214744403147,101.00046471454287,7.456562133178231,417.31245236351543,50.97123568778918,217.70815475812296,138.3134861624196,59.87381652210054
4.861073979719171,0.8533023600655267,81.44430544212985,92.98265563388146,9.513706516769501,372.12853739925055,40.69455562049739,196.5848896115031,168.6437019610383,84.91088677272533
3.3321815271680304,0.7077212138417633,80.9142960664924,99.32493023792365,8.292723192207802,403.5749565912769,44.390703558449424,210.38894027525112,149.16028171538284,73.7317366761932
5.072910121557744,0.5186316675399485,72.68673031711019,92.58708486297672,9.69747103426693,377.36316626179797,45.637693595402816,195.65622172859415,101.88749469120708,78.46589511844479
5.038198415376076,0.3978021659608546,76.9547442613871,91.74757360489171,9.621073151212508,382.5216466638049,43.99088858382928,194.98156004105093,76.11125806838773,81.80031247032318
4.8207389004116745,-0.010709919211179697,77.25698156891426,93.64611207072697,9.49825400421265,377.4012450402102,43.25169611123258,186.1273723256338,-0.631221893753174,81.00599981269667
4.765106527074715,0.4663230155054295,77.5863948605954,93.01253928413597,9.415792329060018,379.9793382935764,43.383374655203085,196.86605087628564,91.71184550721834,80.61141286575265
3.0663769868431427,0.43479750083663016,72.36677408763367,99.98000695019849,8.066667361933206,410.7774644379733,49.87174367189966,216.3649728526075,93.13969309977367,65.13645741672963
2.2832174906793825,0.5780732388790751,79.14677797943342,104.03034711728505,7.463729703381297,414.75755048341847,46.52524296269069,217.5653604597911,125.91454840134084,65.13671590642817
3.410430625678065,0.46921895460506247,64.64399933270595,97.77643171337193,8.305781015061385,404.4114307406103,54.178692775832246,211.26506522345778,99.87504304111008,60.8740913338629
2.6073358024527806,0.43592298811264113,71.02315178893792,101.51560881919636,7.680216254569129,423.566907521905,52.27726867812793,219.91682345947982,96.3791483857506,61.05953868807866
4.432328811158616,0.14412021389855584,77.55844823725506,93.89053449531465,9.146185167679034,383.30814214511173,43.77740239370971,192.42084705567578,26.64704327141686,78.29411839286865
3.211349042882249,0.3120064341699867,76.13974291120542,98.67046733615909,8.132955924301218,412.79736718174195,47.92182484306481,211.7004445616531,66.80953870939983,68.62505239177767
5.4146357030097025,0.5953302081601115,83.26135799668546,91.07242486896372,9.959583801370345,370.5403436772604,39.73139053909439,196.39551348291656,116.85952284169751,90.60401709340452
4.243402270708662,0.843181526226539,81.08320969085683,94.99314512448419,8.991030437147039,380.00845225327186,41.721021200619596,204.3086239555976,172.77046155050894,79.97626144135225
4.878681972720264,0.4804949232508753,74.4267102407282,94.89502404649909,9.627565429542079,380.3299007720561,45.0485278518624,197.76147624952796,94.22183385191543,79.51722183766019
2.4638363545964697,0.5655622147148247,79.45595984316878,101.13129829916966,7.500893596281237,420.8121432525784,47.04126410250723,219.92959783539933,125.42978202251581,65.70324843712667
5.017050687954179,0.690495631390561,72.45025210665774,92.90980382318827,9.654249878592431,380.04954462804477,46.09440661702431,205.3079547152191,141.94696134685475,77.90932158720643
5.22965016679688,0.33782121275995003,80.93001711411544,90.15215492075218,9.743171114440228,372.0551872336342,40.91665206294991,192.773798242529,66.31190162477131,86.48108030642378
3.704716715866276,0.5733628086570884,83.49827245114449,97.37908874516373,8.564189913660137,390.6165554693802,41.77794361639018,203.27840115015115,115.01740691391687,78.20185080560508
4.121885282128421,0.3519019787335683,81.02098287282895,96.48704518643233,8.959937805213801,395.12391457715546,43.410200824705164,202.69241295705206,69.92644207425317,79.71784937289635
4.676834303160485,0.6729648876982023,76.14105308141319,93.20900206487507,9.332745570415746,382.38076941550565,44.39007369158953,199.17655523004296,133.79880027586535,78.62208940709374
2.611935195411444,0.5302806095903465,71.47542837563313,98.85004910322762,7.545443918559407,416.08391947688176,51.068638456072236,220.69024077818867,118.49538043047102,60.29613934452836
3.7589812676220484,0.5596903627962879,66.86782103985001,96.81264414826097,8.605715917612992,403.42589666224023,52.48306654264274,213.31604322395154,121.3537445199558,64.91341811366499
3.3953205972030958,0.3434802805162822,75.62708290621474,98.13012499009758,8.31790302057622,399.6772065723234,46.67649451635298,205.15723356645017,69.57903783627394,69.72988004944666
2.512308972567872,0.641406471922157,67.43868462722685,101.78617863660789,7.605781866985707,416.1634586679695,53.741028876108984,222.06446665035065,142.4866331250884,57.82223229312246
3.28637047802036,0.9169425842462032,69.97797125555473,100.1064257552595,8.304296059775567,404.04552724125455,50.51960194766659,217.04170247423028,199.16993153119694,65.12693330293597
2.2386030828492274,0.29841766091435873,66.73259469573571,101.86084628954747,7.3484117507329705,423.011738285456,55.12803782575127,215.12044122121173,64.91389649713686,55.3816692820264
2.0903416743232044,0.43204819847049525,70.20644834590456,101.99877364094056,7.181061769570957,423.7349740102962,52.830537038975194,220.16111506324512,96.00517580274295,56.52678181702588
2.4730820120418797,0.5463214948336184,72.82785134201534,100.41067871675627,7.502999861220289,424.8409210500969,51.29203693765163,221.412569891146,119.84804796497222,60.957299779317545
5.370902890562109,0.6572812423991633,77.81315637450305,91.3603027766579,9.923683324301969,369.8319318918474,42.11577708408506,196.45089813846394,129.18808375909842,85.12185616304748
3.9233533756325594,0.3880907429421062,71.70549087368924,96.65174659234084,8.760189730567465,402.3754087667545,49.24704624672014,204.2708818081964,77.2671203586122,70.15108721821622
5.380377564036269,-0.06660605802854802,81.80287160881944,90.73215421038299,9.916272095650271,364.6808620548171,39.72434147907226,179.72071184258579,-11.159696878878822,88.79884916175324
3.513742574155462,0.771837898832805,73.17546479903673,98.32484718703651,8.442414435537708,393.2437201814495,47.27881246369707,211.17637023346316,162.65530601581068,68.76570260382475
3.0913564657984085,0.6521012239168286,69.77101559263049,99.55255963116092,8.080706962486303,411.2213062594688,51.55021572740999,218.77844647161496,141.4603106314604,63.23397205161918
3.7714965199408543,0.15141049390266698,75.65725716014622,96.83434753192293,8.618911730042345,406.63875714412666,47.47277354256956,208.42076143453943,31.889637238330355,72.30416783890853
3.5382909102151854,0.37848624164408884,84.0637132599773,96.89405003765155,8.385977691092592,401.3098950209673,42.663624591537214,210.7695349423187,79.40349989038516,77.07504492223971
2.3698263949161036,0.8136364859054652,74.5195945065749,101.32011616540585,7.440915889953617,437.4507153793619,51.7573135476096,232.08464157469066,190.09399323423696,61.69825110978106
4.2428921014157215,0.7895592836915732,73.27719238483083,93.20607340689894,8.903813480474433,394.2731490413244,47.34467358353718,209.99413050169667,164.91023312280817,72.61471262924594
2.7561336387835986,0.687728004535789,65.6700535859468,100.54216191561584,7.7826297771533115,419.25714407899545,55.40595310968017,218.11807830508693,152.22886594599933,57.84714119534089
4.168557842142404,0.46477751320802746,73.90520780571053,95.43112058349955,8.954539653039905,380.57031046162814,45.35717393643434,196.09575504724188,91.99545292447094,73.51250402949988
4.2757038233935365,0.516597483762502,76.30548521351282,95.1858198109942,9.050623712140029,390.6050688747369,45.258429161067966,199.07497484918687,104.12932550035748,76.42325004445017
2.5320869859502686,0.4738148389747747,71.10059992686247,101.5411507616257,7.607727932054532,420.24854018826085,51.81817897367543,216.58852065401663,101.5940188359191,60.53098799920432
2.2147236948873386,0.7256479566537675,64.3307452426598,102.55712425704009,7.344956271769451,425.3314704765244,57.221472633967174,219.4334024104022,161.01985945782602,53.6578844595364
4.732665551239539,0.32483151870097793,71.42637171397028,93.34736402614479,9.400850304794506,382.72855088322643,47.00302160430929,198.39868056385527,63.23359727041903,74.95306949388254
3.6093014831926205,0.33884006902315905,81.60385408426994,97.40637924335603,8.46350346094105,397.74788627576015,43.420431405632385,204.73334191032836,69.16204800778411,75.78360915355813
2.203573284269165,0.7020549173672032,79.8142929597753,101.16404037170099,7.258410947078095,422.00641810986764,46.9865546120671,217.48169432264967,153.9887495639739,63.83238033462829
5.482032110094185,0.4911277088976877,72.14524268609003,90.34591109811882,10.015324707010608,381.2839836009816,46.415832631722914,197.62918004962916,97.56793548160745,80.53602962128521
2.202231963487283,0.7756934710907617,76.00646229218185,102.33256497074127,7.311362453274029,421.51585587862166,49.009788874543474,226.32864125036926,174.3224874214587,61.6250392470539
4.432623301004936,0.36569755860389086,69.42628403735506,93.89713558575284,9.148625514915592,390.10354470601544,49.11517005158461,200.2859034303946,74.3794759691126,71.21419001238371
5.442876238421947,0.48904432793223496,83.55303289608109,91.63805380222122,10.036500191628901,363.8292775920584,38.89016382784733,187.25356182773675,91.91524674970526,91.54067729658547
2.8371303647557395,0.31551740303120934,74.63073567717807,99.54313805859088,7.818302249190746,417.69881667853326,49.35545146054685,210.0111648461243,65.84597710375341,64.85287100406079
2.4978727904051867,0.5014725362847134,77.74565484156889,101.4304895625805,7.575005701393977,418.2854425353539,47.670217207974396,213.1535160870599,105.34862507413277,65.10171504836147
2.4248472879785012,0.20429061260024023,64.3343500096615,101.60628701752752,7.495989571891528,422.9469156924524,56.897910002237246,215.6089769709418,44.48164051737762,54.75855120455644
3.0614630164865844,0.4024733158090074,77.06194112940834,99.88190151718528,8.0529058048236,398.48726772222875,45.7705471016227,204.4129883536,82.10734541413498,68.6111373556564
2.3536603385372636,0.21274922701437643,72.78602208782219,102.48282175434221,7.492215417357592,422.2578239441631,51.00593231744096,213.6181620940983,45.603408210498415,60.83241733546137
4.422564695929461,0.6387846466382516,79.56672298906956,95.07624965302124,9.170231885188787,383.2207917326977,42.78606818957358,200.3326722390347,126.38423388613788,80.25894236951126
2.2180212934552195,0.6433178679519304,77.23596454263551,100.55212051180023,7.256238636614719,423.67713816621585,48.56679700711612,221.2078572034574,141.8883100119869,62.023423038020425
3.7829774485242638,0.15394745390313097,74.86849638560287,97.71489744857558,8.654951919058673,391.04127332835867,46.07614014411773,195.3755224753202,30.557868861610995,71.89296761933696
5.488438988485418,0.7667771491001145,73.58197859070293,92.01231011965672,10.077072910343503,376.19216122044975,45.008764755695154,200.22994783410536,155.4082131760047,82.39551435574924
4.848895943271065,0.9994830252839708,79.71715604282275,92.6431647710941,9.500068028481634,382.3954928924576,42.62233777338383,203.34457933797498,203.03417370896503,83.2780493135252
4.153268033808538,0.5092012773472682,74.68314914354461,95.6528794118084,8.935793632936555,398.5643976720542,47.06537271027275,205.4085330801536,106.03758648151093,74.09677708110142
3.0718876727531406,0.371777147955071,69.32234043966555,98.53572780125938,7.9932890639461665,418.1401790491152,52.71404962731306,216.6684021392139,81.3397090201492,62.224228922971584
4.183635427020734,1.0648661182006092,70.41960135513645,93.7985732000417,8.887191495292809,397.04991606272654,49.37228105736771,215.2503598038228,229.44660005183457,70.05159510685426
3.8446451236907806,0.23620630033949785,67.22775206686703,95.95276985464835,8.654741831972833,394.3026499901643,51.05711864418383,202.06578319257736,46.716869289455666,65.55467778870036
3.4912918436163003,0.5040212933738196,71.63809441452423,97.34836731577207,8.367917755057476,413.20334295340007,50.61403575337337,218.4627676629431,109.13940816796988,66.99052960071768
2.457486318590698,0.5359244545263847,78.46244381268073,101.1149172998511,7.507533204389133,413.8261826327075,46.77987231609661,214.83265011364054,115.75161169731707,65.02348491864838
5.103114753341634,0.769029524090483,77.01288670253713,91.3719670912995,9.668843932147231,374.4759285556657,43.03683543287694,198.81632765924005,152.3691302670977,82.22092423215942
3.574246270874629,0.5719477950253576,71.64025699543436,96.90339791848501,8.422532455036126,406.42775950423834,49.782763364765906,211.26445476579886,120.21687635176697,67.4077338104668
2.6811787913726777,0.4002732208423097,77.24169424054762,100.6070691728929,7.718476243438796,418.5165013709421,47.97207401967519,214.3755207033214,85.62816980263142,65.96228029919493
3.2871577280705138,0.30976312592240873,69.78220616506766,97.8787663652651,8.176011210593584,411.4280769568241,51.56890198117463,208.3393037124606,64.3720031401307,63.989173119053795
3.4494541338512446,0.43163563595077287,74.61609633228538,98.36172999756067,8.369248004835486,400.7671589637307,47.36299313430009,207.02624364351865,90.26067230976352,69.35302238731735
4.89638263448406,0.2986145278109712,74.97750729775329,93.40798930042375,9.569456012513221,375.58521869385686,44.19819204367117,192.9819244772853,57.12170855557685,79.51969020726102
4.5676503319649076,0.5095650639569366,79.37683352629965,95.91753403505442,9.37639473128138,393.39403480688327,44.01521281139646,205.16203404118147,105.34464503375415,81.94158207660278
4.69256712774469,0.38716076402790267,67.74493869869613,94.47655899859235,9.423939735963659,384.2266601087492,49.421437143044926,198.04946916852728,77.11668893266199,71.81328210742821
2.0386094255002654,0.2011924413420499,68.19534258152703,103.0593494574118,7.176508881922502,428.382828405745,54.78367563376424,219.0616424326432,42.39955065806062,55.110982522925255
3.4565389936291653,0.7510291576749808,65.95661849688233,97.40590208496378,8.3246977947925,403.5556142507033,53.12974988048834,213.10211787196113,160.34041174711675,62.06344088872141
3.6847045307236326,0.4004654953141921,73.123661827822,97.33853202380648,8.542343298214123,401.12702104994355,48.256659082322074,205.75188917821674,79.72877377730823,69.56551223402715
2.0671729688806986,0.2463726390049375,78.537745080819,103.02617137685064,7.224162411929347,425.09176773197584,48.01249086973513,214.38749708711293,51.92399016536338,62.656108995395286
2.90934623060762,0.4663481731024917,70.9639794284615,99.4066377216688,7.888909650196111,413.75508418117175,51.10360028026528,210.77481426396741,98.75752641458045,62.64589124085633
4.6610143809274724,0.5136743131935317,73.03979756613471,94.31343478415614,9.37770167999138,385.13868060765793,46.380011981715754,203.19528535760492,104.36555554997203,76.2286774760184
2.4798839700514965,0.15070665488419327,77.33448288498248,100.20192769307427,7.4872990843989315,428.1379126702401,49.02277983761442,214.9314469074083,30.62370728687355,64.08273614418212
3.8735854600840707,0.5663295334251526,79.99105034437738,96.24693102127574,8.68662370907822,391.29584214923017,43.48163963547717,202.29152978941778,113.44450591452778,76.4144435216876
2.7532065520603313,0.2905684862619471,72.86099252612844,100.80846383524278,7.795718936557248,415.1566429694143,50.10278423089169,211.1017723219824,58.7306093175604,63.33205816362868
2.0424227112536264,0.8422057618381575,75.87448152375381,102.62145319253862,7.167094374363388,423.06907764047793,49.26598334377744,223.61084767474372,186.98378106413946,60.32262386247613
2.844205101598395,0.604792102415347,68.02827341752834,99.8798786216622,7.826011921673812,417.7419440036405,53.53725331948696,221.219878409856,134.37109870888278,59.94532608387766
5.415558142185189,0.4200200019781367,83.3885414402493,90.93531781339802,9.941822642429537,364.9657830684374,39.08036012126234,188.12689735770843,78.45962686175027,90.5287546031046
4.805379891590464,0.3509664459365299,86.5099873395938,92.51268938688318,9.44368618225201,373.89506646195133,38.741593152044544,197.4787970508269,69.47837709047657,88.84766293213572
5.358518255123617,0.4790064584872752,79.03630086209198,92.18430685232671,9.972697260176302,361.633917581359,40.616458015421436,188.129450077295,90.12886600022321,86.65959937566109
3.7074891537422685,0.622558148316658,64.02732887777671,96.2093578243638,8.5215821550739,404.44639926150967,54.634741708602434,215.67562835344722,134.30320289525338,61.94911871223555
2.384076695371262,0.49490117428296004,70.06974072245659,101.9102590281285,7.492241635657217,424.2761191073979,52.9883218403384,221.34943573080477,110.56922809315893,58.87901487273905
3.9178582114079252,0.4565682385726287,77.76555646203612,96.61841457869816,8.73622426024591,403.47167397622883,45.971528039106616,209.30643540639338,95.35975989324169,75.04160868640541
3.590320670959863,0.5116740581635791,72.20096981932002,96.6749801306733,8.406713368734977,405.33285710352163,49.30998478417643,213.49723569068948,110.15166536562111,67.73043488718082
4.955249789588656,0.37922821375260907,82.30729251875688,92.7151091399443,9.594847565751063,372.93171106098936,40.401110344040205,194.39873832466444,71.24414289768586,86.4281873198603
2.343289032744856,0.4313588146313925,75.75273316147315,101.07078264719723,7.399760878859153,414.90529371979716,48.38391482386071,215.19238724774164,93.93655903772945,62.17004001910153
3.7088439795762236,0.08284151221899916,70.91823527166248,98.13188005152797,8.598124914055894,393.5637725818898,48.637216476681566,202.65969699377328,15.49855767269856,68.17284929536407
2.525170326428945,0.6947452461704735,73.191528445571,100.25087750791772,7.541309412446236,413.419058675487,49.69485071379247,216.13392260639336,149.0850755438905,61.49975775795863
3.13636574411521,0.5597595560643523,69.2944727897428,98.49960222021119,8.057343625601773,420.52554854931435,53.033399902207535,216.669340263699,120.57811622927301,62.70785947467424
4.580749770857299,0.34530883119331396,74.58397533296655,92.98799579531499,9.222078680025671,387.1638887509318,45.77272316970836,197.40911535974172,69.25096611260993,76.33628324720144
3.6660634527906826,0.8797469962710478,71.62630994118605,96.08261893373857,8.466860162394788,399.09744167932035,48.89323576759513,216.24947216389302,189.3555237322398,67.72666029536188
3.315608998010193,0.5174032960784773,79.85253979877741,99.66834073967017,8.274610749284516,397.76747106903235,44.268917935967416,209.54630501786554,107.76406011807326,72.70708340056096
3.3806669749951235,0.29277128560496063,84.63686065414913,98.6018853266471,8.30484749909356,395.76776655449953,41.819621215124066,201.22492876236342,57.95119337149798,76.75899162627509
3.6080636894209532,0.6713474842940916,67.17373476112638,97.4840118275871,8.475221335105466,400.57958242090825,51.90620664670572,205.65070089967776,138.3184754931748,64.17017659217711
4.7475579034296995,0.5796096433018525,66.08098805306689,92.8582857673185,9.396043216264985,392.22801653474926,51.55401192491982,204.396462844145,119.2137692561429,70.12578600574696
5.1222964112908205,0.5789159970968438,74.92089358429206,92.79805200931953,9.760616710391687,374.66959112316067,44.119836156842304,193.99200690085044,114.00940061958427,81.05096524021326
5.343671402763749,0.4148488790696819,68.82032718917309,90.63777213883291,9.881948698442185,367.59556306911725,46.63715264551844,189.03264277762494,80.81979746366407,76.25477792627318
4.754161851893533,0.590099144755607,75.93605224062682,93.9953449538367,9.428433706138003,392.6092013546411,45.686203999144446,203.0472697531628,120.46820097949036,79.28873008094331
3.1039241351180444,0.44764834195578107,77.46938953117129,98.43825650580234,8.017445978182451,402.962518927053,46.068975796778595,204.97690843890518,92.12322738876722,68.63820960708226
4.408471471302898,0.6111882903291684,82.7608752518976,94.05474368893931,9.116768626265577,381.6061008243101,41.13869126267258,203.73728350375438,123.30450224886052,82.56104837001428
3.5316109341938717,0.11901110919787222,75.24490591460905,98.2459876392158,8.440821669848932,407.6363261753472,47.819435284928566,204.23599331775486,26.215655256606205,70.47983073373875
2.891347177161179,0.4132253074041622,72.50384048834552,100.57134675526048,7.928369120253947,414.5068295626282,50.24091328465872,216.27712999889485,89.58658663761722,64.13553032089747
4.94305052799073,0.8444310195616389,66.03973605072346,93.17730149914986,9.583869573854331,379.5570991045029,49.9156255423235,202.00227302598233,170.28792052319116,71.44419212966933
2.1344922213681374,0.3465865089199399,72.69231641157076,101.68953793260609,7.226280226395337,420.24063427699576,50.81979227494386,213.0575063631921,74.23038909866018,58.60263911694693
5.156166972473983,0.3792323405013627,76.54383666971609,91.59603410376279,9.729577285484272,369.957469077803,42.74798568148766,191.68535642627995,72.05693562998118,82.27875481951193
3.6151711261865698,0.410407732310005,77.5329894224876,97.47242005130582,8.481430157908035,394.82572047746197,45.1059335551528,202.7868625095152,80.88762482049955,72.63027802635317
4.230205168828982,0.25703877282227133,71.53380569494932,94.5148571395705,8.96585849627678,392.1044667857324,48.091029658636636,199.4936127738738,51.84939633421151,71.61294414488698
4.307738727720239,0.05834384475434956,72.99402347208499,96.0196846610826,9.120341972073934,389.3508602560939,46.91312024257408,195.84039966804173,12.768555726795901,74.11358255690115
5.1329120924728775,0.45388272029527743,68.76948323444653,90.11325012118449,9.648921595492975,378.77050165320514,48.085944721237645,194.56906595953436,88.86845957822567,74.45566941601626
4.2283438875852255,0.5271718848163314,63.617548630681945,94.57780478115639,8.977620545893528,394.80450056023494,53.629128910669856,202.06755584412173,106.51725514457328,64.8812285042408
4.148767546660216,0.48949898629226957,69.43603560200835,95.07166038439338,8.915018601964318,388.67159774393866,48.9288765229004,201.5757444368847,98.68439431535602,69.39900845461926
2.2332821419624147,0.47102428761042264,64.82830949908981,99.90835757131414,7.220745654690798,431.11944363766753,57.61448394646835,224.55292153825778,105.94215964611328,53.10980562658298
3.8144280768082144,0.5086081741700775,76.26087516927291,95.5325184269823,8.592470379438685,404.0488355277021,46.840335753007615,207.85035785857872,105.85604523213753,72.5700937602682
2.525591502859646,0.7045682943101528,70.44003952009729,101.6606613500249,7.605022591276041,418.9095739576924,52.07724616458341,220.33123592602976,155.1777017621701,60.022269500783864
4.581018190525199,0.46191076281415666,72.8060361782563,93.99066324240417,9.300842251244898,383.9493069716521,46.36730903833214,201.9143292251368,93.29174471496056,75.39064407750617
3.7927767228443607,0.3851834845825461,69.62926683653717,97.98379028767906,8.7030149367753,398.50299979014335,50.044790768724475,204.84972238926218,80.45974262610368,67.94380988330664
4.380797227229237,0.44377490302238276,59.09412951011292,95.90339086140553,9.174077968932378,398.4718131161042,57.670863782686794,206.06471884697956,91.91862383699946,62.30710179228224
2.145855152108345,0.6158693519513552,80.11657992626776,102.83594407050396,7.296431453611073,417.5511239600782,46.33455067887765,218.1240269665102,134.44105011690914,64.36383383084456
2.2967720561603113,0.78240537570865,67.75477385350844,102.21188840263947,7.395044491629155,432.25143730467425,55.59162683940727,226.49711043618075,177.87178368403949,56.483949816633256
4.507131858219388,0.3743712521661643,73.34645788061373,94.27778338309527,9.223523644750609,388.29705514991855,46.58830921238657,197.77738732058498,74.70146712814311,75.25938888432076
2.2522951759953567,0.5197867574057767,65.42829338474787,99.99290126971266,7.24256101455496,429.120865833496,56.891233591169545,220.37870953919253,115.49593279541627,53.68574584825943
2.249398547178405,0.567671488387192,77.55892997381726,101.01145747421472,7.283085498882867,429.3809122161374,49.03907715004457,223.9418948278911,126.36851733736408,62.49551497285482
2.042379663322106,0.3014843986542354,73.16800028117315,102.93221158085177,7.196835604739993,420.8857774233486,50.606696806515025,216.48089941535332,64.78508587421803,58.69481939225045
5.3477548940481805,0.5040834334425837,72.28547944652847,91.7756784378295,9.945624726891532,374.7835413647815,45.546740917797884,196.56318666090522,98.27068856625031,80.07985914228195
4.581279258106525,0.20686522853158096,73.53638705300772,94.19725844633768,9.29571430678553,386.8227068656194,46.30589381608789,195.7572461532725,41.26209038570335,76.01153007233485
3.2363799297572244,0.1461899392521202,82.27455552633302,97.95869827167719,8.13248517293542,399.76319900878946,43.32323214439178,204.26106567503783,30.57878375701414,73.3490797339239
3.037874534506793,0.5733492815784514,73.28060228200175,100.11736415520183,8.03107915571842,412.36936658760004,49.51565614178075,215.39965015649764,122.22599179695533,65.55929938163004
3.2239613041104733,0.42322505173384345,72.96008587685303,99.90209065861704,8.207452368334152,408.0834441794782,49.19033531200079,210.5315823093288,89.49307762729393,66.73247766902195
4.711287359134136,0.5404560815242438,70.94663740026465,94.26088592326359,9.414638855499927,382.43487733144593,47.245307478355556,192.64556656337948,105.48870189572983,74.62873477256366
4.31479713874645,0.49642100459833,65.70485081413423,95.6898894780598,9.096954879732191,396.09304985585413,52.32069617682978,203.85802077368925,100.96407082917756,67.5767733932924
2.6481844875361378,0.3047199902672405,72.37762801714663,100.28397365525936,7.673144957635156,414.7272783786499,50.34464919192936,208.892243238859,63.96761560057346,61.97846464953732
2.609382673669295,0.4909491396071327,74.75868477002624,101.72790794031812,7.706382112795987,417.3204900652866,49.23631026101839,217.2786291408785,107.403241734556,64.01806070614042
2.3443847739968904,0.2533797389970289,78.3111840504346,101.91126020247302,7.423462108124413,419.5479153050613,47.50790285695377,213.76472040134612,52.84309082266722,64.20599259865219
4.311059518954684,0.7781944716002802,63.93078875024734,95.32053610647621,9.070153990911324,389.9511205666362,52.74542949676451,204.50450458455208,159.29626304404368,65.80869751316699
4.675304317776076,0.22880593102800723,69.98488354621614,93.9287803620435,9.364541725682532,387.2296354934568,48.412852319740054,197.65563182908383,46.49689705332402,73.38633389416104
2.927662499137514,0.4608429458062837,70.60948954618277,99.65599156866637,7.885146246285821,413.01460051906474,51.236473874758936,210.57295971421394,96.44785424508211,62.344953351029964
2.073307363608195,0.29154568239055034,72.47056459346382,102.05542224727348,7.181739685441369,420.01194816023934,50.92871016837046,212.29163311944274,62.72517518587112,58.087644901667886
2.2876008361674955,0.6140842346721591,72.01995254575888,101.92768774257053,7.3815236250528375,414.5562159570498,50.543337698929925,215.0689288368774,132.09760017369402,59.36861364845215
5.3875101219576065,0.43371372574369943,75.85656871791278,91.93312386713463,9.983034889948028,373.9419620542904,43.55426353956684,194.55695955699042,83.7075191566949,83.7871700132224
3.034056721170971,0.39626665607575795,75.68134835825488,99.02762083165128,7.998896473337292,403.646530653818,47.11019823895302,210.56614852645316,83.34383500851456,67.11106851992723
4.6922810174334675,0.6706403090103109,71.11427166702462,94.29169424906938,9.40774882001978,384.79623739979763,47.438783520043465,201.28570643836562,134.46418044109802,74.73487328285302
4.186322490989923,0.5058861183355104,79.69429420035638,95.93752781802941,8.978891577241733,388.8192102431635,43.349380661230356,204.64281417983096,102.63764486892697,78.71960058675755
3.3367887387851356,0.6033288891871935,76.17140869503957,98.08208949663616,8.246613989826992,402.7564978405899,46.73899428358474,210.52298935932578,126.76025654607628,69.5736770208417
2.719905417684443,0.30373481269650704,71.66472518058094,101.59137112100011,7.810062692200204,424.9161983698402,52.031791869775496,217.48639769721814,66.12661658098871,62.57797504464899
2.4248524635579223,0.21903661121449863,80.91436291571408,101.22857904059471,7.489246091248151,418.74770310105356,46.05957625081429,212.53179160328935,46.386189025581665,66.64115677442891
4.1525453881360335,0.5214415924080267,82.76513464362208,96.673728631614,8.993123715703716,390.8096392418871,42.128935698015134,202.8318160002918,105.49957154507518,81.49052087908527
4.711218232232258,0.43623072890105374,80.31793865464776,93.85803777241988,9.402664444355823,381.2436167277235,42.211284093351566,198.04386937085542,86.61881737299893,82.9576318977043
4.253664887393958,0.6252869344907889,60.01161401203379,95.09948015935834,9.007820317898279,394.68125092163353,56.373682636968574,208.20057185054267,130.7165033066361,61.966003012932
3.856057466372054,0.4840183094674901,82.52199442323635,95.79355776342769,8.646865561646427,393.95844724659725,42.57997784229097,202.47027565803927,96.85522530858113,78.1667614091936
2.146829282010727,0.541015067846926,76.54998775077254,102.41548932885442,7.260072538949122,431.4712679490109,49.85226216223925,223.47225905307033,120.64946352412205,61.60026261542096
5.389710721580343,0.1753234940117513,86.4996960544611,90.97300486367327,9.93268034862031,372.1870410688115,38.56872677181926,192.06192313902855,31.69942652135706,93.42769430398215
4.795499670791012,0.8776873879228513,81.94192256361691,92.20911404403074,9.419734169410733,388.58847974478164,42.26455885517377,207.81392799987063,182.23348028115973,84.60505035413215
3.024877128453377,0.4671516029935936,81.52156594163048,99.23883771223905,8.006898575023953,408.3616125877332,44.619167994587535,211.7614680476288,99.07523829679806,71.674038735453
5.429896152755977,0.6395173940678398,80.90914963420907,90.3523209212764,9.96343417796018,363.982971258609,40.03810097478267,193.91878361825695,124.58421517251843,88.36959532464641
4.106585563727127,0.3327816659560747,81.67136866970012,96.09574394213809,8.898140187266344,387.16606406499403,42.23413151602295,197.5722680232688,65.90253330599981,79.68375431632508
4.038479303725363,0.5616019804434682,84.81679386814264,96.9103468175438,8.869798069256705,382.7384301086159,40.366101245827046,199.72532351715745,112.71431287600227,82.06750179895688
4.618256128003362,0.23943104729505094,76.62468104549507,92.85457101095204,9.249077584231514,388.20379654154806,44.814456094523955,199.32705377339695,47.790310220870644,78.37105007419628
4.841194258315482,0.5904135676519342,67.94828038958794,94.42566627858935,9.563821446663745,378.61467733050364,48.57255034212117,200.64134664258754,117.78585491155606,73.0445205276926
4.297675125660259,0.42880518312283344,73.6199056507166,94.85529623268098,9.012352691370733,375.0283941807011,44.849176910962846,189.21598825018225,80.0208613229976,73.71753181520543
2.4483351122817,0.5058381007871134,74.88773013165523,100.65080999906324,7.474987596568668,432.8640345076142,50.99253258819275,222.54625118382305,112.30937032882841,62.23303862831811
3.1839362709807446,0.6395948060260195,74.19516144703468,99.46242687573394,8.171128607659053,404.0463575755635,47.98926097786987,209.6203702654735,133.30582385564094,67.39262208298129
5.248292741141174,0.2534919377559439,70.06514145857227,91.27381182340184,9.821807720618557,372.6548343767709,46.543955033114116,189.88214604794052,48.013874032318625,76.98442687105704
2.7861546414534817,0.3631016538774406,65.18804744376928,100.18306941408763,7.790217165652129,426.4784961727516,56.72158151090452,216.84042734135045,78.2432407916479,57.55836923904845
3.3025845834312966,0.5914648562173531,70.25728815694342,98.1175313626208,8.20412759715063,401.77327554022247,50.060659258079255,211.08682161239136,125.26951760691517,64.55457617570009
3.5122690903046863,0.9196442949093494,78.25342068828638,97.05366783844168,8.37062489929484,406.96916317145445,46.11369848301758,217.62406669146526,200.18568639223503,72.30564188706362
3.5379174639305826,0.47238353306770364,82.14719981083154,98.19648650216449,8.45709447659125,395.0620183267223,42.87292713590243,206.39514249808502,97.9451609575148,76.15349672823217
4.145288538730839,0.6182272235847865,79.55718431536552,95.2624489921267,8.903079615659776,383.4965567376739,42.82141736247915,202.9277026373559,125.89781491320626,77.91396496203464
5.300765432106477,0.478605706028304,81.64805495409846,90.29799955388394,9.81332174958348,379.6029318335817,41.41963864085323,198.3387235440471,94.74637177083483,87.81700708738556
2.8424244914137673,0.88844911895126,73.00683152387873,100.49236237942456,7.861382513099795,418.1851018637652,50.37960059268919,221.74770661393146,196.89321822568857,63.98479180662299
2.4252548170532133,0.15055566660694886,64.19989349193403,100.54714225949475,7.439298435614199,430.13407881351765,57.96963561144137,217.53392948337628,33.25257025132009,54.26344840769049
2.6911467145097805,0.5189242089338716,70.95327315299821,99.65837836107556,7.671868195083341,420.01960457107776,51.884202850854315,216.87191760890735,114.98602721584815,60.93190162491555
5.104237150732443,0.1748911932875878,74.83126252151703,93.0892549364183,9.75574062215127,377.94819071375616,44.55293714600693,188.86799262825232,32.0422174576508,80.9424100447489
4.260337844293221,-0.001314314107343395,72.62714297897345,94.13174562560555,8.954318684413611,385.70197899639817,46.679815505002956,194.73885048076434,-0.2141965304452449,72.43523072735807
3.0006737623370605,0.5594924106235633,73.8742828416776,97.6444859462783,7.889358869027352,413.2211637690052,49.266729892523536,214.83483878931747,119.00275349293578,64.85502558493846
4.85581428639016,0.5278995592294917,78.03407594313293,93.50293918560362,9.5357944524566,373.4266655713606,42.418422817612324,191.62660224587347,101.13868651268382,82.01403217507682
5.014794987272026,0.4430326124515597,80.28282992594391,92.205126800963,9.632008524328626,368.3019949477346,40.79424573308577,191.87038580281592,84.33077737065581,84.87981760741536
4.962800185415973,0.47876118199204937,74.5647609006675,92.45607525413361,9.577923244568009,380.670397401913,45.015251429500374,197.06871859559175,94.22894623743191,79.23529122471018
5.2162428677384405,1.1196598868142515,66.74069441306317,91.49154964823529,9.77098459336906,383.6747781456913,49.9962609252048,204.51267942981764,229.1399538364168,73.51284737569779
2.8828435706067657,0.4483649723937131,71.04502368827244,100.0953834540913,7.892286054607788,411.8194253113949,50.813659688150224,209.8877286966738,93.61691457043933,62.72856862386494
4.6426467506119735,0.602024872250015,75.78972808569428,93.14856097933563,9.293433672432458,382.75537085540043,44.6155244218831,199.00683619412825,118.02330646046234,77.98028624889602
3.61188824045949,0.3701270360772238,80.44830549921842,98.53928305804439,8.529945712029253,391.5310103343124,43.287821499065636,201.73843482520232,76.09438462186313,75.40985647257699
4.946994935115216,0.5590465150081206,73.09735471121773,91.50453334284921,9.509651071511243,380.60412241572755,45.80219475558683,200.26379890308672,112.79605583885703,77.33424510226128
4.549717370065647,0.4523532649888765,78.02237898607578,94.43188913811194,9.268558601690373,387.2202569337043,43.99111469083998,201.90296530308044,91.20090633687342,79.77072068148476
4.717566062749036,0.417896303454054,77.111518773476,94.00221558347964,9.433450114893523,384.444028876378,44.13239882501449,199.6961848998604,82.55756448531838,80.35543562475006
4.29656643188375,0.863779706440065,75.37538238387745,94.35429607974017,9.009226740657203,392.39119311145964,45.96069524434247,209.08356740894683,180.68716706822468,75.27872429026779
2.6210006931439738,0.7354369926368678,77.79786742839573,100.00751001777384,7.610478163590996,413.57913392084913,47.105829108907116,221.265586471174,163.08788631343444,65.42938820357452
3.9075942161392843,0.5273493294798461,71.38490707560425,97.13715961484863,8.770971530892018,392.7759613347822,48.26152359796941,205.69796309758857,109.24469473064308,69.93341909197719
5.4463440883357785,0.03915761281120661,73.65968065778536,90.1451070876114,9.955327565514063,375.4065987928093,44.87306141275284,188.73487432705733,8.252629297271435,81.47037817273198
5.2808582327399165,0.42779815534948606,76.27752576381675,91.03166503280984,9.811248470703527,377.3240149414864,43.733754717816595,196.2121560124462,84.9898747045819,82.7567390197168
2.1511080752895406,1.0406055128810168,69.38059716487895,103.18096890645441,7.316779983809795,425.05218653069306,53.546105939191975,227.33710595225057,234.82738604683277,57.016230158563594
2.5768518550530297,0.45386766667205836,75.63228368133665,101.0088114941456,7.648577107445327,414.64468484073035,48.42153765088729,214.01587021837614,96.8302404327833,64.17124992345829
2.461050707090967,0.7206435144107316,69.3872993266785,99.94860759107833,7.432475727370594,429.43180118914523,54.09326237715111,221.36164523163046,160.51593479607538,57.93342599771458
4.540929684948534,0.7883884803905201,76.5806366606639,95.50439341832295,9.30379229562446,381.492156099179,44.06206408418593,201.79840993049208,158.1719100476859,78.76522868827716
4.862248654499307,0.5437927831711951,75.33383454146538,92.55812110222845,9.461669438724215,384.3627385315485,45.04224386456923,203.85803704487572,112.07579691363122,78.98644530109118
2.7472897820873516,0.33163567362636953,74.37137756238835,100.06227993076914,7.749650734418401,414.57421841238613,49.136831753852725,212.55839486516282,72.3023240811864,64.08074231662229
3.7704844253314014,0.012937533643422316,72.22587433508248,97.00793191320118,8.630784883357574,393.2562886936305,47.82634321297132,197.0356869061898,3.7404101477628173,69.51391827435893
4.9424605980392,0.6368326417217909,74.23551124501292,93.20144934446607,9.603588072760466,386.29559474690404,45.85899569402499,204.69749518957744,131.01963702251538,79.16993762511046
4.564805406681877,0.33704879943529037,75.9578128280035,95.5920645096466,9.358328589145334,383.0506225645493,44.5626301975611,197.29669410504874,66.05110765329556,78.67661670742672
3.897830219221469,0.5352300903775384,75.68776879387232,95.02953971320031,8.657612707784786,393.018918427315,45.866396565039324,202.96494296080738,108.91457956813274,72.60224450698175
4.066216916605705,0.25003593208212715,74.85845072297107,96.42900255902079,8.904688517791767,385.0088210161002,45.370710605240745,196.30226451366266,47.736525028785294,73.93424821406862
3.77926191420698,0.44695249190595954,83.0619260796138,97.36699105551563,8.659213574663832,387.14095408369366,41.60035907192565,198.00432617107919,87.71741632573249,78.69267484928486
3.041419579615872,0.5067438109802106,68.69601890183262,99.24529954264516,7.999655126062035,410.66393289755325,52.18357149804817,213.30034795472034,107.37782772346849,61.770387797541446
3.9775769750065564,0.5537187162088596,74.45207339524431,96.70829954333004,8.813659216735408,403.5716307248621,47.78706010403151,208.41609620075604,115.46586579951077,72.9075048827792
4.411098557175317,0.2770355625295171,67.42517315802546,95.30857426399564,9.16784050122029,386.7498113190128,49.951429947680325,199.38702832151662,54.84512028671183,69.58902993872059
5.0566302055128265,0.7393821897522704,77.92836363995232,91.19622405271551,9.614134846459923,383.78323177655164,43.64726191744693,201.96186749101722,149.58860778858627,82.64210577867708
4.2270197389273685,0.3806210430536057,69.49619100482877,96.60524411845888,9.057900261570495,390.3897000236432,49.10797550035196,199.25475783935659,76.71838058708678,70.56982308003536
4.663925379651053,0.16510610790935093,74.20515917619838,92.4292513687108,9.284538874851238,378.72140687698743,44.97603360436823,191.61163108051102,30.926523094994334,76.48014300549971
2.5602507223410056,0.47819531600730725,71.21197924015257,100.13086944681547,7.580216729944815,417.5448177627907,51.41419057502165,216.67612225976438,103.76210784818302,60.385940875630084
3.6154511604692647,0.5068750618052921,75.74299702556897,97.1364907994583,8.468974019817113,393.91838117474293,45.94175557652535,202.14765252077117,102.04763487544265,71.0685933051388
2.0326606693948266,0.532117886634352,69.67523821554789,104.42564006766776,7.244621808642641,422.95762628110873,53.08520385428511,218.41804824542245,116.41431272881131,56.65446046470015
2.863376025825681,0.7724264807370158,70.4595227425209,99.73157860580741,7.84125884576702,410.56227367827165,51.027182325218966,217.07785866157786,168.36285901010172,61.87775152023705
4.542616002895517,0.4527102326528281,82.63042152390412,94.07529687782504,9.252931849502996,372.37017506297207,40.19955527967436,195.6524781203515,89.4951146798089,83.62992826636196
5.471334829722772,0.4760760751262457,77.98843574803995,91.99599097909395,10.05710299459658,375.22654615292606,42.64498430537045,189.69698267476915,90.98049909438856,86.4633607051699
2.3471233485552556,0.2793631237533813,70.01129375815496,101.54481376600422,7.422352175153958,424.6035241447703,53.067948810850666,217.72253533605235,61.23763321191451,58.28881916788195
3.4052301055145087,0.6641107005775794,72.83210776756125,97.13894526035467,8.275452370986796,401.9267174451491,48.52305806016829,210.15788810242603,138.14788902658717,67.16316675766078
4.800248390447058,0.5368618128156207,83.9870728298902,92.86534276524465,9.446441513166699,378.5851293368769,40.2805532652441,196.3562711668814,104.33491776682166,86.63358407665737
2.714124721201146,0.41599445454116746,72.08112527418588,101.59719694284061,7.793238514451989,411.1253776330756,50.08768779177209,210.44035171438378,86.71784104507603,62.71566136047993
3.9427973225580017,0.11906506130690725,71.28497367130767,96.2569013686911,8.755283286956173,383.02503496550474,47.12125964564428,192.57070223508745,23.287062674342394,69.68838122305534
4.565749536103862,0.7888824390110175,72.05391869269268,95.56440323088148,9.333674051725664,399.28840965454236,48.66171122794908,212.71907581426044,166.51933844013277,75.0442901824533
4.155949075910627,0.2544640071087886,72.24150648614487,96.04452617532253,8.949604037572408,393.0593160374792,47.79330204799902,199.27304518306087,51.04533991422021,72.0944288286538
2.6580865711539565,0.38174439812605887,70.21721527325113,100.18084985184636,7.665177247017129,415.66450375378315,51.81736891985937,216.8756018804097,83.05551536519641,60.32375640294671
3.243845990400088,0.5716689022152006,67.4943759467339,98.68740007717176,8.18092872455977,399.7141010717238,51.579756103393755,209.67981763767472,117.93174206009328,62.19185506754735
4.743271245698891,0.26068841427666267,70.07092501010378,92.71597614554038,9.38855155309393,376.7298499583671,47.0495188997541,192.67119544363922,49.13954559522371,73.61046892691306
3.939792799462058,0.20129804434937132,70.58114948754762,95.67597877736378,8.724517344501962,405.54965296271627,50.32810471702028,205.46218491096545,42.403011585183,68.93348197516248
2.0183036474001947,0.07521048345986703,75.37981946914573,106.51920463491992,7.357791620903733,430.2019325382594,50.38684026425288,218.60883192868394,17.13908508634805,61.59818658335674
4.663467660098329,0.6441993905811272,73.68997475575362,94.4927627976829,9.404157780134568,386.20692967500196,46.14733494688389,205.43849506973453,131.49295932863194,77.03406579686431
2.1235897422908367,0.3909627510547356,71.5124992452788,103.2563142931874,7.294358129075029,419.9324525283389,51.517553309796384,213.507903235482,82.43877623545787,58.32597875787026
4.610068239559313,1.0854540184946662,81.88252201374567,93.36621690929596,9.290628899104668,388.9842831522935,42.33495931838932,209.37015564276854,224.81133011021822,83.39476208573795
2.708681960578331,0.3011289868738253,79.7254541023861,101.7752803910007,7.787538844914486,414.60795455047764,46.20851002630388,213.09017249113026,65.63892544274405,68.39393045180537
5.353257180417831,0.3157097953142157,75.01328390081272,92.14313234997195,9.948921808569548,374.29087251004165,44.02733965044061,193.7544450736221,61.211230563843735,82.70065815951973
3.2877926295572957,0.3869214059429197,70.79103360205171,99.99802282803569,8.292873504721982,408.05697118695593,50.50770524819641,209.23162558600325,82.83991879480413,65.69822570171482
3.1442606571832767,0.5486269310276978,69.45096122025224,100.46157901857728,8.15392750999347,401.60612938889926,50.54767408987985,207.54757894044008,113.67452018935022,63.526964590028804
2.5211081761635565,0.40595933224293773,76.48920865993745,99.99284995294954,7.517846955370874,413.0565726748731,47.7581630211174,212.7749015730137,86.66054625952702,63.6877171917819
3.069614754215752,0.6224664428005025,72.66000153744746,98.36847676882894,7.995750511710496,408.46989831876925,49.415665463509605,216.52533266288413,135.67105207028953,64.78191586828406
5.068277666398702,0.3042823220022691,74.14945874806449,91.45799791523363,9.655311291407235,380.45218921029505,45.21148381350056,194.87239795528583,60.93506843016552,79.49072427857412
5.487170181695365,0.22368165630728376,72.51628134234667,90.03975184940026,9.986615617662498,364.3590146985957,44.15601488231506,183.00685065425685,41.43629712840831,80.58092451489078
3.2890833567739692,0.1403570521181785,70.09856798307183,98.74697014269942,8.219932420955864,406.685192312933,50.77309152379385,205.66711839339402,28.869237673275485,64.56876920087743
3.570137208340899,0.05528516641256065,75.8844556074753,97.0510770091302,8.425895675012525,400.2452567059441,46.602758773394044,202.51740199162015,11.224165931661526,70.84515402724504
4.5272482837095795,0.39638619610498865,68.85550661101519,95.81270983962649,9.307148341255667,390.2785289771184,49.49286939494484,200.8823028074345,78.58113627244252,71.93847779149485
5.10168523162776,0.4398039375213556,81.096365746893,93.66784559496816,9.783344724893235,375.2679168814164,41.194609006036615,196.74735112849635,86.14837685634377,87.01053242413572
4.075655169653745,0.37371259450336336,72.2215629845099,95.73003763094866,8.862077050718414,388.8187041465671,47.28914046791088,201.74673906186896,75.44651677201918,71.35644332284461
3.370339943622403,0.7486811594374324,73.29622821108792,99.76807117024141,8.358463662207765,410.7456663188461,49.31143644078832,216.47953270359181,163.45604141410044,68.23901222490312
3.444176442970183,0.745606041921627,67.44812194086145,99.13589015139651,8.401855985278187,399.16743237434014,51.53997571163056,210.8540948552754,156.78404389452785,63.832295987911365
4.434663512738824,0.4330394025110996,75.25976652407476,94.1181124580723,9.13222398708672,392.71281085813945,46.06074199690065,199.16847705636977,87.3104529490098,76.20664696683154
2.0112639226149756,0.1412157773616074,70.77191199368518,101.35320399562713,7.071654192470148,427.507426861381,52.92773394974282,218.29240354093895,30.744493446903533,56.05992438498943
4.168562681109442,0.38665897838898944,74.75187222304899,95.23565590814837,8.922874313906537,392.4613945998166,46.30710618013738,201.37154727840252,79.10567530685964,74.0244749645025
3.244225536544751,0.3800357212165877,81.25161513566316,98.1295129172306,8.13450023901433,405.9392864659697,44.48570974469465,207.87026557268098,79.67484879037038,72.59671754749057
4.779690659469795,0.3685730075443884,76.62411902031495,93.43628719197238,9.454923322286875,381.2404231496805,44.01088605129394,195.04909947495125,72.49902857515872,80.08282627737361
2.325467239380963,0.360456219220351,68.81726476652814,101.93224729166643,7.431026178481205,427.2250665159375,54.20450300850455,219.9327716712542,80.25496201926853,57.508363998752465
4.058707934319367,0.36930742085503854,71.3138499684504,95.8449363570016,8.858917852997982,396.25340044232786,48.731353957053244,201.4089255324642,75.21497073686483,70.58678367215117
3.683405114601433,0.42269167682044806,77.39574206709057,97.52702989199831,8.557131640596742,401.81731601058164,45.97676116785196,205.28068759417246,87.83425145373913,73.19371500065957
4.2481393406682955,0.3728917802368886,81.59123366376907,94.16149474999402,8.948104025773358,390.7245258207509,42.659598543578795,200.85058941053006,77.02729780616149,80.07961179430622
2.2269875806903894,0.5416645017251185,74.08197520058371,102.53463168963941,7.361162311595987,416.8216873932176,49.57325115149339,215.28278455931581,118.22793693966676,60.67025603522413
4.029943255998459,0.5720737431809723,78.27949562997199,95.5435056815918,8.813507770301795,393.76704171476524,44.60458670553125,206.1350941518434,118.39089914657215,76.0991192454094
3.965196057858333,0.317870982563502,77.80692388611352,96.28179955738678,8.781460242152034,390.42867608998716,44.464452096781926,198.80262422471375,62.751838639808774,75.41131011942748
3.9623103304565985,0.7542130652014067,81.85009446333552,96.89784171958766,8.824645528960215,385.2207392459251,41.94015711107368,207.11363812973482,156.57422964853308,79.16683829208984
4.112206833087592,0.3039875396318772,65.18669733607494,94.62775626561661,8.843330391154753,395.6095137790885,52.61695589723331,203.7514849975912,60.01171689510056,65.24998627184455
4.367637780292268,0.17643987723693255,78.57726003287335,94.48823284684141,9.08948052279509,387.6956635261243,43.76920931876197,197.85620234637403,35.73871066506095,78.713746255867
4.817461498882694,0.5761556142730103,80.69963401817705,93.04405736668748,9.465666193906321,379.65519765454167,41.85851484014315,197.26000953372335,112.59242876982864,83.8500676746132
2.9443725204487503,0.33651837311713206,66.83962849386063,99.28328100117287,7.892927793442586,420.6857164593054,54.74853597098242,220.2019931752886,75.22449777647245,59.561061576115236
4.887672935630217,0.5642582941514775,71.43686660272418,93.6130083222006,9.57493675138167,386.4630639261348,47.45554194900802,200.8173843467909,115.2931637611726,76.3660717639268
3.743894887922088,0.019266279779893924,70.23876012236573,96.32005720523232,8.558842894512127,402.40904221459795,50.15145318807469,200.06589474941714,2.4035911599721724,67.33251074964188
2.2697039769701592,0.7784911882966135,69.07969379047728,101.61171576105058,7.355389077436257,427.845872820131,54.103127150911135,227.01378942842538,176.67793029564447,57.11060374393539
2.2049282523539273,0.6344586816080804,70.23732864814708,101.71481581039961,7.309087822894821,426.19985724872305,53.11740363611486,223.00726511436338,140.42448256081522,57.56248410737302
3.169834115436213,0.19990469016739965,75.01681500379816,99.7792249251243,8.154887843993382,410.731644436861,48.31181271828536,206.72762395245914,39.597511651322556,67.9243027121481
4.747139419890137,0.20424457523074285,80.02494055970502,92.99105674045475,9.37331216974496,382.9587210754041,42.53918066420981,198.93472349034036,40.52501644672597,82.4450893656062
4.476883271593206,0.8344531808195055,80.77884471475453,94.69894486213063,9.216641218394846,383.08319727691224,42.19961142715982,206.00959534713436,172.540529153854,81.73083667778268
4.760152376353423,0.3525240193004083,71.5230675457852,94.92003076374708,9.507822508439704,391.99423564791334,48.08384270228307,201.29298871599866,71.71501386847463,75.93153697191052
3.8104416975456328,0.33316303025347527,70.34901504353985,96.60359932230982,8.63329712490141,396.4635346673467,49.34267513453767,208.031433049642,69.46230843535704,67.98978172742446
3.540696492844217,0.046789581170143424,80.82794499149418,98.49721081907177,8.469529697154021,405.5505128438636,44.65041159764678,205.09866042806047,7.932248363372856,75.24186512272776
2.5160838434719937,0.4298443588796892,76.25302028925961,102.53078981512253,7.650484297429164,409.7176413040782,47.5018312321171,211.28268409564865,90.9420486499273,64.62721719053211
3.1486746376325905,0.4544560770328494,74.19273377450409,99.80139201631827,8.12927813934639,411.8054263855279,48.912228873394064,217.28242963861052,97.25277256548353,67.07135557644044
3.5190677816085634,0.643098619353897,76.58956471570511,97.66982171158783,8.399545548573922,408.5561049008737,47.18306486956761,215.24250120769375,136.9951670948895,71.22182081095228
2.31010150387866,0.22018431436310487,72.62310289539718,102.42833094362358,7.446285588358329,412.48895171963494,49.92416615505904,210.7777310999048,45.413130316986866,60.31538203678204
2.7721418344892395,0.19594264155187807,75.94949361662516,99.26760070477938,7.728305647815916,415.7488424623071,48.37129632394821,210.04086560011072,42.20577323090711,65.07899055743148
4.093788529223086,0.5901925269552953,73.232212752539,95.04770562119924,8.846840507837186,397.3473749484609,47.739614484337956,207.6254023499592,123.08421621871386,72.123443928889
4.574820899837165,0.701346014245413,76.83380975200075,93.5043867052644,9.223796123439946,386.05037165104113,44.45853208025876,202.72399004747334,142.5022531096048,78.33182811975996
5.4942162898753235,0.18576952977642336,69.04032929600291,92.5627326815758,10.107534468943301,372.12395858076763,47.08026420122544,191.72799372911308,34.754605059197544,78.2286828194857
5.265896659702452,0.7163028172599483,72.88015451751579,90.91929407963721,9.81343653865764,375.2603232317242,45.27746423933333,195.1558755879264,139.40292810491223,79.57638621825512
4.2489781983731705,0.5075083682973643,71.71371795409608,94.46659490468443,8.984587821703249,386.1515172524886,47.25663290335351,203.42012501683445,101.86729321998246,71.89503308669181
3.4743681865292517,0.7183610678149291,72.29729165780054,97.00457456294842,8.310976617856662,416.70177894052375,50.63371716692778,217.37162043008993,157.51561069171296,67.07242730942103
4.226620776478814,0.48595592769647666,70.43937865787584,95.65467669186876,9.010100251692858,389.1045541864135,48.372396788561744,201.72577360232688,100.22709345877848,71.00872693346858
4.749780663280812,-0.004455583497590121,73.03201866682156,93.48986479265226,9.420516723822889,384.5476642507081,46.31317778672387,191.61656559724176,-0.29716519346683956,76.56720329610457
2.4141766682318555,0.4696065235367922,65.32494168988762,102.41978884280977,7.54469699092227,419.7418851201724,55.72415666091684,215.87473544014767,102.10793824048285,55.82851335385583
3.434667113937009,0.7120287637342539,76.86510291869891,98.51567283408235,8.3482727225879,390.90918843065896,45.0018678728245,207.51459396761427,147.59739966036472,70.94095665433838
4.93930799972466,0.32125079618325714,75.51460200511262,91.60811012358444,9.524014282387556,374.691309181459,43.81606186497337,192.15403810682076,60.11018536798574,79.62692908811272
3.3434153317656543,0.4224070062185096,65.48606035923869,97.65222412281192,8.219489631036287,402.1777497742031,53.27841297588407,206.08958246008143,86.20971874915845,60.90258839312954
4.001552949295153,0.4647732992898043,70.62771398642082,97.08682767608762,8.858124713347799,400.04425783459817,49.61622227091456,207.30171946700173,95.88291955619435,70.01000406136205
4.057192763017694,-0.07990277597369644,76.55163845343206,95.63718673377663,8.839741410229609,389.5501763338128,45.00783385439953,192.18437307396792,-15.741320917887311,74.84644541183853
2.6456668859677377,0.8342695150874953,70.45969053123234,101.69023935352733,7.727661062902678,414.69244583355373,51.540397818530145,218.78471464508644,181.910024166942,60.99311767330433
3.2678240457830094,0.3197248640205651,70.43668155424912,98.44287108142721,8.194745718317064,402.6087594489404,50.05288031150414,203.10572650670107,64.98570409772466,64.62468694264244
3.1707895105967623,0.6011470864945598,73.43198402767574,98.12811157028051,8.077631616453818,409.5447510534289,49.08726021876411,212.88896383716332,127.12741126902442,66.04776573949154
2.091688479862227,0.48265977277035826,74.22801385172575,102.43648169834884,7.212184501758902,422.48281184232525,50.15941757644436,219.46971156550708,108.09692523480334,59.559395555583876
2.084671173619743,0.7515238112718721,65.31984312314789,101.92921105589114,7.177567561074072,435.28248518549333,57.79120974452997,228.98834959774084,170.72482321155377,53.14177849286031
4.910939652865207,0.5812112244856162,78.64376998952764,92.35926900504984,9.529679087015152,379.45910687933167,42.807194112362424,202.07784914489636,118.33722368694741,82.5463394421087
2.9557478349048436,0.4530151456958051,69.54543099384892,99.81562314308525,7.948749427540568,410.34771012302684,51.58658454622719,217.19471719439312,98.13064174401529,62.026297278647
3.813275681835854,0.32129698149614394,74.48629097695402,97.06281918586973,8.656525220328536,401.32614446183277,47.50192484734661,204.5540901607171,66.18540981659032,71.62787666768499
3.0455395075607057,0.6595701402764278,73.4775467056153,98.0684586649341,7.945467728428238,411.7393293643053,49.32336246252057,214.09658127089048,141.7198270087225,65.00880294764218
5.292377357903692,0.12531173920907662,73.71552223828556,91.46278484132979,9.85496474052387,373.52198082265807,44.61800760908776,190.90029959218305,24.079091787550894,80.69282600769726
2.907538656030208,0.6291780840551785,68.37074765658267,99.35432211544646,7.874856307574724,407.84140026721275,52.04000375935632,214.02878787849914,133.52885194244666,60.55226613398989
3.5037988445862727,0.2801910496890254,72.7761258730422,97.21797219678099,8.358774132376782,403.35863633932087,48.72886138183994,208.15393246902576,57.99082908502474,67.79933507054173
5.0545558766961065,0.750456732391328,84.19211859741131,92.41520212687008,9.683023814519423,374.270399467237,39.7347893900672,199.18971218189745,149.65235580219522,88.96742183708575
4.94676748377133,0.532259908532539,69.12774582820745,92.24595230864897,9.565792368981345,387.70088840008185,48.99683219105103,201.44562713467747,107.32786490826751,74.17802363023729
2.6513549624619706,0.6288247535700218,81.64319105047875,101.82596802726044,7.73342587818935,408.9147378665049,44.62030764961765,213.51237014036522,133.23873156288442,69.31807299673805
4.809251584284986,0.5163977627649439,74.47249604575933,94.1180689560034,9.515131958631173,391.2989055260004,46.32264036734881,204.26097276120646,106.77112181311972,78.6782117913434
3.6036541035826244,0.14952458097180066,74.50124200974234,98.33267327261444,8.52667293300583,402.45038612013144,47.62656459815491,203.04583398321302,27.866769818492045,70.56971518688117
3.690391052298743,0.3278541673209323,68.99491520583486,96.68770316056215,8.523023127125212,394.3445119949928,49.92023992524838,204.5290709937061,66.80558337580072,66.00533306053221
2.4671799034558033,0.6344778675222765,69.10426880075956,100.59487126996923,7.48964129170621,418.3394760751442,52.884563932803495,216.08223157140387,136.17807474169345,58.14675642305282
2.2821052981499363,0.5333311634719688,70.22397810758983,102.07825539998571,7.375094032868774,431.51352392067264,53.788597137624116,226.18501668453806,120.81368352465057,58.08604311177177
4.547787574408178,0.7361979810611344,70.22887023490026,93.96246479654236,9.25445348985108,393.0355278238303,48.98928860310144,203.8139321320001,151.06413120371397,72.76216793129238
3.737614033243549,0.5806549126074343,73.4405470530379,96.43129235370888,8.568205782411843,399.3501329383505,47.86044040249506,208.6750947310092,119.76124988320514,70.0303576894199
3.528977459153128,0.30665962185946805,72.1996934919499,96.70799133563048,8.362297549945913,404.623760119591,49.22448526638572,206.24968892644043,65.60205684710358,67.3692176226747
4.553278800283389,0.3407871724558732,84.71784027251873,94.03030982359368,9.26245566730834,375.04069917619586,39.595571235275465,189.59944576763365,64.8149076593104,85.57085770324832
4.679295146468884,0.5205834781046474,69.78528324736035,93.29921142715693,9.314603612527877,392.401028151675,49.18213136313673,199.88922741404974,104.44075323295232,72.8358867010223
2.5561785868427376,0.037191186799978904,73.58086688795422,101.60405257568083,7.649656762133871,412.6356825682685,49.36963421561953,204.6806797459236,6.172563059429891,62.66714834465186
4.135788023171744,0.834688377124597,76.20217703731521,96.05682676011608,8.937059913124777,395.0016364781954,45.82269845774394,210.1125125490873,175.33190492483573,75.3940590197684
2.4737392879718993,0.5883493472755115,67.6168844023071,102.22255233643652,7.586284670401721,427.9877646743684,55.141064727102965,221.61475428875744,131.35857085393118,57.83354900822178
4.62981280110166,0.7454069194097744,78.98991283858618,92.78821875464017,9.266018561597008,383.3244414037229,43.07504403325056,200.76142669066573,149.8588781780191,80.58735883465314
4.299343046934988,0.1838792118381662,73.16757659191384,95.27314598188245,9.076957420847785,394.03187777688976,47.37806413553721,202.47868923186215,37.37181736370672,73.93041951859017
5.348151173792103,0.7489130320710511,63.955833150635186,90.6994983267407,9.872518773889583,386.2054898020827,52.22109918164929,201.87207102625,151.1327652340531,71.64115373936036
2.241353057247474,0.9462997822055497,75.9888717292198,101.17893293098497,7.3150443070627915,424.64340916310994,49.38353075503981,227.8744359777371,214.2595290442817,61.652792215631386
2.19969152402939,0.23582432892453647,67.05492540832344,101.95819787633816,7.301564127055749,426.27023821339594,55.32031027926352,214.8944900238016,49.29364022838006,55.26318062413807
2.9876547614262003,0.6542803589807533,68.34631098301594,100.398172319116,8.013790019541181,412.05141092821236,52.59359448558307,213.59429898250036,140.9198817411534,61.613584909343025
2.915969893075671,0.5002219889374586,76.9386742861528,99.49625069137878,7.887490382011321,407.759783131952,46.90200149473617,210.1755441461921,106.01671542476393,67.14127316742106
2.8644257967519993,0.1911132303503511,71.70150354401015,101.2268734393353,7.9126872767398,409.2377340839156,50.089376123105424,208.7253975916213,40.92045616236342,63.38245751611646
5.171891031823629,0.5985767943703739,80.79512999094585,92.33748420103356,9.798070349530668,373.9325748321368,41.184210526426426,193.20200781842786,114.82341846206984,86.85282072284387
2.8734116994732712,0.6667206409674697,79.49892451619452,99.62778666865908,7.857915116418119,410.2223787544134,45.83545343946397,215.68690951273214,143.6453467974525,68.82590846000352
2.9518240414502084,0.3797746894662306,70.31754654812876,100.5966545980494,7.995273005935767,413.6053671462895,51.49626512787519,210.57778391979542,81.20391268262846,62.992820898775584
4.657893918462873,0.7331833040510446,79.5557851819306,94.05368870307137,9.358640590414286,373.55519336967916,41.7120114139818,196.21381250511314,142.63203602819138,81.84978135413051
3.57408944857689,0.16664731864216042,70.51160333132785,96.74463941922352,8.407129105749076,403.1896824265516,50.07845648872659,204.89583417099033,35.27522377309756,66.3619840394769
4.718486949343134,0.20104877071007116,86.82776392487264,94.97233778576344,9.480984720997709,380.79978926054906,39.327541381210295,197.76259185081454,39.1734063914199,89.52583916808221
2.228781551475348,0.5273194791177505,69.20975283911434,102.40684762830547,7.368242874535596,419.35661998876225,52.94254873393329,215.76606820117217,112.92241739469263,57.28170988661076
3.706499177856845,0.5050770555944544,79.57823621822823,97.04228983108943,8.558707141174974,397.07719475988193,44.327418301978234,207.5545143811718,104.79910669917258,74.97597590376789
2.1176476006414893,0.3566853023151789,76.76012725017766,101.9038072618303,7.205310388764433,415.9166947701482,47.93869118827237,212.68320216533587,74.74397035259135,61.23598340950456
2.2192862120937407,0.6619188871943772,74.24358256505717,103.1761288717581,7.386197963309542,416.05129759642045,49.38670518613386,217.0049451965323,141.7427782456684,60.989049305503215
5.172531086705439,0.6061788628431899,72.85432149696311,92.30996153842001,9.785488957964734,379.18679668031035,45.7654820930745,200.82883330230334,121.81422348396373,79.34331147354274
2.487358798911583,0.6716278141868032,72.22784309898685,101.79763474804565,7.583233164567874,417.89777800248305,50.821931143130286,217.33626059232378,146.50334341553724,61.15203003135767
3.86347238796326,0.47537271292954647,63.86822630083314,96.07182156730796,8.66447070658487,410.27365967566203,55.54129024362869,209.9591940781847,101.02416186608538,62.87094069884113
3.438834609102473,0.6205160535956682,75.24870172283423,98.6313593256694,8.386042715568061,404.3418805516266,47.43085494325152,212.3990326701865,132.40398425321303,70.01380186189644
3.2157016419059494,0.41086993939400107,75.60691862542907,99.47449512818582,8.182431503264734,408.7615808089803,47.7486618339233,213.73340708837367,89.78202920170615,68.61036816826433
5.149416709905454,0.9107637380173191,76.8467971471934,91.44201892430601,9.726322952745974,369.35241183672866,42.529192091071245,199.83765139920644,183.36596136067968,82.52946283458688
2.0763818887142134,0.33749084597560286,57.62512740999426,101.59907127775547,7.151448432899665,431.9954534937867,63.88090788719793,218.24605467505432,74.39412437480837,47.61636835105862
4.3232639016145615,0.9210594858916625,68.85973445648843,95.33367479182017,9.087132575591362,387.0502737953393,49.080849239848476,206.11036309810675,190.3085238974421,70.22998221441152
5.371880519747426,0.5069775894178817,72.7058017094536,89.93974062119942,9.864746994259791,368.29553073326974,44.530797491945734,193.71162569105672,99.43755521814417,79.79526891535404
3.9605886421164467,0.22489782208625148,76.21100103648497,96.25955237486266,8.780952341520514,397.2160183854764,46.0748644152006,205.14369695984917,43.92334854966351,74.09336107625923
5.278878617115821,0.7736158700977203,77.78134886875391,91.16612875626478,9.8463686860784,376.2826660597739,42.86590157350761,200.20299373190159,154.40015615081055,84.4623666060169
2.1829025775010833,0.5251802776789918,71.7683641331454,103.33477314737735,7.355218623159275,426.18296785439355,52.120764842553235,219.81084302416605,113.58183852932409,59.010236605720884
3.465776616759565,0.6702248196760476,77.33515962313126,97.55550672872775,8.3424721185285,398.0761578140476,45.58028628238913,212.38348888090175,143.00778316975834,71.29495141961394
2.910552268367179,0.7447711837085187,68.36145084552612,100.69888543831792,7.9468983405930915,415.37110302541504,53.00707153115833,218.70793209802497,162.14460159767748,61.11999476695557
4.557873377432554,0.567591110829005,78.52062308138905,93.63607562349564,9.24865437429193,374.0552712742775,42.25628540033633,194.3298851512651,113.31956852261757,79.97699961705223
5.434539816740363,0.38155183103743706,78.89515830428789,91.77910344545641,10.03278810488526,374.40122092411985,42.11716679130549,191.3740228512714,72.50118303373215,87.11815722779535
2.8978552185548674,0.69514267553385,75.36519992645539,101.50577997012743,7.9462414607477045,404.4383399362766,47.37742549478148,210.25627340716832,146.26447160891817,66.43108169251973
4.289611105159261,0.5001511014909191,74.23733117076283,94.1319234212496,8.993485054504013,384.8330715294223,45.68438555458301,205.58596314598813,102.4217793843498,74.13593294983332
2.6933417146590903,0.6371715637216838,82.38572918174722,100.8069325760779,7.731445755548591,412.9932545641803,44.70314389700957,218.8961164688366,138.98554958490854,69.864667346864
3.978655891000635,0.06925388524170772,77.24036551165015,98.27373031422583,8.899034932353187,392.14395294948645,44.949829204592135,195.79819812126829,12.313264059392168,75.94593486453678
3.6237637034091765,0.5893963434019704,69.50683712782322,97.37009809959022,8.49160090021158,402.00150415238016,50.56187853455697,213.30534908066346,124.44124336628293,66.20465412754363
5.40201865371038,0.37228283497099396,77.72394976313238,91.14236532819739,9.966328753929742,364.03320531124075,41.497584900609716,188.6674495269916,68.05815997438235,85.37131251019811
4.129845454437633,0.8306619274357061,78.71823143069625,96.1763400673491,8.927875850094782,395.6219303938424,44.59308126570232,211.2191101110951,175.9971354189403,77.46928656888302
3.2232723023038656,0.624617469577819,70.92738376814309,98.75141163321227,8.163443429119086,399.93043190501476,49.41843085534745,207.8986439359426,129.43247813740047,64.75428530900977
2.399335247107767,0.5479715491698594,78.32556353118481,100.23654583946637,7.42016459561559,412.850137722972,46.74186285573015,213.616387742742,118.98933114550233,64.16624304091928
2.529363900572271,0.5972619986700443,74.94540520926678,102.0530562478682,7.6172728842724995,417.14146637107086,49.107007653141956,217.44481509641963,128.62738468085854,63.41389217830858
2.788609254829323,0.30031182942465634,61.633939417468454,98.63750887700522,7.745621133361674,414.11283165655715,57.809585096694086,207.62999528076816,63.83005824635519,54.54146794610839
2.878383314691043,0.8246513381056109,74.95241986431888,99.59222507767068,7.8699034279032425,418.7340898775872,49.290425222302694,220.76317472357962,183.62490677559424,65.5273212493366
4.977156202443982,0.8982740836833809,73.9424416708692,93.54589389077138,9.65446443000721,371.44266155444353,44.249685160557625,199.20442129493932,180.21721217089026,79.25093734995589
3.9642797589888374,0.5785827021096432,77.44303478349528,95.83978690062483,8.747985022947692,401.84822138869964,45.955429427130056,212.22188903892894,123.02271131742191,74.8659370193172
3.8318681898102827,0.8180807137147277,79.31931602903141,96.03350414169249,8.631792545392171,400.8120335094019,44.87405987066965,211.4441323682847,172.64016099341828,75.41792317278563
2.401691051542261,0.38617036026549323,73.85783949755981,102.29749244373534,7.5174036973251415,426.28406893201117,50.83413446925444,220.55886609221693,86.44936447551738,61.82314933417271
5.010488926723022,0.34057728675500387,84.33884788179111,91.78239692700191,9.60401539864124,383.61968278922495,40.66402032701414,192.79751305579518,64.87099074681747,88.42856046565345
4.529850061229693,0.5081849497457845,74.54228565065814,93.1677442100225,9.203243880225418,386.5243477557072,45.71964724882005,203.21900847498583,103.54354920469454,76.14093957292616
2.2368392666500054,0.5869882076735797,75.80829623524937,102.39067375671961,7.351611969791557,417.57956913096933,48.66424197331061,215.79391374636484,126.62473471082363,61.81274165854337
4.4774228403041905,0.42120266375137594,79.39762027655176,94.18268142020526,9.19218400969018,383.8822323167325,42.94099005423095,198.5197020527864,82.72561044906712,80.30579450192131
3.9023837606992613,0.6075536380736968,74.19613066837545,95.34671834620151,8.656795386383335,394.35231197793837,46.83734381229224,207.10214679843307,126.10370971254513,71.36322803238512
2.286038710113724,0.5612778964146828,76.63711799202538,102.50842654659786,7.407324030300364,417.6527158346139,48.2071340222856,217.66588547823892,122.91288857405821,62.87074140348903
3.6040522453502977,0.30033864494178897,71.35149775860951,97.75740722573575,8.49568977511578,402.2998725782748,49.45205480690722,205.4414564459563,60.77118043440709,67.7438198914687
3.6964370049551647,0.6037586034903443,72.32288231084011,96.77466646937242,8.542082953333873,398.6706669379477,48.42768568678401,205.90867995058244,124.77925724061976,68.89818652697808
2.580210890571465,0.6727056485043043,66.5338096170042,100.73619627809991,7.609488379709815,417.4356601374171,54.54264752092932,217.0293329596941,143.76782998570778,57.18978022960155
5.309943514500988,0.5342938635180782,77.57897779925142,91.79151189285386,9.895111192183563,369.8391730736919,42.22921782912761,194.92685837606032,103.0990689241263,84.65570104124309
4.974913800182317,0.7305296206523385,77.5961549394905,93.54009083516354,9.666523908296329,378.3759521792957,43.19549784356054,198.95116548184612,144.8823737249157,82.75911272710043
4.341578180651879,0.2565192413006096,81.1062096096784,94.57824179963096,9.082109356829708,390.697415052498,42.883730617961454,198.98990495903115,51.4020766835372,80.85813578221953
3.6180344635021253,0.5935900844263704,78.29734137798197,97.86063017214907,8.513150544280103,390.4034329972502,44.21463057715598,201.1213952508395,120.25298073652928,73.50636631737831
3.4411793955457797,0.265943858720645,72.70543749141777,98.40803228925745,8.339214558476446,402.61752840226126,48.68090183841182,207.01506880499016,55.13720910248275,67.58158226012735
4.27840713502834,0.27718372835338245,69.24319012536263,95.72902086156799,9.089969503583639,389.7966178508087,49.18991994569513,196.4170987704249,55.01021948403094,70.59663320239677
3.909011542924169,0.373813833252442,76.85506586410888,96.34990695876017,8.726307575245606,388.8192220383061,44.76644144702421,201.8487441351439,75.29327087908008,74.13633254841116
2.2179558705865996,0.31158796328515104,78.21531290677713,101.50729404169381,7.290194902091078,422.3114481302641,47.87280509638368,213.70411999312245,66.99237963721085,62.994803760133706
3.793759270696161,0.39040083625177247,78.32843599385511,96.35184323000345,8.606127832937792,397.28604699140226,44.97827257113902,206.52805210013327,80.98063331597037,74.36326585259175
4.822412660314939,0.4571699378577623,81.20928281666437,93.39583846152303,9.495968253763081,380.1910945244776,41.683377259821505,196.97348216071788,89.54133397340819,84.58287032892055
3.6073395715893533,0.6674308972662769,73.26935982991601,98.82908300214254,8.55265954758819,400.0248552444282,48.03986196861718,208.90637628831405,139.07519029420865,69.76521262780616
2.1818480214399396,0.4357681922588595,70.28512278484969,101.97631622640318,7.290170111491364,421.67780160624505,52.52253306459641,220.57622719790166,96.7202309536603,57.435676712817276
4.751973697844116,0.18287485864608144,72.01786167625394,94.01192201236752,9.443309176819001,392.3868219309776,47.84163033655175,198.79882385954355,38.16739462096267,75.86622417947012
2.7047732374759104,0.728013569299032,72.96624555190311,100.27084850829291,7.715190714109144,420.6553213551639,50.7019835062929,220.52423963055546,161.75145739170503,62.771982989104096
2.905172922108136,0.33258197327699207,73.09325352668567,99.92026977733043,7.9214918682069,415.0964599484371,49.95549486037726,214.35519542856943,70.16155782169149,64.53049354172578
2.5764722370130357,0.48825591457907425,74.12515482711123,102.19466456986525,7.688451371838799,421.6050669174342,50.1164090317445,215.16545795436323,103.93022572010706,63.413884435866635
3.1557527270502415,0.5893073013881422,73.14041598728275,99.5662995204605,8.13234245934,409.32003027733924,49.23237698737871,208.44529345145858,122.3027020221702,66.26663640701516
4.648630269910223,0.5399220836805566,74.91021767525841,92.73675463712145,9.276051824110459,390.9463808752972,46.042324655259165,205.8879816401307,111.26238938980116,77.08885383584588
3.817850508263781,0.7188359095042951,70.69795034505582,96.17954320202749,8.631887011423363,399.3674393849393,49.48916765262151,208.79365417773002,150.13663255654814,68.27790540201693
2.717084459527494,0.5958006286785518,77.96859641919045,101.49518146720686,7.802153715058262,412.7782244325295,46.92336143065725,217.05536649721603,130.56200409402314,67.20228008027783
5.0724052735321425,0.32773808406057836,76.46947663945713,92.3600839767403,9.699155348827256,378.60524476162806,43.78484286891886,194.31101838527874,64.97823418329784,81.99539955006313
5.078536492330352,0.9357124347983323,75.22202411937002,91.30605018115108,9.641250992751818,384.9679582286702,45.172355644762405,204.19168670805513,191.07036591958806,80.38517111852906
5.047024487661024,0.5388666926676466,72.3192831189472,91.68025233720743,9.634649627355031,385.939537281767,46.883248087098124,202.26733387024657,108.76743266100156,77.65538821196321
2.8357867398353873,0.47053195467569875,66.74337853584704,100.63754122874508,7.884380395639128,418.57927866417856,54.54272233645004,215.5272782717626,101.92921796343332,59.418014096057874
3.5793377046334585,0.6927850846111142,80.83502620830687,98.267846258757,8.503438840493024,400.1802719997008,44.05572263302812,208.3272315964041,145.3892000883655,75.5266649663458
5.447463796493063,0.5498901891860144,79.31015009645071,90.94816095346002,9.98703021674413,372.01554768201953,41.65434133525253,192.15353393440645,106.21577993792955,87.10322090305814
4.702043667084967,0.5798456385878654,67.52286318765213,95.5230982059515,9.452738526736328,388.86418875689554,50.161226348878444,199.6641014489223,115.342812604332,71.84799429286855
2.0950859742894594,0.9984367997201373,76.32981467269563,103.32652098075141,7.264379748397873,430.6741388600305,49.88706862083002,231.11967119018277,230.14613099378917,61.48085510299667
2.2282160694117223,0.44497571434899064,77.28626513445961,102.00645890135266,7.3365246957468395,421.17207961126013,48.25181590281908,215.38987403197456,94.73265934245126,62.73757234299662
3.6237598188431646,0.4364478211965208,74.97039239411644,96.66427579556945,8.446081363702906,407.6805222174823,47.9791266970436,210.31753417127925,91.98611639607489,70.30143437109476
5.182270720515461,0.5233157024024928,84.20927934337735,91.08214503448465,9.736290077018467,373.30546229263626,39.62512662176293,194.1390216933308,102.21911859949788,89.46705082439104
3.8854562928345,0.7143031871162078,75.74614576201581,96.66924003146354,8.716281303748946,398.6305737327145,46.48962005115587,208.14672131074101,149.41471161318083,73.16496137864144
3.7423437781200155,0.19869319396192014,67.40669489399806,96.51077514064922,8.5689253983748,408.56856068257474,52.78207023850778,204.21887882243854,41.728661670307545,65.0959232525722
2.369157949848207,0.10688882170469893,74.66883454505945,103.04694217871801,7.516058095912911,423.5466155141714,50.023909953403965,218.44406174091642,24.829537968536993,62.39037681430029
4.298730366535029,0.38257694587597046,76.38296294840568,96.1274931594617,9.118010134484393,391.66658994671405,45.34072189450672,201.47488410954008,75.7046801856656,77.06440017492301
4.877361062100789,0.17321540818814252,72.83634903063017,93.43568952064501,9.550625226939367,377.9058631825485,45.62077730427391,195.197928619617,34.21605131675819,77.41692607919413
3.331470026276468,0.4150337304948723,76.86555821591888,97.39665796966685,8.192512755898163,412.8950793144176,47.532657107676414,215.00291918208546,89.67272310480914,69.69839291152094
4.714641478238646,0.6004999392258581,67.31924344293208,92.96097972812282,9.371865086180724,389.1134344545933,50.325561545592564,202.9218857127037,121.7806336296571,71.05072991143973
5.37566828865284,0.32185022728954726,81.40363608359735,92.18970301030794,9.97251156320832,368.6186428915971,40.328662916042006,189.4990041298214,60.16195298038159,88.9468330034874
2.713182606946912,0.21463468464373153,68.86521061030903,100.05340791584972,7.72869794651475,423.3853287600469,53.68467610542375,215.2160162136137,47.63745160502596,59.83792085855841
3.8316537091815945,0.5138674323430696,69.67325382543275,97.48692540500004,8.71591057367382,410.75163948515296,51.55452046493871,216.77223260558742,110.80359006126042,68.12115353865549
3.0049828532960143,0.672508696923034,73.03685556241784,99.86224315189176,8.01199276384381,404.70077998904696,48.73748858238473,214.09768783165583,141.78998819846845,65.19146449108321
4.774990466618438,0.16100531229667747,77.8948532001603,93.32890767468602,9.439853386628323,376.02632787275303,42.78138186503817,188.81369812877412,30.4200807182241,81.07632179297649
4.021576780584051,0.6640464796611969,75.64551245466801,95.36221501760747,8.784726391666592,407.47379372898035,47.576782723397834,214.40083173251756,142.13425388152515,73.68840810363783
4.221038461426064,0.6634612407476652,71.35195032484938,95.15097031018898,8.979427194544845,394.00415019068515,48.43204724869816,208.56262238939806,140.2309134968703,71.57161756190352
4.792699558655629,0.6908170204313256,73.2207930144273,93.37726990860521,9.460718686222334,382.45165746294026,45.956262084241104,199.23744594012985,138.12631271690157,77.05612375714765
3.385896654318592,0.7436960429743373,68.397864248295,98.97539282852583,8.32813893288925,405.5011469345862,51.72349410569626,214.89431280151885,159.51078734134782,64.05246743220518
5.202815239424652,0.9404027849319232,75.11997877916023,91.08155818150671,9.75135691535873,380.96705018601847,44.75647852009215,207.28054477939833,194.73034648235932,81.18950145440007
3.8656010353614896,0.42878159027618895,80.01382731498833,96.2601429022139,8.67494445199952,407.55181657806565,45.27657902512091,208.49268683992537,89.18942231634091,76.39910824451829
2.552841879923718,0.5219143160155716,73.04209556768909,101.10091192581282,7.59618743934996,415.5334702822584,50.03889502566197,214.15681274619376,113.98863981906796,61.84440564398077
4.4356469135908085,0.4167123133503949,79.61984757010624,95.0053784885811,9.192695470915856,383.8137679176937,42.826871315246386,200.47851366979748,84.21734907652791,80.50501849956883
4.77641472653389,0.5003953689511621,83.00870436047163,92.55577698711316,9.403680604513838,376.96927052269524,40.530536697047665,195.28209316980207,96.31109488898431,85.3564364836152
3.1086658697363436,0.8065746711272623,70.79030644849878,98.06641362161304,8.00890276612466,415.1701469822037,51.38860900928272,217.71967673117257,175.3627367092784,63.46908996932877
5.000127399495636,0.23099710321386624,75.06728661411793,93.03872622313332,9.640960169042886,383.26584916174795,45.05443448552882,196.86242721515012,45.45101797034976,80.23224749581641
5.171501391680183,0.3277900655668849,87.06176597532868,90.685385837162,9.69416695376161,379.3966184613019,39.08816356769539,195.7688686876059,63.063522099600945,91.7461373566206
2.9691657058223315,0.7754361873009123,80.78471590688653,100.63590380143157,8.020320036401134,411.1133043223241,45.284418221232634,217.3769827856679,166.7790232810473,71.23909943357178
5.442325154503277,0.704007301380418,68.16876755634217,90.8271210812522,9.977408633937271,385.7809842549358,49.35231759626683,205.69976690507158,145.4097011752073,76.44324445950409
2.4924903481706546,0.4273736706365844,74.92672999810932,100.03825891558316,7.500508577891906,417.14537152688104,49.11826600837778,217.3745613093784,92.0955311740684,62.42838562775228
2.707054839408715,0.670880400224144,73.25126576898893,100.14097188654671,7.715729778435053,412.21219536153984,49.514225586115806,216.00365786648652,146.1613920579075,62.962816392444275
2.6447869373330914,0.5682431684984066,77.30600987909352,101.04654462578958,7.66936228401149,423.03707183471386,48.454519044056696,223.99083621993844,127.28945692083332,65.60420819334043
5.128963985027546,0.8000549218001975,72.42986294460779,91.6224651823596,9.728011752376913,377.0819813726003,45.74579744552,203.7085944201571,162.50379475858523,78.47246483873568
4.290023933137366,0.5149019187653545,70.94998685956148,95.0009400330787,9.046911774579064,383.80206814751773,47.41224588626163,195.655965955458,98.32689863820859,71.72200722910311
2.532364991277955,0.7051264227745164,69.6584844130655,101.72878522309138,7.611127550889477,418.333740358797,52.515905046541704,217.6835316741499,154.71672783594437,59.4961713520949
3.5411319642892214,1.0284023820985242,71.3897156261549,97.44428585667762,8.413062592078806,404.4611551784483,49.694381171725475,213.14602968141753,219.49341149185784,67.12296187331022
4.153543087744307,0.6196198310094932,79.06087253933823,94.71295305172202,8.877698906656374,387.59043166160046,43.519720906664325,202.4400833064931,124.98769548909964,77.28959394436768
2.2921242974628413,0.5098656331589687,66.84454329121101,101.73837776098257,7.397305390296582,420.242771442111,54.68739268181397,215.3469338218399,108.90770937433473,55.82348119949077
5.088457289425685,0.6444893970441958,72.99307924751423,93.3222715961775,9.745494292152145,374.85473677532207,45.16698743727471,195.46607254584464,127.57490244669971,79.12893823954794
4.812612374045373,0.426943828359223,66.83007289634725,94.50390816710774,9.532576942433813,377.2937648909762,49.10756305021207,197.2321761644422,83.1428406665948,71.77722532863314
3.768223707518234,0.9775935411049465,79.55745756608374,95.19527608453237,8.520691900963376,400.9388341492001,44.768894187661644,211.62366207170408,206.5132777279711,74.64187932767985
5.384943153407097,0.5360142075391963,82.81708228124423,92.02552129042833,9.987023011930606,357.4136826144259,38.50731716942253,187.00652590236254,100.8078998882701,90.35031808770395
3.462163427462849,0.4454133359548974,72.51922895863649,98.0825461767083,8.379993901299658,403.8445550303794,48.93944843241447,208.850830439474,94.47571174302013,67.76636535759259
5.444386116627742,0.3328621989959928,75.04351651588718,91.68383473509903,10.046471597873644,371.65071087671373,43.70123980083594,190.65350984819247,63.24502682733573,83.52739941415741
4.337719995812694,0.7194440383212877,77.47137350638972,94.37758940644147,9.052609504692546,387.5065543048513,44.30095684693281,204.8064950912045,146.61199492861263,77.4364552272866
4.221349456388795,0.6734374825655478,82.43802938455784,93.81066609503803,8.915665350963875,394.17759571225366,42.64236249264987,202.72579667377852,136.4164109545292,80.5262440320426
2.5808421335352474,0.40052912571718136,75.14006429806189,101.43464356354461,7.653393365838519,410.0233007929842,48.15867878106804,209.40047825065443,84.7754611414516,63.835515679822706
5.086747154066254,0.6152902690244846,72.61638687250392,91.44360315174194,9.64911121900891,374.46577336393966,45.32584727311137,199.54824244785186,123.90948666436505,77.99667156866144
3.496213907722153,0.19828880635742868,66.10134382933438,96.65261737778458,8.35307033235734,404.84788258986504,53.1985195291401,203.00453121927458,38.878367031573944,62.39511460014862
2.567816920238678,0.5369941150146312,67.50574899096897,99.95791967318586,7.579340499520933,424.9745132602403,54.83135364703832,223.87538998246805,120.33470703756788,57.69207316699908
2.0441263199151565,0.590551270415339,72.8190488354605,103.32628890622922,7.212331923723728,427.7182799215718,51.64491574532987,219.90376419345918,128.43018190460103,58.597229399350134
3.959144892734339,0.8414659619118445,71.47433625527724,96.25455484825316,8.787691396081987,406.37326748996145,49.87745665293958,212.75454190883374,179.9099224294079,70.1898856831502
3.845898677429367,0.3458362394542621,75.58991694286904,97.16532744649696,8.716286116881394,391.409381400355,45.73078177673888,198.98867665746323,69.23987952978035,73.0061862310905
4.517737678292055,0.2443294742395351,72.6566651327693,94.72317832957489,9.254715208181619,378.86808529035665,45.836362340748984,195.35715069534518,46.81032428737659,74.86312035340794
5.115903185562308,0.32091440781499164,70.8483516662027,91.75759199886491,9.707042421558832,386.4652558170076,47.801253563288526,196.9541023662299,64.73955469764307,76.87168584325777
2.2779230462506033,0.232686299937016,66.84834949823538,101.97089047902092,7.391588831625416,418.2745906485356,54.42857177539514,213.3184038002013,49.97128356874653,55.7783412734951
4.560237716191269,0.7673314715517967,83.28405780629568,93.63001797030452,9.232277078895198,385.456148856573,41.32068843499203,204.38532034559785,157.0564811048396,84.08743098482691
2.6559418043415377,0.8097278590048074,77.63206891112807,100.53594146651221,7.699475784640362,410.0643065326317,46.79386343696823,217.06914678592733,175.58782400062321,66.06036782226744
5.003619686050074,0.5640433155897657,84.65693338239987,91.7135273084399,9.587044925865218,364.0497363754973,38.459912376919156,193.03375410681028,108.87136075281018,88.44827491109032
4.866722298515796,0.7442589891370296,78.53982126199446,93.27885939029419,9.545912035458983,375.79191181695643,42.44326524050307,200.60287662750773,148.91901167534635,82.57382390532496
3.8927781424494055,0.526791676116047,72.52137672786509,97.23537310061249,8.754494531505403,400.39905849113177,48.5206469363142,205.81559799298182,107.68073534133316,70.78444214366763
4.48584979518159,0.4809776704598468,81.9997243666676,93.64623529300765,9.171537622056702,377.6605023698336,41.050177592343275,195.49377467463117,95.25727092001169,82.37129315906759
3.100225396143119,0.43339247618924764,73.55493046856292,100.17422682982016,8.108593654068404,411.28662837193093,49.22350196038703,215.63108096886583,92.96014553479523,66.40230200295912
3.649087646264851,0.4379218017244869,75.48311402696957,97.31901043525536,8.509719731799507,403.4266775591543,47.19372734033471,208.92128938378033,90.96477942781628,71.2343316821282
4.875729141986651,0.19043968873819372,75.63675307500638,93.12781118417138,9.529419152213778,372.79846501812534,43.532531492828035,186.24013591195293,35.33821942348233,79.77432931320692
3.6074281901062486,0.5528509527214678,59.59439273170742,96.01445771894211,8.421942190085039,406.5845926620544,58.42203325625301,208.71098281709564,116.81058017472003,57.62562718129074
3.2522939286390464,0.49193321795719125,81.92642777584112,97.17116140211076,8.08771035891786,413.3605958229422,44.96645913739902,215.8395867979614,107.30982838976897,72.73000434539969
3.7297435653760496,0.6490721448155752,76.93071200824004,97.06119061140757,8.570413436498379,401.0724095665551,46.137021117293735,211.67716158986332,136.99890091203818,72.92264734771031
4.898872383530264,0.5187046992877219,77.52776216457886,93.48573235734968,9.565904284304168,376.363347125205,42.99931105487734,194.11951290164367,101.91748899108481,81.82527563283212
3.1732281657980543,0.4674592596861816,73.49899348760486,98.35659706479085,8.080274571113236,411.0713885889629,49.23069984669755,214.04284354772287,100.16442935637207,66.12628727580795
2.6081655759751032,0.3257613939984738,73.94693779310077,102.20749560455361,7.733640152306939,412.3221052942687,49.1169917728858,214.24625783054995,68.94973434182836,63.62614108280653
4.492049071157733,0.5144306473643523,72.40406420615804,94.86577703035138,9.247914692453834,391.64855886038526,47.527820700755846,206.4564568199791,105.73139938644889,74.63620680800351
4.890923744478286,0.6476474461632324,78.9520052549103,92.15509389295961,9.504598757220212,383.89352307664234,43.157377057045125,204.87002930441457,134.0568051436744,82.6306756768063
2.3522311748323665,0.2713322017832278,66.28718568780317,101.79186982172952,7.435446625244067,425.3807227954277,55.760442459661704,217.87132197458786,61.19835076035658,55.72359063270058
2.8395593946458066,0.5174947507361478,74.3378134359277,102.04308542571842,7.955064184599669,412.317121715924,48.88876115209763,213.56566248074444,110.83892603002633,65.74645455034832
2.4969019641634786,0.5466085903058968,75.8041497098517,100.26679192318807,7.494360261062926,414.7971505197724,48.3423181655452,214.792743953541,116.84102181869747,63.00148425997996
3.2177949405375834,0.3563870432763471,72.86800825953058,99.16033365925054,8.197231449901588,400.14798556281687,48.28739026882502,205.38502465332795,73.07164420176525,66.55060521524514
3.576228426168944,0.38242873901839997,76.14581307375786,97.22500486623002,8.43063237150867,399.0460036206158,46.322158835386865,203.50738628667017,77.06462893660277,71.09164583018598
4.620892179371573,0.5461221697532429,70.58839865407464,94.3923944049343,9.337891547399874,384.5698010419168,47.72024354183795,199.75813561821897,108.47558307076105,73.70798734720557
4.27901654708586,0.2733157963414754,70.30568600202321,96.0372610022542,9.076586158693624,395.6591399122582,49.26913144136393,204.4795463978464,55.17244226147424,71.4401496488396
4.173249986174509,0.5699847430498786,76.19148558854138,95.08463537742013,8.91675068090453,395.80053089958443,45.92107076434979,203.2318945786654,115.75973546346195,75.21683959699273
3.2333123131337906,0.32092912526816,77.2727230488658,99.57853672139747,8.231490280443033,405.38526961338846,46.45039772465962,204.4252322343338,65.72669200016313,70.32448760536333
4.94506643579666,0.7125707386066433,66.55975144544743,94.46923019012925,9.676416891610966,385.80045651146565,50.39207275723293,205.24985054366934,146.10687646012383,72.64089292162986
3.6495050858935763,0.96756554907766,76.98950927862612,97.27975198924787,8.525647390776768,393.97381757894215,45.289808029270496,210.800046176269,203.74153948961623,72.56201727499808
5.42686728305304,0.32784863965963607,73.79623323778196,91.63387545930972,9.996324363297918,375.94170387532074,44.86379510741737,189.03729548343824,62.73611179268759,81.93903720411545
4.219497484035079,0.606841572474935,74.09936654430504,94.7594061897146,8.95927717179085,387.2225663747136,46.043458147894356,202.59123846179995,122.71157679287776,73.7453077623827
2.4419265954757594,0.3546516190235961,66.23272229674572,101.46866436305982,7.520570100522065,429.29398172118164,56.313610322100175,219.55852197631754,77.70176947869508,56.33104362335832
4.366621467264019,0.7081908347595579,70.98185955978329,94.57548479040933,9.098103272019985,389.5784584118371,48.106879803647665,204.54992277432925,144.6838202885292,72.17776941555869
3.1378640540109464,0.24694831818295698,78.5960634924647,99.65502455148857,8.109011547074696,396.3899102788315,44.741255384619365,203.2705919651231,51.740618554792505,70.27201882779491
4.402145188401342,0.5961173516855425,75.44689109598268,95.55623258920085,9.19071181807269,389.65779302031035,45.60233708007081,201.10426564785513,119.39052762583947,76.84662846763922
2.24374401856842,0.3254022066221295,70.77860081373431,102.05917205571657,7.347918122182101,428.77792602836814,53.080632953407815,219.29596694323521,71.95568765360385,58.257918241634975
2.612085030115858,0.45860308218032625,72.55206027298385,102.08460067118084,7.70676542331847,414.56096715199413,50.21812487551739,213.7375848194771,97.27233748205364,62.37877968530722
4.995080406170253,0.2937949449705386,78.44015561072581,93.74125653165342,9.663590727357398,373.4958253165916,42.231475367428565,191.2304872886773,56.53249532109149,83.48803189250945
2.795128449582302,0.6644700941791507,75.55662662031546,100.89453342100586,7.845921785767494,412.06118723710085,48.162392968782235,212.53327271496423,141.76823692890372,65.76164524915863
4.92964393835029,0.3326039291120826,75.54043772403634,92.3334249903966,9.570819745211436,368.74167094302544,43.1072929662378,188.31459663191393,63.71843403573427,80.01307329935626
2.9774663095904366,0.6103928518663655,79.03775512599186,99.08940486304155,7.921784010009051,398.1255768839465,44.7142424380066,208.2582196020432,126.7350604182104,68.99085844443019
4.250086685205477,0.4311803943475334,79.9524172067799,94.4747915180288,8.975530731611046,395.01654667571904,43.91394461003387,205.0582985256683,87.30315545770671,78.93947380855782
4.429527007284408,0.4771055256402274,77.38229255439326,95.25598833069509,9.203431396610078,380.85811670898823,43.58527403843448,201.27843424992253,95.24706784959065,78.61792092949007
3.794291636007685,0.5295511814800257,74.82620887775957,95.75056470798162,8.569123348745753,407.96337002186294,48.09402370083122,213.5368495106099,114.04323252100258,71.20802443879049
3.0685873684385596,0.3476350656682302,76.96891031772397,99.80141433375384,8.053858517435401,414.987274529897,47.716738431448874,213.63047365123876,76.34719534897017,68.60575857932108
2.7442553172988364,0.5420734227081774,74.86444348976451,99.53021891119478,7.712164675065961,423.6469056741237,49.92042465054515,222.49750376224523,121.44443682043857,64.16353993634652
2.116162740968492,0.8060669128708822,77.84339564819193,103.25226730248386,7.288622873040931,419.83868951756887,47.793995942392776,221.4027035587612,177.20325432908936,62.71357400238417
3.063812404342533,0.34438104283345716,78.17438176890258,99.29043225098557,8.041589242585353,399.856456506079,45.348370862873544,208.20180022281104,72.50140596164762,69.37636252050622
4.286069766859491,0.734362028654769,70.05201421314275,96.06566666547965,9.09094346278079,384.72591352615535,48.05949198252552,205.61693277302342,150.05347678594717,71.29143387336238
5.28406686456969,0.7996195266975569,70.9110643837751,92.4189296366631,9.896596005712903,371.47138049646736,45.91107326613758,196.83822756741213,157.04654774630885,78.36747114271864
5.049215687920682,0.3367690021943912,72.55281110348444,93.47579742187929,9.71857764963537,364.7411739016456,44.18276846374409,191.27003233520526,64.6010490160813,78.4539226149172
4.6812267178735585,0.20898907898188962,80.49816551178287,94.78436146207383,9.414139805834782,377.1408092329704,41.67386234849884,192.59911143102693,40.60647976617161,83.19978809534088
4.7595657013865456,0.560392180034353,67.82993385780762,93.45642471233765,9.422614248387198,383.40735135157746,49.26219673423446,204.4954963284275,114.66311908936572,71.87707276075139
4.327447162165983,0.3905184954466254,77.16672354013915,93.92690047927938,9.022771804121769,382.20576964357554,43.84766962906145,197.56702676205376,76.55246589393083,76.89486366261575
2.9110040014810106,0.8737206438326005,75.30592025724202,98.96946755081856,7.865225643866558,407.37069352854286,47.754094006618395,215.66729670273915,189.49292759342805,65.71883839879061
5.175182607470404,0.5069615080999664,82.02345942239545,90.21738205040083,9.690954284434731,372.2685379364432,40.45365608650933,192.20361830301428,96.91226979226917,87.0282074793759
4.34756309167042,0.3395601183929642,76.11876916332395,93.91659651241106,9.043310593645277,390.4677132033164,45.340605421658516,199.61577146808676,69.03606773816841,76.19928085008647
3.9615422084315397,0.27056809779765767,68.03780369719834,96.18966119665333,8.77159580663246,392.8988490484702,50.34724587752279,199.36535610714063,52.582525277872,67.11849560470618
2.3884631422471836,0.7179809918181661,68.06938096745601,101.19265565747473,7.447280417170023,425.2879023174985,54.4756339870024,225.95644314993913,162.44796150244278,57.09242128409905
3.564694403322489,0.3857632051831627,68.36765567449787,97.3794611048434,8.420695343172998,404.9232609066802,51.669691714211744,208.19013004198703,79.08594088926483,64.73809332244991
3.611253949206742,0.5087657598920856,71.6437849073824,97.75478351334553,8.500594473843847,401.56502585526204,49.18500854790132,205.18595398088746,103.55750516427608,68.01914632366747
5.025972633329345,0.6911605490224961,75.11665932287559,92.16584357689469,9.628428556319532,374.1246945251762,43.95434424957841,197.85576412966893,136.23708635419405,80.1309184356373
3.9132687706572598,0.40314832961383396,68.86871489368343,95.40609626236953,8.670100151584142,392.3836130306668,49.75149063346697,202.4900575457615,83.15413391771382,67.03261678333718
3.331401921396434,0.49081423425196785,81.35099225893717,98.29750634106173,8.249984294120676,410.9421771135153,44.98497136721703,211.89608682819915,105.30964026367339,73.72553262901889
5.418801149787308,0.496686318035496,69.87615451998258,90.31540358632614,9.92845402873943,376.63198719950555,47.151992914892226,196.30147241425377,98.3745043209394,77.65770727854074
2.387522076642105,0.6366649023032184,79.59554361128292,101.42704353416939,7.461151792563163,423.96740496952725,47.32014427067289,221.44545715305412,141.01983609405758,65.46514318866892
3.4789194990918064,0.6181488671020652,80.10051855610686,98.89800332471708,8.432296043478354,398.8957232837956,44.272300501289294,209.9876253831819,129.9916716854381,74.29723676424605
2.1470863630999184,0.4559772537490343,77.06801638416508,102.26879348587335,7.251023650182133,423.3321932313906,48.620861116617945,219.65571329929725,101.42448808233014,61.86091244547718
4.5896644226842565,0.5127298122993036,72.03876426973736,95.3529405632833,9.35823266366915,386.473139422349,47.108600777024634,201.65732260846218,104.09702645602373,75.1779411281533
5.213267932697027,0.4256441976953023,77.96817591512095,92.89887102511078,9.840107255135262,362.83714277898514,41.24640973902662,185.20552254738197,78.84966447679038,84.51265854655094
2.980130653426713,0.20447751861611102,67.18930111635896,99.10609846614327,7.950760907639969,408.5358440538913,52.92648568459562,211.57311826247195,44.74861780819955,60.2333116471047
5.0041958687969235,0.5515201714796258,80.55957021772505,91.59641544607815,9.570425976131943,372.3787780001293,41.11975985584396,191.3502201655944,106.34803577455631,84.61167732508429
3.0227638066166422,0.8784383521666136,73.25739266025863,99.3782833473056,7.986529777357949,408.6936152760288,49.087967112271954,217.26596456688344,191.09717576186196,65.16622487196851
5.187695565753703,0.32325617186178746,74.17863360597102,92.76572773057954,9.83936575132032,369.14275313385446,43.85230994147072,187.23135244215644,60.064713462708134,80.97978827117328
4.638866662588744,0.3453940580794594,69.44791576182516,93.37181395595645,9.305112131125759,387.7826266990085,48.80966643121664,199.8649005440164,68.48290681325236,72.44298310890372
4.817173718945035,0.3258544456712517,63.39307786958895,93.8663642223021,9.498517953197139,385.07964596053586,52.46811513270748,197.70445111495133,64.08669896960126,68.40873147461056
2.063022944601591,0.6449183557446245,67.28292324834314,103.7461716852033,7.257462261184622,434.9019089257272,56.27399827102826,226.78719762979256,146.716217485099,55.108501006157375
5.369836249759091,0.589697090839288,82.00779447777545,90.5863526055531,9.906059204658257,381.4444939012875,41.45784561691952,202.60324888110878,120.31032927571088,88.99678457475187
4.543348472246132,0.46829246151670867,73.43785102432133,93.55743947650767,9.214888582677863,380.01283673597203,45.54441803938622,199.2477971250909,91.86194952193956,75.2351430744307
3.0666288338514667,0.316396187672207,72.83331031504652,99.83692870722147,8.053226004004737,410.53868186372887,49.56202767972141,209.36105306076448,64.2944403578133,65.3882160220562
4.902881327005964,0.5184753583279849,79.16122938384942,92.96139339519237,9.546596907059401,378.1311994963071,42.40982342991352,198.45099940690582,101.94046322145007,83.15781669562294
2.9853241944522546,0.18707557453283913,82.61073342392403,99.00251609818216,7.933379759754502,408.217121086517,44.0788131131529,210.044054676928,38.88643559251804,71.84176384333641
5.054638438481447,0.5286853133714986,82.69058940090594,92.02702110681926,9.637059783053193,368.7584457237463,39.783806328902486,194.51219264153156,104.0316867219216,87.1362314318138
2.3940313664417796,0.6743048772175868,68.0111626206492,101.56447457527184,7.470440856594192,418.80073059164374,53.68471850985965,219.24250128315066,147.55586974062834,57.21207265644462
4.4629009211127855,0.2497601726732644,65.64262824814831,93.12796323614089,9.137138224901662,392.202212262288,51.84936342714782,196.66690691838394,49.37433398002428,67.80792791369574
3.8924446682571863,0.19349634463406723,86.46900489740915,96.988958146286,8.732932875899118,386.0269901565178,40.015649644882494,196.5652360576096,38.45255917126768,82.19174443194163
2.337870645684043,0.8158875783389719,84.15040283311812,101.4344989889545,7.40376065919707,419.0609855436464,44.509738985018814,223.10602711769576,181.00586531771475,68.17501721101375
2.8466283989059367,0.377648072099083,74.35822206083354,97.80982762479074,7.72528360351351,414.52129018266834,49.1382203247175,211.38613237225337,81.28945419074132,63.86932973719339
2.043414126970602,0.7271895691887644,66.09965572445562,102.82895378095533,7.190983435282322,430.4487585201777,56.56382468782278,226.1773133320364,163.8089771562158,53.772484872973315
3.64068787912577,0.46920046696043366,79.18495812442062,96.664335415945,8.485936623504445,393.84078192797074,44.16000076812608,203.7926223508598,97.17938502608101,74.00593131856307
3.0544284126600014,0.46760903661173453,73.12539566512895,100.66055830953214,8.099259506528385,409.55199781505337,49.26917875554367,214.5655557283132,100.20661680271425,65.98611701718835
4.094251195042156,0.5876825398993291,74.34819581851754,95.20176480061647,8.841859329184043,389.0187721715292,46.12058010209688,207.0322565354347,121.33173906422061,72.99675115416271
3.04033232698016,0.32320022865071185,78.12069300790185,98.48072216470655,7.969366352520456,410.16787378971475,46.546147084083266,212.28236926521944,67.49892110137748,68.74958861511786
3.0497168902744463,0.5264994286991291,75.33153400269583,99.73233702000906,8.05067124161704,415.55094217877667,48.69840288651653,215.50185115352306,113.65888680713324,67.31532253188738
4.601176195560612,0.42370211703518146,69.59233687959801,93.36752542113179,9.274649097694304,387.97500254435505,48.74527093371537,202.6384655216009,88.11272922829886,72.33515748804861
2.168499925924237,0.23590131131899367,70.97849023569921,101.78668529826338,7.262618287670845,427.96559006421865,52.84929230201316,218.81889111355477,52.03325164545767,57.7194348899185
5.160132483171955,0.5674964149452798,79.49792362311308,92.34713741515768,9.772772928143485,376.8314045753728,42.105044376477025,196.77834935910212,111.94144467208916,85.43519215394147
4.9829235603691355,0.44733843862441675,78.53076938446804,91.72739369239638,9.571494343226892,370.14001365930864,41.80919427593346,195.96486398702717,86.99601265541376,82.75776049664384
4.337316391292423,0.4685950343110584,76.51486254134328,93.65357370391695,9.032358258285335,397.34149768637104,45.927541929167546,204.2236374780864,96.29016615978483,76.4781322534236
4.076275495375845,0.2579678113171684,79.55864536683033,97.11383416786,8.935249293453133,384.19360602114335,42.89855037975333,197.1741381315483,51.022198669267496,78.19997738086863
5.123058743488783,0.8182800735525608,74.33908555310022,92.53289338786978,9.737220665321976,379.91825745916503,45.046523206605904,203.91245112397877,166.79466102927086,80.33935355044966
2.6486556283505003,0.6753428372772232,74.07173563011597,100.51833787277775,7.670012105246529,420.7056135793046,50.04126659526231,219.90795166976318,149.00805480480886,63.21977027893643
2.2763920676679,0.6928311768343958,55.853774980313474,102.0298459954008,7.38997716282683,425.3481149438142,64.58978472699083,224.18480150018172,153.50637387293642,47.923817234190814
2.8382855946833834,0.4389110595116636,71.157691744406,100.47069190510108,7.8650676231419485,419.28000152323244,51.662386215183645,218.11466115473348,95.63241253005638,62.61899245386829
4.781023975450665,0.15416342209931594,79.55674331341902,94.0450860456134,9.484468898513768,380.9769885364236,42.540290595776796,193.29021444075738,28.60125307137907,82.98898214458922
2.121345933542692,0.8905834764979021,70.59364278466552,101.97050899954857,7.214331228187654,436.925811544392,54.213433770675195,232.76664904635007,207.32703001878548,57.08986584167294
4.0398239227922135,0.48778049839882637,72.5166517487651,96.1535334909998,8.85938658914755,394.7725012742494,47.84155596572147,204.91382035900511,99.22876604788972,71.60791941206651
5.484031306669585,0.35024004079598925,71.37357280912941,90.40052708568825,10.020681786932219,370.4942184800909,45.530041964499404,192.09575007503872,66.62378349245651,79.78941154017667
4.994936328431388,0.5833603148966228,81.0107530577634,92.36653785488005,9.625895112405571,372.50398388919217,40.929667250722396,194.54443932965782,112.1560641059504,85.51664043574783
3.825059911652563,0.7334241576006595,77.33238826168594,96.74084460318797,8.676528058026415,386.8197071780415,44.292812194596216,203.78762038624495,150.5784287824715,74.10120679431483
2.2227431825032484,0.49538988878290674,76.79436480811931,102.2150560027965,7.329908920235412,421.0929378482882,48.516161017966965,218.018437563586,107.32638303898008,62.33465636123
4.909807300349984,0.7557150335878748,67.26069895063053,93.40412796741711,9.575012007747102,380.2159882935114,49.21208239864214,203.8110573989704,153.39884146420945,72.50391697648956
4.0964247786202375,0.7165999877033737,74.11345951801611,96.05218252212164,8.897470452991328,393.7154980457542,46.80766910573034,204.11202254108574,147.7972879142252,73.27426909267527
2.402265489708484,0.2847237625195883,71.48216354890015,100.38553541852257,7.421927993054376,415.8530591649401,51.036084592350434,210.37864738684223,60.46775747053006,59.31329163200122
2.328500496881747,0.3652419788681047,71.39134206326533,100.76398969526153,7.381010179446076,422.62819852983796,51.92544904854007,221.34426904451144,78.80957959891956,58.93994461168845
5.183693868028073,0.6915074326559535,73.14029492304391,91.5612981140943,9.773417641127473,378.15678616834356,45.48417665806598,200.00138140755968,139.68780195650757,79.50843643497008
4.3422009202832745,-0.04252251276208763,73.48011974543985,96.265196988962,9.16084546360392,390.76859120720826,46.80977847166471,193.9323858182474,-6.598601709239225,74.87528264120826
4.902503797608644,0.47010886136700225,80.13122847066364,92.15996324236846,9.496190092068598,368.7246308896759,40.909753161712445,193.00365203631955,92.28710318672364,83.5480746700041
5.076426150987936,0.21383375967506563,66.52745461444637,92.06593030385201,9.662842447734567,383.6642022427962,50.134190948299285,193.46955351612004,42.03851125401939,72.5011322239609
4.001203232169128,0.40468923971329507,83.68791771875522,95.56671186584283,8.781943452909287,389.6530942887047,41.59053843617455,196.69130791566184,78.49714609867179,80.34440431934321
3.8110622311426443,0.44023598219415916,76.99248030250348,96.21804668373028,8.630767197385165,395.66260954380255,45.48239206054872,205.14444440030846,90.26274046489667,73.46592376817006
3.5064959361234656,0.42835112441849843,73.9961356450471,97.86985601869192,8.3991930665682,390.595107561338,46.50155683493871,200.26125297885682,84.33368758856766,69.0647620385279
3.1093130572689174,0.3895477495774783,78.26534640058733,100.2380261205153,8.140363408344468,413.3544490856651,46.83088731218241,212.72322034275453,81.999835711892,70.3490071185929
3.5210858630054913,0.2805712700742372,66.96612930976441,98.04097419938526,8.41231016253695,405.8513394504117,52.73116149793475,207.79304035599634,57.18987052130639,63.54129060599519
4.708578795055548,0.9583822533637372,72.32679002831159,92.87714944816392,9.340352747968788,376.60492689668604,45.74512461462111,202.96242958793064,193.88856016147028,75.25111747670454
4.10673200855296,0.8734924008322702,74.32270124831078,97.82902157870721,8.991540277743578,392.31612182038646,46.525563817637504,205.8424560984533,179.96577506086064,74.22376354106585
5.123831514841961,0.2675868359487434,82.97639966997124,92.12944827482204,9.72328095645115,374.0662132072236,40.23238311388782,191.09947082801776,50.69079080118294,88.21102765958085
3.551830050327157,0.8164233502607134,74.02971315475979,97.10681805874925,8.41243381195144,408.25215926373227,48.584261916001445,217.26163376850565,176.88960916910958,69.26379733574464
4.1248135255156395,0.42010690190542943,77.2000495865445,96.69282976043733,8.955237895019073,388.4667784185463,44.54891714631423,197.7348742114061,82.77889095889014,76.37530446387889
4.20957643582196,0.5258374946663421,72.10359674330572,94.89122598026808,8.938659330222578,392.44535504291906,47.79880183201802,201.0718928237616,107.23061304981793,71.88568577016298
4.070940068072139,0.4873452080206168,77.31933842652401,97.08204068573747,8.933957886925965,387.1790678896816,44.34058650312363,198.76166289344127,99.02929945167865,76.29017959411183
4.459218205799307,0.3680502717492068,83.73725981183145,93.69622204692908,9.126429788885039,386.96624336753035,41.282009325248886,200.49740523752374,73.34242830286226,83.52536473836508
2.8310171393118218,0.6967704687212294,78.37485402554476,101.23546432354573,7.882078173259001,407.0910432162268,46.06412623873268,210.00044714595668,146.65818419205294,68.1776903705301
3.793273221410267,0.5251773061153315,74.14464792680292,96.88438185648941,8.6212652485273,393.4518832733317,46.75899097178395,206.26314893068454,107.48344694372568,71.02438680574349
2.3647868098292166,0.4046897153561517,76.21519840812242,102.7560879517597,7.50466242018791,419.08168454409326,48.6087943056466,216.39529949896937,88.34060346350363,63.397359540929656
3.345789646756844,0.23908211123990547,76.90253234914427,99.81114880331228,8.338207564043971,396.3455169229437,45.608051481234725,201.2439862290066,47.637387040037616,70.90644389011598
3.7068347401744255,0.32128099725617587,76.98114004669569,96.1199925769725,8.531998912233213,406.5782218293537,46.7432620003696,205.14706654871867,65.19874926186161,72.65789560752899
4.282784908409154,0.17172397687958063,80.69910869439303,96.03087027717461,9.09346668882934,395.4873563843654,43.604326666201764,198.72660275559397,36.127709802774916,80.62785316877081
5.326858684051713,0.5024447096830339,81.91461894004938,90.22887148227868,9.85271871999907,367.9118275968898,40.02756382386327,193.05639254771168,95.64409386309721,88.35357045900302
4.102278732919245,0.2606668815431208,74.28694149512867,94.80427695058405,8.845378676961433,386.44467482993406,45.848700637959254,199.64579104180058,49.5882184093877,72.96359215982929
4.602578706617959,0.44688789749629176,78.73248975533039,93.2482469590032,9.255221736357214,385.08552956523386,43.39848128087725,197.18335760977877,88.85368634964246,80.27418643087334
3.7719312082332097,0.7740203707220742,72.61084284408089,97.20115008012606,8.633269788259447,395.8797545073341,47.921040492773415,211.83390983506573,163.59613301109087,69.86230648296616
4.2193641098171595,0.7398599145843171,70.4478749502027,95.25863831718783,8.988220235750424,397.9298509675506,49.464308561769904,211.4345746679563,155.78596977475163,70.87546110926533
2.248262756468207,0.49354462117947645,71.3504465292419,101.99737148503101,7.3551694045422735,420.42070031980825,51.68019577725188,217.5998450820667,110.12689211018201,58.69882270566233
2.8903705329464646,0.48258305477137003,73.08705388083784,100.00069135790527,7.885680979400645,415.7741249717942,50.04078319687337,213.65009804818683,103.83414354087942,64.23612459806193
3.2664858262179854,0.8759749098842016,65.61187804557163,99.04033127967183,8.223390254939401,409.85741162994174,54.205426742993836,216.9055494206739,189.94530500965257,61.05228495747643
3.6537267425227977,0.6041512240717423,78.68613488811097,97.74655490032329,8.53172420783055,394.50975433507756,44.48381416472853,209.9629907609235,126.14146623824814,74.00101515444123
2.1597706092583433,0.4344387080246954,58.75509761809802,103.3161363360879,7.31514465012163,431.3953170927879,62.74375748675166,222.5711227951905,97.13929887958008,49.50632454597155
2.490084341436612,0.2147963765759096,86.56218590715554,102.74073265518581,7.615963127082048,417.4485258878711,43.23105592175052,214.605945276596,44.36372680786642,71.87874027337843
2.96885007726957,0.5787746436329486,81.07201576170507,99.59193483160333,7.948693078735305,409.03157471588884,44.91298136917737,213.68052297901494,123.15676709950965,70.8136642398712
5.400364418153677,0.6658647545165725,75.17539368092284,90.6818533667574,9.922678722940784,371.96269139444644,43.67020512847443,195.06392116378893,129.84909101096855,82.62478923059095
3.1597145248606777,0.3736696950972712,73.83878923265168,99.43182806633577,8.127058484278757,403.5593974820958,48.135165258914114,208.55292452837725,78.14339955185989,66.74956333076089
3.687143703392289,0.5582405510276065,75.93943181200716,96.1795931851153,8.505152528162194,405.24220070147396,47.15439608536659,215.31037876031087,120.0525531443245,71.57491336209567
2.6863419945843754,0.42728534101699417,70.27780845355653,100.05483971326541,7.678792683466863,423.53575583995604,52.75875911398179,216.88892471426075,91.98024691561318,60.4969928013946
4.137730248765189,0.46319352016019943,75.92837203645291,96.31744888643607,8.948559572751948,388.6046637869474,45.22425533932981,203.0779725027714,94.98506309621641,75.23002714957656
2.9823912543059103,0.002435588487533724,72.85886961665878,99.46232791007515,7.95622396257743,411.1105306043729,49.61575417409739,205.9728170940747,-1.1499885421399045,64.62192469980641
2.724474024534494,0.4556437192567729,72.79800524328655,99.49778694744283,7.7018322409219575,423.91525644769786,51.19872818217076,215.8932479799559,98.09247859999678,62.547964351414244
3.808004199560927,0.6938738604816108,75.47691035687632,95.48014284924461,8.577018436115102,392.60101302971015,45.93065090801177,203.7648667363994,140.86918415058543,71.75153256223925
2.019270297061473,0.3737194888866884,65.8554853647038,102.97152730379989,7.1757152629388194,433.164942552136,57.10397085583626,221.2842961154912,83.71009714297465,53.49493750355564
2.0268241142722885,0.5105052736430633,72.63003755779498,103.8196328296214,7.223710278761206,423.68071053600227,51.274418245261224,220.19291154092892,111.95075946613538,58.54769515085354
2.7667408318565023,0.3488098586616159,74.1373277313152,101.2192437105272,7.83910158342648,422.4534266227025,50.20998860003833,218.21560713065253,76.55341863777892,64.66815197766887
2.128524768752874,0.5720883352585546,73.19847782928302,102.63886771167921,7.259652135093364,425.8447998097462,51.1842056393805,218.36189882578896,125.25534197930195,59.241777704176826
2.3780901394574196,0.45669536049276527,71.77455439016812,103.28381204717593,7.537152553721654,426.8490197601999,52.1982691245971,221.5803353278057,99.35959277853291,60.47614390994608
3.1860122726856304,0.3121516918635986,79.51250360706962,98.76510075284791,8.117440990107905,402.03954201270835,44.91434445600242,205.46528587324775,64.0706892196626,71.07870746375262
4.809049878529345,0.7665102935330256,74.00259707982745,93.05747132642936,9.464993720030108,374.85644335584556,44.62438738645431,198.93250364398327,150.74107593963456,77.76573200255815
4.002170251792553,0.6857864027064431,75.93923383626702,93.93845539093488,8.695321463511185,394.5465799092639,45.90994849464928,208.7373096872943,143.50049393952455,73.13393970217794
3.7943370408474575,0.37901864721436507,81.03969211864468,96.36192999770492,8.606741842955897,396.7627035831583,43.58128793604547,207.5588421400293,77.93835003131667,76.5979252899167
3.0272108812284255,0.5995576618835555,73.23577235737255,100.0863739436273,8.027046705767336,407.6110985316222,48.9706633322924,213.40619779487662,129.1359905582052,65.4766838683941
5.261138018014858,0.6074824005640762,77.38568195895559,92.83718600643576,9.896160413485402,374.9140560780845,42.903373604634545,193.85579008208532,117.58321262243287,84.50853170489677
3.3895526443301707,0.6284602470022352,73.58553999162172,97.47237803791057,8.265161757353326,404.21278101723266,48.359175649011696,211.15910918779142,131.93504961472712,67.68516644714181
2.3048246837852,0.16114882080098442,78.95263858836023,102.30291547018624,7.405844625469071,409.8948662464415,46.080124519215516,209.06893348152846,34.89107096286268,64.47769038842708
4.159732806412304,0.7013213082065256,73.70305655976328,96.27843840341556,8.976684889507831,393.74913948190306,47.04119009092213,209.1644761578825,145.81961388467042,73.57357184437865
2.3984343771681047,0.3860602074148537,79.29489413904275,101.61444620246836,7.485922174895553,414.15091355073605,46.38013377403796,214.19800863477144,83.58802270273611,65.43462967598295
3.2082809998059223,0.4284344133117466,73.33199772653178,96.94439213465748,8.049691815157024,407.86537769786423,48.94462977310881,209.3391427379302,90.15562147612722,65.73660886977204
3.775941785512331,1.02757635045204,70.23383152537471,96.98203575036624,8.644263942426708,406.7868445590127,50.700164360262725,216.07141694105235,221.66444643468807,68.01473256780847
5.059778836398115,0.5603746761442023,79.46860045654834,92.89991857185531,9.704950978100648,382.97759887597323,42.80581085673421,201.0734350917975,111.34048326525468,84.84670755114303
3.7274130311904154,0.4227355049105649,72.94955646865021,96.19611607481878,8.521605405100356,397.5106021350687,47.921968369451506,202.66785992199698,86.91656263508638,69.24145958636696
4.457905681110825,0.0589411254488188,78.4519913128288,94.19400649141261,9.16479357661809,388.2122650956659,43.889601504015076,196.3762714624156,12.075102508796892,79.25856221278526
5.474858936496746,0.7779528267892711,62.92280879917743,89.91359688855837,9.971165342374023,372.6461971807353,51.101459655369,199.378969709596,154.3354850671525,71.31694334235651
2.4602119196429357,0.2309580658382795,72.97828061304625,99.33314024238544,7.43135860731791,420.7471507139303,50.70569643109457,212.9025604710773,49.41616926301194,60.47153748580234
2.9615603393183183,0.2993122193000993,71.25584591339458,100.456142341816,7.98179315116801,408.8329215367892,50.314277937926846,208.6812174779278,63.46700022829773,63.592823366661406
3.3810162645917625,0.43372954018243015,68.74092608485373,98.16344424688735,8.279072774179086,398.30045568049434,50.58366411023323,206.05352667722275,89.48352017287681,63.926409948713406
3.47639862488591,0.7832823583400585,71.40547334066409,99.1107448102633,8.420986059217954,403.4933655980438,49.56587672053848,212.26628882748057,166.5028381415341,67.19574992176416
3.4385737634294102,0.6546479973331518,71.25777279465204,98.65084958152201,8.364580249653695,405.6461128237961,49.92089973335986,209.87941630367524,138.42914330845588,66.6339259801378
5.176638508947942,0.46843249803194803,75.97203723648462,91.59839740934984,9.750980625790246,371.2365638630455,43.18108257012443,192.56633084790815,91.74159017023536,81.9337221098633
4.499114255633998,0.5616584127277642,68.56230480033602,94.18655557719748,9.19709229284488,394.07219078015356,50.1604671326379,205.59103680195292,115.35233622627842,70.84216606647261
4.127668249317463,0.37992286142577886,76.53457080047953,96.00610304000502,8.920645269706677,388.79286520019855,44.929195534652614,202.81737024879206,75.7175127864443,75.51369436085832
3.082804512519737,0.5279307379130702,80.53043934105261,99.9836909395855,8.088583644743405,402.83009224441577,44.49664611996922,207.77002304764824,108.3856052701845,71.61681516362427
4.8832663447745315,0.5146673489556274,77.26456209846856,93.16670429788275,9.558085685745613,380.56497703624086,43.61048378456478,200.13949110001707,102.31426849293427,81.53851630644648
5.342711790197461,0.6937539791362707,80.456197194382,92.18498325054048,9.959515569863193,360.9137997751207,39.899289486993396,188.56907061675153,129.88565155598081,87.88726291643566
4.874193988925793,0.69343562448779,81.32184505977993,92.70298604942015,9.522401902258668,381.55661908942875,41.781527611455836,198.4906395126337,135.95801166932324,84.92767038229006
2.0054778681701553,0.598795476441129,78.58902100272506,102.18311262397592,7.124374684051288,424.06605213091245,47.868917314016585,220.4132333226546,133.83027206450024,61.822639260733204
4.227404795641925,0.42753048849077957,84.42357921887684,95.15223581240436,8.993347889546126,391.3100409034972,41.441983468602494,200.18615975789086,86.11378593266065,82.91759816364569
2.1789738350473526,0.6483644588780253,70.11875861067718,102.53773948992321,7.302482846912941,432.3434922466161,53.96282964736289,223.17998139172155,144.1781702706163,57.44211053836879
2.9016252711680264,0.4816063067593907,69.88953039959604,98.88308323512048,7.84718854170792,418.30118421778894,52.35995031207545,220.26334734191488,106.0477003854085,61.51595420496212
2.208336451217201,0.2836171262573734,76.56733198308432,101.20144475342249,7.264202495463767,420.02915083384937,48.52051474982793,213.3655370380734,58.727721369596104,61.614400033379646
4.1132840853228565,0.41934244161781226,78.47727200067443,95.96141473854874,8.909163750626957,384.17165765476904,43.42037779508399,202.9985726251642,86.28323898747588,77.0513078971364
4.403064697224124,0.5169053967568649,79.16205413474741,94.26418807861923,9.116955772158951,378.82569958624583,42.48732302799351,195.17696314667873,98.93841518159024,79.41940105767716
2.4007067332306677,0.682043156732949,82.32726035112806,101.46485370916307,7.481085080204612,422.9619477639631,45.81116629643341,218.2945280997098,149.39631682429976,67.59528905718274
3.3434360906574283,0.4632943655685694,74.06897285278139,98.01021955013833,8.248180301979497,404.7348042582966,48.143184164632764,211.8993970505335,96.333374566141,67.93059295517376
3.596827781344397,0.25816025775207874,76.4469761358442,98.62758348670519,8.526588663049514,395.89332731201773,45.79608738308029,200.36575425776957,51.3124666687562,72.13465366884708
3.291685576163208,0.5113483366593639,69.04808143397847,99.48850941174477,8.266666434159362,406.3870279855269,51.41010643312631,211.14147063905156,109.20952868336181,64.09958369026234
2.423587501698176,0.5226912080113105,83.5849106219176,100.52756079202504,7.454300178041364,422.8831382351765,45.18710713350163,216.57067026773214,111.56563317041835,68.25060169985534
3.466317265656164,0.5371675257805506,72.47685611274184,97.44165499973907,8.345073960023695,408.00147728122715,49.46860204316093,211.98202524346175,113.72115110976193,67.46377680124702
4.629123167329464,0.683974303190886,74.0138681599912,94.47807232872256,9.337836832133021,385.83024687188737,45.92459022802453,200.4314858440928,137.7177565434545,76.77893131690243
2.248526825866394,0.7037846480179797,70.96448273599846,102.61170509915021,7.3683381911849155,427.43687336903434,52.79313334993829,224.12739160936493,158.2015869153292,58.54835445032389
2.2806300492866622,0.38115782552366667,69.51227676592231,101.98462845763285,7.390934577507699,425.2772595209619,53.48573538812674,217.408132064359,82.93699686859159,57.68842762295069
3.2416995214259448,0.37677130839021133,70.2428541814729,97.7439715110378,8.128289401278524,410.84763558832253,51.20052617509987,211.53592288078664,80.19642994766302,63.97423027290997
5.296039990666237,0.29196025780890533,73.73672657435186,90.91782799574533,9.837690624519833,374.85662303561776,44.76609468400625,193.0590981271601,55.75476010595612,80.57763091735684
4.340004263530199,0.6397631340560953,68.3790254759815,94.39657102360727,9.057197819981301,391.5041271818436,49.95011417969419,205.83067060016165,133.61567076336019,69.59612131032833
4.375344848353977,0.7897640216675431,71.32382421670857,94.90788849565637,9.11810222008103,392.87529533085245,48.30998776987339,209.18620107476366,163.59711758526885,72.64810365172869
3.266719967932527,0.4369836144182153,83.66487951875713,99.92946183599393,8.268772437547467,402.9650099725498,43.021996296045295,207.8191938517491,91.97565321914584,75.69002426308396
4.077812769229885,0.4517138870550014,78.5716510412827,95.17815111986489,8.825640161283323,387.6549612022857,43.76738568660102,199.7325515038366,90.41146174799479,76.42401140550909
2.0354591440971017,0.7933565113797952,77.07207185655511,102.05506479761594,7.138460161442867,429.0463399561339,49.27485137403833,227.363755014343,180.99762472375394,60.919726692047725
4.226336162433398,0.6011115706430016,80.95764733200465,95.12095425002074,8.98484505222894,389.15627535451586,42.784338290331526,203.3719156051466,123.04375763166938,79.85752375604508
5.196504316516829,0.587247140960211,85.40647800163214,92.63762607660234,9.832348299512601,372.2475101536706,39.017005757963574,194.7858426270102,114.94305778570059,91.46279448278992
4.144007139206867,0.2618166988052546,66.11569580982902,94.3384686393674,8.863159211137342,395.76950288524637,51.99578072229087,202.60749185559573,52.23500291028561,66.18957334294342
5.057945077132207,0.6357456138558838,69.92011851612595,93.46009955073723,9.736109116972209,381.36847182294116,47.71870699190595,198.1539889232638,125.68925963652356,76.21394911112843
4.533905694131328,0.31417273189804834,71.42206852848417,93.99370498084781,9.227863981663138,386.5668502010128,47.47691346920015,200.855238267166,61.651649255370124,73.58526065693746
2.421954457412916,0.2731959628130084,70.55769636644752,100.9357033972041,7.459321599949871,426.2098878874263,52.90740762355561,216.70417022479575,58.90420870414572,58.97587665561716
5.158586575500446,0.43064568464665753,74.68745693767428,90.6647955563387,9.716396397749886,373.51473169018,44.105082995356454,193.46541434673,83.63756481160527,80.46137934996386
2.232553455245212,0.382841455310262,70.44417638226405,102.75127952537825,7.367104784668382,422.54396348323195,52.526358337654926,216.92556467540874,83.65522714969053,58.156873581294384
3.868886153917173,0.45568006112299214,75.73920795036088,96.32196150509667,8.683139684465461,399.0517857465971,46.542508997474066,207.66658009794767,95.0209542572298,72.88261536969331
2.497479933277102,0.21180367309501624,73.1734528736586,101.39538461973375,7.574027565240969,417.5912005769934,50.20727000613033,212.65101872686364,43.28517711231667,61.765590389676596
2.040973137558164,0.6917632612935345,68.83499378917855,102.13594462573734,7.163731261766974,440.2202907227299,55.84072117770086,230.38674638702898,158.81091310707686,55.48170032634562
3.4771199104467367,0.7255372589032858,63.29480000759823,97.5748034860356,8.35041480357917,410.5060088592724,56.00752151813179,219.03357154545924,158.2547676175217,60.13058210654528
3.0326424767895466,0.11053150517183713,68.67482744525397,98.9964863341528,7.972478640815292,413.2051136363636,52.5206253453677,201.85383817734999,21.001040625211576,61.551391103592344
3.701001728291611,0.6956915611333101,71.69500880738707,96.9660194666768,8.536881168117533,404.68387699848876,49.53593651634398,215.26266067717793,148.92048305911214,68.36200942812019
4.020199603570928,0.33789427403567474,73.58884234024652,95.39365952640111,8.805813642106013,392.0447881718985,46.90156929989399,202.9312390068663,68.5705828637546,72.07015123841269
2.1530867530813156,0.6713951073965572,66.9353668071449,101.23685159566563,7.204548262999986,433.7499621133074,56.378487568740034,223.27427440199716,151.3190439617957,54.46244173612956
2.4305115329331097,0.48631070146671684,70.46258150703763,103.6760094309714,7.614036445116525,424.0104145781721,52.69659593771375,221.15843424652132,106.59864896449756,60.123564507739765
3.9552483875764888,0.5057551128161997,69.09136112266386,95.06590724561228,8.698770901536674,404.6557078090987,51.16307294061013,212.03111548791145,106.10695629912762,67.48082691060384
3.2010857361043037,0.46298047011575627,73.2122061255835,98.94136712918896,8.13367053338417,405.83765922534036,48.77140964305788,210.98706364416864,97.08341747067563,66.32220855008823
4.552107206423068,0.7424258408466973,70.0970720058946,92.65000251478003,9.181683578631134,382.21383335433075,47.71882714092251,199.12512940250298,148.1731080174468,72.03306571983015
4.283020770071789,0.25208239749499434,70.89510164223383,93.41178935545436,8.944232371181096,389.7065387234718,48.17430608431465,199.99981075928926,51.64013968510534,70.88307119036789
4.959615270464674,0.6215680677470017,69.40811766961191,92.71960774685544,9.588679373553214,379.05501288122724,47.73504573655004,200.8654211688225,124.76502280540272,74.57953365026364
4.423724893342289,0.72026603297791,74.54096639416183,94.65645694351663,9.176608791492296,394.9874956167481,46.72143133249361,207.15332531348096,147.7596250957714,75.95425417045585
3.5047587708655183,0.6432680161080822,69.87347167527663,98.74254349461259,8.446134906637873,414.10297334277067,51.844869724242706,217.58277462497867,138.73095694402193,66.18560318804968
4.355383178380514,0.9649397828646835,79.76038114743376,95.07579634848076,9.118487691000093,387.4494052442446,43.16485740048818,207.49238357405366,200.4059369406829,79.99465730338572
2.963834109893965,0.39421064745506024,75.58585226533725,99.50673204037449,7.9474173075411825,410.86426598313443,48.00609623064263,213.1160466844268,85.00786914120678,66.6306853571174
3.0720972457237443,0.6914609645187062,73.33725735395028,98.4879794447149,7.995487608728699,409.0058057314748,49.07838567261027,214.2478039630625,149.95973509915518,65.30164276866255
4.761448059722777,0.4787818729317159,71.72631018494839,94.53414144555711,9.483757948406856,385.7577687089379,47.201172772386236,198.90037752275265,94.04749444226614,75.8992591825265
3.5624683074055374,0.7466812152705339,76.17756349546816,98.2744419209208,8.47867974957019,410.89828657036657,47.68042514824344,216.57076842890186,161.84909894385012,71.56623983599219
4.7943311918142335,0.4984622008557261,79.20670187692026,92.22277724645144,9.407154561836132,389.10348246845064,43.61818947250198,199.3453700060945,98.33628682639173,82.03731804010727
4.878478307838975,0.4224248436275061,76.56761603041492,92.9556969051321,9.520575098923928,384.6513346723847,44.43362914571197,198.38487602414023,82.90407355697499,80.60333254261704
5.001468181814493,0.7612144407743258,84.02027109551204,92.61010314887048,9.633271817562687,379.34296786611077,40.34693406496871,201.81388601938676,152.64033265446616,88.38173867482278
5.208223325444226,0.40168761219621396,78.54805458090715,91.49469543566067,9.775894800160296,377.22443159570184,42.6010976052589,196.37744851952684,78.54812722021913,84.57829187504345
3.508448271796537,0.21745484821988875,78.77817401399601,98.33791143735756,8.423629264358006,399.7796918786988,45.0313037318917,203.64958213992415,43.4023098883085,73.1588210366563
3.116033864123986,0.3966306233652343,74.40706771462867,99.7592679862446,8.100644428691043,404.54154322762366,47.927448989856586,205.35502769011757,83.92893870084974,66.97768361069282
4.037695613079398,0.6238065893177065,78.22355700198015,95.71567679597803,8.810790726952241,392.39069221352344,44.47686145829693,208.25698722298685,129.45240511786696,76.02266650410039
3.2991034820316965,0.7784077503174183,69.97501801509216,98.22844241625094,8.187014020713123,410.3814103903575,51.313700274867585,219.7391384626885,172.03442653828853,64.22406258882032
4.103759583800816,0.5222258750593024,72.63251968449701,96.83600822683117,8.936169362642978,384.95543537975016,46.58643314394455,200.53624032630617,104.065685910873,72.2900780820796
4.469550519253386,0.7636394134468051,77.11027839051596,95.10284429650294,9.242733780724397,383.5364593824747,44.02884096674312,201.7189376506421,156.2737717585172,78.72566366724827
4.409417564722479,0.22836501570448126,77.00179848545388,94.62492683539803,9.137567088672014,382.3182770594218,43.94372113162038,193.52137789235502,44.53257748295933,77.7296320352549
3.310935104570425,0.4113473070364194,76.51118124020074,97.10835990273947,8.174112781316364,410.9824776829331,47.50628436592822,211.25440365157667,87.73586177118881,69.25735845652306
2.584010705945635,0.44228497656917976,78.6027773085284,101.23116261423431,7.624324385226417,413.3238593612767,46.649086170518096,213.85354124157135,93.99313096765856,66.13589961928562
3.5068526846177264,0.47708811450549604,67.08336736246422,98.2844823757721,8.410993942726689,406.58787586038545,52.74651196133053,209.8412890847557,101.0892255599512,63.62846696932243
2.4990795042866805,0.5168188776500393,68.12663266709254,99.04960443227792,7.438014829726953,420.4889488739461,53.82146068751006,216.27998253392127,112.11246685716921,57.05070602347648
5.1153396231433295,0.6381821914784386,77.28627075314326,92.29780687765276,9.728206966925095,382.5098489900454,43.82245291150451,202.87367713563214,129.0913903218317,83.01944084160836
3.210571112582501,0.41103863236590193,70.23086717608169,98.42964751652467,8.156273043214087,400.27840758261266,49.890824027132425,206.81935505294305,83.93085341132996,64.15262570333128
2.540609115281633,0.5278057373906251,89.93757214478477,100.93118467241064,7.591770738334445,414.56875825961697,41.48277263119917,213.09672114579598,112.23612852891168,74.08440582034032
2.0890671596701282,0.49097542193518967,75.08547868745484,101.9623601789439,7.204141293950105,419.49669430381635,49.30297164393431,217.6955993935076,106.56004528703895,60.078229165097504
4.260378352002695,0.31482201922177,74.72079977775245,94.97012433566765,9.00634020150922,387.4382128062903,45.73117980739731,198.7651783490299,63.44468307540326,74.669639542159
4.229158111091602,0.47726666218371294,72.49764336789062,96.31153987212446,9.058383798436376,390.86420020253877,47.37883220003218,201.1549942101363,95.77232380265818,73.18485745716521
3.192114583034521,0.47126809402057634,71.4297260836762,98.47048016032676,8.136371158117688,409.97747156075997,50.34739661772557,214.44785670991058,99.14088899519274,64.96393380795979
2.2509916109667785,0.46698388699939075,72.85189323973603,102.89398820865081,7.394597330735214,424.11363029487836,51.18937102229935,219.3313518652847,103.0703872833849,60.09172858525011
3.433701132133312,0.5063518913162901,74.68035102166625,97.33698106242971,8.295157538142524,404.98345453336054,47.82496171157129,209.6537623522603,107.4517456705813,68.80500133396404
3.089261232721878,0.5151347081226773,71.42361775579869,99.79459063959825,8.06581265533189,406.90507848167556,49.97383924920203,211.01259636652708,107.0338447544508,64.38636327727056
4.369922239072533,0.4135409641785339,73.87814545428753,94.7065968477437,9.102161478873947,387.585245625362,46.208132467186076,200.88357086706867,84.87831619739049,74.72999477289747
4.1202273730844166,0.754542946794253,81.66569572387428,95.86082405723597,8.914087542698223,389.2101409373804,42.45973784018429,205.7788478415438,156.66563004143805,79.83143574358502
3.27607804869139,0.2661038741593966,80.85381847168483,98.53944943445812,8.223360056587786,404.1680734633648,44.48553514449438,205.9145074979956,54.16376752570778,73.06981397291457
2.7626239398924652,0.35580597830602073,74.57531862754534,100.84411639632934,7.791880019967971,414.0038697855875,48.950908669796064,214.47095470403482,75.19288824987771,64.58077674815823
5.4581258815445715,1.0559927248447112,69.8434524216698,88.842491320247,9.90084706649389,377.6936298063766,47.3042708388533,201.84989712088444,214.2050003272326,77.41524303673071
3.589005674186402,0.292401729002154,76.9993225922189,96.30261988958154,8.385993587451583,401.9473340648355,46.20120273221358,202.85658668826014,57.945967507584534,71.41190416447877
4.40895982523083,0.22924906505804826,83.06216399833212,94.90230501009901,9.149807447447396,384.78561528982726,41.347159657358006,197.38547034076822,44.58209395344683,83.13932544559103
2.4919353865242626,0.6468953490002436,79.83922797364102,99.6433954640481,7.477219113300787,416.6066648029703,46.372467150452735,222.83846221065605,142.83803504093365,65.75674656968955
3.699563948807892,0.08457602924522517,78.1116060026178,96.62706189465462,8.536042875067508,392.77229046453056,44.576680449209064,199.40777657124775,16.87102575249608,73.56220502456284
2.096378519543129,0.45294521800551224,79.62776899988087,102.61920250876972,7.2332288757780345,424.25445953814926,47.33515787263578,222.64982563130278,102.31335895283185,63.48856075933622
3.769092912686575,0.9291649850152977,74.789832857619,96.14566269550667,8.580350087790778,404.5142953209516,47.70787742915133,215.32587920827382,200.44818416231286,71.25899243748317
5.374060924911959,0.19101281556931987,79.58938795906288,90.63753764065312,9.911742026345577,372.14871044311536,41.539374129128504,187.66538509842184,36.864568091273064,86.71124314505532
3.344723495450301,0.10360710285225733,70.60979036291445,98.51073352604682,8.27071756304267,402.2542628879069,49.901415333908254,203.59430433322945,20.742013553652,65.36029253904736
2.1364860440121904,0.20016375960846033,74.02511053359319,103.32973481058119,7.292494121481361,428.61377348602855,51.01020049413312,219.21664105679525,43.976529872028344,60.09712313809268
2.108345268217702,0.6796719136693972,79.17768554171387,101.85403205623419,7.182530301392611,423.00273441649244,47.43369732539516,219.07334411072247,147.67156126103959,62.729672217804406
3.357953659814043,0.7249553439971625,71.0824273343424,97.78711563370096,8.241842563281718,410.3034477030301,50.60325167759826,215.5996172658128,156.2032087720556,65.53184749417828
2.560087277621179,0.39748224060429826,68.76488758582397,100.45468574966424,7.581475410773758,419.0205574257144,53.19890248927738,215.41847798663358,84.87904918803828,58.61362328066069
2.081732337148651,0.6366424808002138,72.98552349969687,100.7768330184779,7.133113306044302,429.9100566783721,51.8054280491395,223.1469251198185,141.9045416928445,58.073521207726074
4.6467476488256185,0.778051065502398,74.44278615997075,93.84975266136433,9.338229265142273,380.8658135500445,45.103416273892456,200.97922910446675,156.14309127596295,77.1442243033797
3.604830531086617,0.8574692828859651,77.57153524265604,98.13086733785963,8.509408207637431,396.3179592678373,45.25648182022405,212.7071574793265,182.07541391049614,72.907215653253
3.0123567019042907,0.4507329437640304,71.34853041254995,100.2700661091877,8.029715278632093,403.0349554268594,49.54422082155791,209.2178408320718,96.40893028612425,64.02820909712281
5.150291140557682,0.0397056564660026,84.77254744668278,91.27736790689552,9.711459416027944,374.42216679657383,39.50744987700332,189.40357108899588,9.287937779805699,89.76585019168262
2.4064863607018396,0.33582421551806263,66.43940314303693,100.57593929872745,7.443388745627681,426.40731200433333,55.783705061958734,218.91476861568313,74.93302281722173,55.894827288272815
5.345715901343617,0.41463916101294845,82.68353301271101,91.30727878337069,9.93087317669599,370.4413368423005,39.9684091446424,189.6937424826394,80.44951319990516,89.79616276039114
3.098883510820735,0.44821224068432186,69.89441407144437,99.81732666138059,8.111657699031872,411.18573319644383,51.466142905653854,213.1622563121651,96.96123518027912,63.572386565805076
5.109412853080384,0.4624281197982561,67.15138175077634,92.24093537286697,9.722430027996177,374.8795965731494,48.59013384674438,192.4720342787935,88.9821035911778,73.49729399540952
4.110300067678115,0.7237789195861338,76.12173586295808,95.8453934718256,8.90593866491635,396.2620286789576,46.01184877526306,208.36419145520213,150.68469976684534,75.06799699626093
4.893475759095207,0.7548856853375163,74.59913098084483,93.78629958535576,9.59857929956673,383.15265811678887,45.29037753396584,200.82711702882074,151.83691612317952,79.44893450210529
5.444046071236625,0.4656652692150433,70.9848084459688,90.35452950328725,9.960272926172024,368.4594307723191,45.497351644431774,189.99291884024345,88.26241878197843,78.92829081489796
3.00941903236561,0.7196969752103637,65.20441838026241,99.29105731738194,7.98076381965395,416.9635762115658,55.44402645377003,219.4582004286474,156.9033576521748,58.955535815083984
5.3639741989265755,0.5715322733262179,76.3949651023546,92.53377471316595,9.979311333288013,374.2307432201378,43.316267652492925,194.77337450097153,111.61587476750609,84.27074965712815
3.363186632158471,0.5129011945725144,78.91500841670926,98.07139788896724,8.263648135124084,400.810542564116,45.077940125212216,206.33246438059678,104.26204637634554,71.8816267306562
3.3492916665792283,0.6813088314219928,76.9439174653273,97.26360959419944,8.224033292455655,403.2615887185342,46.38180570588534,214.12602177376115,146.02359131217776,69.99388650943388
3.19135486489077,0.5144504096475832,74.11315908206525,98.29477309588208,8.098911563346999,411.0470721412928,48.86834314952474,213.00110878060443,108.58373478249523,66.75645660942259
3.8949266257165482,0.9115622354195525,77.06814981694853,95.61721292901508,8.674506760380005,388.13095601854894,44.57783435556546,206.68305544770192,188.32342917687978,73.87021892330291
2.539507651124705,0.21231776664108815,72.91133851946036,101.39745328962455,7.593638219149911,413.5201141015477,49.87497747421955,207.78002532898623,44.306594373018214,61.72232989036652
3.937990198753039,0.39696582018159643,67.57696702335178,95.50027670149333,8.7330617167728,393.35910381585546,50.705656447931084,198.89004944036537,78.59969813065008,66.43817265791158
3.895966843435014,0.47469622060920996,67.5706902860048,96.58094345026645,8.737644296646504,389.2372561285405,50.178392727125974,201.29497734594614,93.91345411086651,66.45415203223533
4.666656344117045,0.5878905380915981,74.58414496801706,93.07785062075781,9.322429870816464,389.1424434674013,46.00654692608689,200.63314239803466,116.7623072099393,77.17548673990645
4.917774866781549,0.7535920974206178,75.0980634083075,91.08908513554599,9.477304252279673,370.47403052012515,43.53495434350372,197.96496964009376,149.64308030856725,78.83908620913928
3.541544726093484,0.4951202865527687,78.504767063846,97.84988928825835,8.437998171575837,401.5536830601017,45.37085361406882,208.26262821753946,102.55760996745398,73.06980526281869
3.058166372730228,0.21555407009875854,77.45632076615001,99.41518864068172,8.042768922294622,412.2205102214237,47.134444555890084,212.4602877204695,46.35752950528489,68.87779300936387
2.9076721406098307,0.6685027792910009,76.51487164752655,100.23735376043267,7.91435182820775,409.63903500476806,47.34897332723253,215.29320773822332,143.93380902710865,67.054731930971
2.681183428467052,0.6509917532283929,71.81600654877455,100.07746822503312,7.692379515917991,414.08416893847414,50.61163290726223,215.35364517314366,139.99561514427955,61.71656271235788
2.201766537696587,0.11162826812411875,65.73885899468522,101.67018153777445,7.296049779573832,428.9476730643325,56.63508518057195,212.3882453492911,24.05617558638331,54.30066713191373
3.1985679259214965,0.4992391732658401,75.89863719643591,99.12618574606,8.16703047292926,406.3091006658128,47.300994978145155,212.25622565937752,105.29172554682043,68.70125155946852
2.9458669224577414,0.18197163386394039,76.16088687326013,100.9046814294227,7.96850728509056,415.1830238609668,48.186948733673965,207.7231899173717,38.2001231787668,67.26152029058635
5.382460850532426,0.3670697804995875,64.51629570825048,91.17032143074158,9.934984177286855,362.3511924689729,48.627107537345445,185.86535389660074,67.80604757482301,72.54006010910929
3.951980891875154,0.31943821460744004,70.57068613733688,96.50773495527467,8.767175933425868,391.8346694958072,48.63241065465235,204.05708446012503,67.71991629698138,69.21452008826635
3.2154696366067763,0.6618529396483972,70.40329167695864,98.48858612433571,8.141394825679269,411.8186712352114,51.21913079004291,217.0590964104291,142.5272654195313,64.20594039745615
4.031636603477936,0.5233660348344368,75.4297149297907,94.65436747032827,8.744194674799207,395.19645774597194,46.25983571064927,206.2284503045724,107.5757176758907,73.12075273556559
2.4871884547099343,0.2428817998487945,68.96782398182344,102.06878394383847,7.570171422992402,424.7696127434069,53.790213700352055,217.9166782556756,52.61108803485659,58.68892575107855
3.55415312220771,0.6760131925914685,74.07431090252605,98.28719546354195,8.490213845303572,401.8760986141165,47.80010615609363,212.89234683374133,142.56616950030684,69.91816791620032
4.191820124973724,0.21323883521431714,73.9775094482035,95.89724878273212,8.992859457992964,389.8781217446528,46.42649255812066,201.2995362644495,43.650691231311924,73.9274394010736
3.71114241127358,0.5660227580941888,73.65762353583966,96.86544520986854,8.555624764198996,397.9130130862167,47.564465289376436,206.24248921358344,116.3092184998029,70.10052326267848
3.406225802290135,0.33719786614168884,70.50549949424443,98.55585457177536,8.337655257357294,416.6699701345343,51.7567088897229,212.63958475253096,69.3218360141331,65.85040348777059
5.478469361148944,0.426864583493896,73.37923796304534,91.54036667388897,10.056951104080884,377.1840141033217,45.23716255004563,193.15020654594593,83.14411104054054,82.04052709705728
5.081101667521244,0.6008541496076768,70.69598670212203,93.51227111164101,9.766688729668811,378.8653562162511,46.949714812309026,198.38009507947274,118.56133454671381,77.1695935857649
4.18192085355804,0.6042898798119059,76.9186422271388,96.15409789626482,8.983301306450642,389.95883644737376,44.86480994817197,203.77930096252507,123.0368678638787,76.3792050785395
3.99282076413799,0.7673938147111921,77.64689805992242,96.07618430554395,8.798496127675923,395.6619809692797,45.142724925504325,205.83199323063658,158.63102105472234,75.4448380117799
4.172311679386044,0.48354926006570936,71.15368426463655,94.35030651780934,8.89210121795589,397.8306755243921,49.02188719209516,204.86077514899262,98.69556965476092,70.72005541865467
2.7045923773785163,0.5612901725926681,80.84871133293944,100.65845331731259,7.727046463659563,415.21371962215545,45.70386453809934,218.90444546836568,122.49601733883469,68.69615042780948
3.382982101425115,0.4124525355191351,72.48657128449989,98.36482456169155,8.313993160100322,400.96860766726076,48.61016786408809,207.15950905619158,87.90816675144761,67.19691557370692
2.1381083651181476,0.5363979765245596,80.21665815712458,103.08384454234113,7.28784382483619,431.07901407904893,47.78264046627245,225.01627392356627,118.54452826956204,64.40070690606728
3.6644111312038934,0.5878972096017023,71.18665748828666,98.25767452824512,8.587469074314239,401.00699665717065,49.39321423782309,209.0808671369095,121.6320928842639,68.33529542539945
3.9005860438518214,0.4803380305091248,64.547814369625,96.2718284368732,8.715326592959196,409.94399254491515,54.99074600796741,208.40287968169878,99.01176784381185,63.810469311163686
2.7971240763612335,0.1392499031815007,75.36753801619524,101.89085548458617,7.9080026989146335,412.6286682496159,48.33554742686093,208.14581082887136,30.773306746464307,66.14031448632358
5.374100965079299,0.5662941792661791,77.6916466836901,89.78321700619,9.852848024503585,370.6381140758246,42.26606844466522,195.89686284194696,110.29063985785756,84.40427201626176
5.183091138280346,0.5729122954710915,76.39167834247432,92.1946545139881,9.781976275964647,380.72450376394966,44.06958066663315,196.5845687315534,112.86592540103446,82.63307553368416
4.52750132409567,0.3639653047304098,72.22183919669486,93.51492905191793,9.194190820781523,388.7333826960804,47.278604625485755,201.32024877248364,72.79950748995658,74.03049294073695
3.866853200678769,0.24312259278549714,74.46736271338543,94.94023619787328,8.615197966077575,398.57620876564084,47.18700761595803,199.53127993601754,49.11376246218431,71.26014070953616
5.044892058766898,0.7951758301007932,73.49757318117264,92.18145829327652,9.669379657388507,371.2115565515478,44.457765945615535,197.57379820375044,157.09319544512238,78.96088597493562
2.4572832033821204,0.5982891021788804,71.4369920123998,100.2337706294258,7.484902671035063,425.0282388000179,52.191053266714725,222.5774928329854,133.4187875484726,59.80883634523432
4.766784279962097,0.45418379381565804,79.92830241477989,93.18711270170641,9.403040229043034,377.5013225384478,41.978032766290134,194.93919312792,89.82546866950514,82.59242905901813
2.436872848883969,0.2725934233705025,73.84533356631124,101.49876042738167,7.514307941865278,417.93675169080007,49.84615528546547,218.00222027686428,59.86624117448978,61.7648558636503
4.779737318922919,0.3356370343157308,78.7854417193674,94.16575251123854,9.455895408379694,376.9151709176333,42.45236196593862,192.5057600993754,63.87699503099364,82.02247870489745
2.9651864888797492,0.7605180793572464,72.39888125352675,98.41577918110973,7.893925765873086,415.3571013546041,50.40809960472934,217.92948939230433,166.05138375702924,63.77979636733804
5.069817033563661,0.5275323881736093,74.37369371125253,92.9823965150438,9.730118553464802,367.9712700783245,43.61208498677472,192.30760494547638,103.86714284918203,80.25637185960993
5.3041473283888925,0.3898825865998587,70.59756413962346,91.5139487108627,9.879442321185106,373.11790120681945,46.293942650729164,190.8972431307332,74.99248139559612,77.94226020015658
2.520785892917905,0.6019378462449312,71.1747600086605,102.00032869767502,7.6216421435766035,423.9986480805506,52.232818185765424,218.14571654631865,131.46207244042728,60.70627246810611
3.6193646177288774,0.33712036251073524,57.73766476332895,96.98682289792403,8.469442151554482,401.2877467168787,59.2414498077181,203.50533924625597,67.23524078680727,56.41768861463912
5.433455823569398,0.8001686060560758,73.5690371567551,89.91710894809634,9.921466851786802,373.00744290623487,44.634646466796546,200.02222406305435,160.77592273943523,81.0958617364688
3.691926025906013,0.7705601069793451,74.02094034513303,96.10425944835626,8.501456056177041,397.20550563705183,47.274584645857296,209.55127530546537,162.34407999721932,69.95037194452095
5.022416328800908,0.4066851857594447,78.84526786591186,91.38809688626313,9.589507093097533,374.6532853943565,42.1691885672285,196.83096238457378,80.36095964736796,83.22464370963118
4.060560327459619,0.37426595059382795,73.52928300532676,96.17029017622787,8.878377753363909,401.2964930325407,48.04261195525281,205.3797632850327,76.98074645770193,72.64828919580937
3.3136546777186062,-0.023626639738456023,75.71475332448732,99.58374624575663,8.291705720661245,395.6275383392552,46.15629433611528,198.88039028301534,-1.8663356510863984,69.56498955403222
3.0002424443405458,0.20368384568972636,62.70134762625743,99.04719022348391,7.943991724449859,419.8677781513579,57.75240650418355,214.01083071994861,44.445976769416575,56.77088571274154
2.7112808188013053,0.23210604500844872,72.96935272152682,101.01382537280165,7.746613440732733,413.49034875284855,49.83651615803993,209.31446343719097,49.823180533314904,63.00883961647114
4.66629366982194,0.5270380681974772,67.20203843921932,92.4492185091147,9.270113947027118,385.0785857580415,49.87932877720728,198.6872460436511,104.78262448474455,70.16056332363114
3.3528917738805974,0.4347532591117281,67.98195255036005,98.40913579075975,8.28647365685813,401.51993413025207,51.48882799144508,203.81765855395005,88.4787969028131,63.38842919899123
3.789464117702629,0.2309329025169517,73.61152920192384,97.27172568111051,8.648472508229563,401.3554363410074,48.00240351683132,205.2479532676182,48.03060466145687,70.8355347515031
3.7231391800041367,0.44376719150708854,80.84908695537274,95.81051304976403,8.517050574393155,396.36233064856776,43.62865317989056,207.2341926619905,91.8311927996475,75.64283874556466
4.020476602315959,0.6010674295294697,76.68060574012945,95.76522511671027,8.82657015706892,391.2080074935966,45.13212663354565,201.44015384623188,121.02868149169741,74.85076401482121
5.029520009685933,0.6055678699831174,76.12657899730871,92.9694136784877,9.67236265029734,376.6513000411501,43.732295468617146,196.66827820032847,119.55919600489443,81.4424551331119
5.432587702542003,0.12006594382822372,76.4214532957149,88.6389265233194,9.85825925386416,371.4147979757218,42.97715252540632,186.17455148489876,21.840413395213268,83.25921891034069
3.4265447300083594,0.4743473039032338,70.5437092099877,99.07545589433212,8.378995907201412,394.19915877320904,48.94226534135417,205.31752724579346,97.61222470818049,66.13622981270633
4.896316227372061,0.2233318446056779,73.15566240598305,93.14583670491062,9.553902389621792,377.20556633028417,45.361380742623275,191.29545545832192,42.80245107871638,77.73248129834775
4.675847281291512,0.6803457394280548,77.7478969649038,94.20791663365358,9.405118626476751,385.27567313924504,43.90711190415678,205.48898380187896,140.77058026646296,80.69019039799063
4.007351330094506,0.6568292832706997,67.88201900389093,95.64409492131342,8.805214282101119,389.2098244358597,49.97428538882832,203.68856508505664,133.17729987710294,67.23146540878804
5.346165002641766,0.3203945547351083,79.38066825458523,89.91024450550154,9.84788598207591,365.84032355736593,40.93058719535791,185.2533131806378,57.35422088443656,85.92185406927848
2.7016608043494097,0.34679095951992,71.29945762962504,100.97143754983063,7.76472681953091,414.05172358053915,50.92921104920892,211.29011553264675,72.96286698249864,61.911175960524986
2.3824247360836748,0.4077465899003385,76.98669505764823,101.59544116337392,7.460414604126693,416.36891280122114,47.865815861297314,213.58342604879812,87.4851996533533,63.56764259464298
4.988866884343977,0.04944132105373211,80.79210754737319,92.56465826914193,9.62009144347296,375.14190070088347,41.31877878318258,189.36477005723705,10.326551849826252,85.27891146175804
3.537024358218119,0.5671936346881153,65.87900916733304,98.49050033439573,8.45853423849252,399.0123278048227,52.58533712859854,207.26703031200213,116.86769727090446,62.984756972190844
4.964390989724712,0.44543109073197384,73.04936537153357,93.23428263505359,9.613201437651595,376.57695247930786,45.34374835913982,195.8501356274343,87.77983939217596,78.1143137776983
5.1258157181839525,0.6940350165135718,71.87334042211762,93.59663492002785,9.81768621160328,374.65696694109073,45.760557100694434,196.15804017407092,137.27570301709923,78.66169195755855
2.21860157766675,0.28031815640748947,63.59868206783439,102.35797786126518,7.341817458069907,430.96888009250796,58.55660291515721,219.099859032777,62.168919216314364,53.12752394987167
5.092126670451212,0.3761754103500137,70.94788562349441,91.62458670318787,9.673536740344844,384.37405787420334,47.484138086324776,196.25959153892683,73.03739727883612,76.69016543640066
3.569116693792978,0.19869494839217694,86.48921925887828,97.3573580941976,8.436959920009736,395.35737812698676,40.97425403207506,198.96583011002375,38.85027897068044,79.46810325178328
3.7865137115148126,0.2991418873011493,77.59136593487997,97.07973270772904,8.6254381981922,405.8949908684332,46.33961196246178,209.98429085830185,63.250100520620535,73.95544689862716
4.193073788826236,0.2636036007863562,84.61812838962025,96.13692695430255,8.990145383209837,385.4303180772325,40.73535638858767,195.23895390749306,53.091031575901695,83.02491926386519
5.242339123555304,0.6991947357692891,80.43629914835805,90.47818590640546,9.769609950576717,376.5776570704051,41.640100337657636,198.08154000744636,138.51173518566276,86.28067937332618
2.066906330504174,0.3603476302497215,68.77107179156263,102.77265793537872,7.200248100600366,438.1441479450015,55.622468754060066,226.56649734614544,81.47737269333375,55.71545427898627
3.66895213911236,0.5248351369489227,72.49388658356462,98.44630083873743,8.589090050637058,399.91718640001267,48.47840282017804,209.33112304678323,108.49471116681735,69.4227083131774
4.4070271485069625,0.42384731922763913,78.2306134794099,94.38323788342362,9.125142482030352,379.3372718597413,42.993838181604175,199.30876015160828,84.11219680901947,78.68162446240564
4.529474351943799,0.2461069467974374,77.62290023969774,94.89164925209198,9.267232126858227,384.06071665299453,43.831089315963425,196.68756625746718,47.69093825072613,79.3908840123471
4.423863510379878,0.46633991536567143,72.42192613391418,94.91097173544323,9.1597329139518,384.77835682637374,46.683980207063954,198.18347836429982,92.44806590146486,73.91301993445394
2.4705229529284267,0.6198206663727189,65.41466169061808,102.11785814997049,7.560292284117698,421.2561295065366,55.85865136340494,224.03966404677087,137.3515898704544,56.012926602676174
3.0478845593008845,0.25844812149132956,90.09626740810475,98.68459560916696,7.980649156969118,414.2733943098518,41.38749676057434,212.1775804664064,54.508306639724445,77.99872291889633
3.255504338959547,0.6618225581462758,73.20085684503742,97.96141347758912,8.159761098315105,401.4106181795636,48.245971664353846,210.32325678437257,138.1877414969283,66.51132338288481
4.815530226878268,0.33005581570446074,74.14994180634082,93.16186171962389,9.457186971437263,382.6986179602477,45.47817975215888,196.41507731509182,65.76816786572621,77.86992526514744
2.9756595534509356,0.40340321478543184,74.13746378366763,98.35941413312948,7.893389781856411,408.0886124477961,48.502604439927545,210.45391760458097,84.03861456799986,65.07137392127301
2.7374673735352113,0.6061366246020096,72.07131790168711,100.20307170733743,7.750432391428999,414.62453530474056,50.52002890966337,215.93069327182178,130.31115233010416,62.37417751340418
5.351068066633337,0.3673127685561024,77.03492621848743,91.47356309279586,9.914850417235836,374.61323284391074,43.041713151281755,190.06459674646257,70.09527976139695,84.33446163200438
2.0310214978971413,0.5075149718671731,78.87196222805866,104.31913324291982,7.261199578158614,424.81804326296935,47.80113239458167,223.27518831398544,112.86178533830616,63.20936513509531
5.4923729948869235,0.4370618342423815,75.96810519543219,91.09886906931162,10.043459294662119,367.61841068377674,42.76218602795374,190.32146470317454,85.54170108135246,84.36874111618812
4.368874546000884,0.5258736013407637,69.42909725856225,95.20912186569538,9.128318042401089,386.4129986222302,48.648796468673936,201.46159635663184,106.87385036520068,71.04504032373016
4.89964254807191,0.023852178895300558,75.07135208529324,93.78283175938832,9.587171441035347,379.80842130594385,44.64586632232491,194.4182814551904,4.654506208100314,79.77257839946287
3.031167887211676,0.13406363695838341,71.31539255760445,98.61918632364309,7.94441945916792,421.1238873793667,51.788950914925394,211.20632771762394,28.68318982789589,63.37661096938298
2.05010347183471,0.6231934012093676,79.57961885243591,102.69257171868173,7.194819578485638,419.76500117619474,46.85943148158195,220.5413722556661,135.08450469575422,63.10424832329631
4.582543314965355,0.70743628112981,81.35464730164628,95.90142847106438,9.368059550834381,389.6552694899427,42.653032002119154,203.85458159477855,145.44585226839405,83.62108200642275
4.919506089502365,0.31790265929369577,76.44103230955683,92.71843090883412,9.553062429790014,384.35982573400275,44.46497403658475,197.5904950814977,63.326440507333196,80.76136605259038
4.591666461837317,0.4511943295657731,69.1163204801085,94.82231198259515,9.338758670979855,392.42506522624836,49.60102578644469,203.3834590491135,91.6923056275052,72.4246776351558
2.499976005552935,0.5589438505804603,66.87050988946379,102.0210742823032,7.615638753929541,422.4811828702717,54.96011194381043,221.20595138812337,124.2075559229462,57.495668920453404
4.6369977278993915,0.6386435203317409,75.64001358140204,92.58801698084199,9.255599254122522,390.4876583625382,45.596403133609286,207.23981942162587,133.04021707218422,77.56386837673084
4.6912297373767435,0.09446454566583024,77.3110905314585,93.82907934078614,9.378218868560106,376.4670300039614,43.11789346719005,188.4914410045688,17.389385819057985,80.02626432741155
4.304891804845193,0.32279195060432453,73.29275606918395,95.050276660806,9.071229824185565,385.9180815493725,46.33273045123208,200.63426971519897,65.14328932060498,73.96048310904108
4.681405764784552,0.433484124030025,73.21683899670529,93.87904685352642,9.379995246253626,386.9424285458473,46.49809259892305,202.94843801049666,89.02365041572868,76.41397668284841
4.960725038872063,0.6406280394472099,72.98887388075325,92.03417238011492,9.569145371468325,380.9007682944513,45.897811415270894,199.55983396954682,128.2985229315237,77.71993434061882
4.147614399831104,0.999686096744299,74.8601674785776,94.58981399106142,8.866593782026412,391.9821610755519,46.19153752842937,210.9732068261342,210.65437566240846,73.64766596053386
2.3101164988938767,0.4543988546380564,60.85832803830733,101.53378425385475,7.383013616287349,415.48335200589304,58.63578262547699,213.56895858261848,97.34214092784221,51.437561647589476
3.706697333835238,0.21860450757920225,68.94140365675374,96.9483233339093,8.5524351462069,399.19736537296967,50.56882027443109,202.2668678724856,45.59868811447491,66.2049191686041
2.2717726713506177,0.5804536154402596,69.59087297838398,102.9967832083531,7.413032884194843,418.03272422325824,52.52269620623352,215.31621503273286,125.76505141967762,57.89862153797206
3.426400608613508,0.764199157908142,80.1491967050958,99.4614465256332,8.382727238638429,402.75344810175056,44.67632134529983,214.39478296415578,162.67724544683466,73.91515341910315
3.4248727119396967,0.5216028241959002,70.04077904468299,99.1302237851896,8.376278915611541,403.5022674270598,50.41208646929879,205.47458829141885,107.76280936750635,65.7403300888992
2.2310344544908456,0.31867029096914146,73.57958205454506,102.87952757790751,7.388553715382066,419.6555901497081,50.21030015151736,213.21365973786578,68.39901689245306,60.547348103945986
3.2208718688931777,0.6915987882960039,74.9977599973268,97.92347624903421,8.117637416000493,420.862700094181,49.51456369055104,220.7130077693914,153.80896225818913,67.63219459267688
2.388493345769602,0.632709123699687,79.35577454322734,101.3131563498148,7.467894072396076,424.0906811182587,47.46091489734643,224.13557207548052,141.8454409107351,65.3529610489231
4.828823235032278,0.29478383116087514,82.10747491685949,93.26705951931743,9.493966420140444,382.55704233722764,41.53376723035145,194.60978949742315,56.99847903806315,85.39059552538664
5.316908090875648,0.5762851235068684,76.0927748650762,90.8848704514743,9.853504536153482,383.50387505431075,44.5454192474728,201.25191772196354,114.61032144593894,82.96898425607901
2.253107663402785,0.6994531135317745,70.32630549013614,102.57588770011262,7.394678238540734,427.9868719465464,53.28103531402948,224.32326444734935,156.20901134831882,58.30443708479277
5.3429032255209545,0.7363780085117787,73.09231835649669,91.87622759728008,9.938837866791637,368.13154527420426,44.30392033289818,197.0016805657235,146.27565077821333,80.76121702595535
3.829018097678608,0.4867102049381088,73.38950560488543,97.02746870817724,8.690009921411743,392.4045175713523,47.05682264512227,204.25408335766252,99.61050325715267,70.95764894993434
3.0484798728385587,0.42838411076413624,71.48800907578827,100.15042812871111,8.04531799756291,415.32295021219767,50.967369914010874,215.74765554364032,92.32307975608255,64.29813961476324
2.2690172634665724,0.7454547644162526,75.49095776295104,101.33476660689654,7.346143156707544,412.58398236179283,48.26054043116512,216.37254281683104,162.59156671425885,61.52796887865047
3.7521849382464625,0.257967899403823,76.60417101332177,97.61361567941114,8.64355461497246,396.0983411401743,45.73663560375688,199.8906392728278,52.65497079104469,73.25511561362535
4.78080440571762,0.587715858184201,78.69597124258623,92.71066821989217,9.419235488155794,369.28127985206737,41.63450432738052,194.19063443690342,113.39316981579115,81.58526506101157
4.474802670433443,0.22599467452711414,81.66618176170097,93.58544189136865,9.14600554414378,384.90763395439154,41.99014582662695,194.86828105702395,45.24019008676667,81.88777419660921
2.175791040123908,0.7130752544519205,81.92529485514957,102.81042426691542,7.3158521651825525,425.1831900078489,46.253122242123595,223.3483715644032,157.6056158540298,65.82797524531057
2.2551564237876622,0.4483908968777677,73.32950467558298,103.07965136650236,7.415251903585164,423.76023773108165,50.85356493847621,219.2405321992355,98.76500380667473,60.59928402661229
3.41005648921423,0.7537166471294938,79.58938664403534,98.45521307685101,8.335162843256146,406.15153527211595,45.334782443134024,216.86533240430984,163.79631961579346,73.0625894205148
3.0335167291678014,0.5982825512711054,71.88191915583029,99.39933466693073,8.009494289895416,420.8814812480591,51.401027917662184,220.98812017987612,133.36311825446037,64.33171169993052
2.8133451306961677,0.255355953987614,79.30104907475048,100.40141510344462,7.843538344944927,410.6911212848912,45.98950690278201,207.81388060671188,53.44752341044054,68.55299768076001
2.9835157461804975,0.7849255464154488,78.8877646812958,99.66683642282209,7.960373100787883,423.27568602811846,47.619116933107684,221.12168173477585,173.31949666116887,69.30262410795294
4.812189601539096,0.810249053285546,80.81670737156186,92.25657567770486,9.413467629214738,380.46731424793126,41.89397802006968,205.80215513275772,166.58543861939194,83.49695952591328
5.252298187711489,0.6764572985198432,76.77310703121141,90.62286022705386,9.78306581105046,378.37526627995805,43.60513057851672,196.169173273828,135.393317992428,82.98754164108233
3.4178594308464825,0.347682426992756,70.75964049706134,97.97443128845855,8.313283563680711,402.3751589547359,49.82379273585021,205.4978101868772,71.53061783545176,65.81678806926729
5.17138850746374,0.4387972091285182,69.2330240196291,91.96402569249236,9.77744825621992,384.8543951659034,48.57247340080822,200.2996453605237,88.48800106557731,75.90692327351341
3.1252349543675866,0.5290854434811518,73.55009590763561,99.07074356240763,8.06802714859138,414.4279696578313,49.60233320569496,218.42778897503297,113.54580183849724,66.07632293837955
3.6675294522032704,0.3592579201337133,82.06609805388983,97.70452820820849,8.562959681355473,403.2716236641746,43.802401990374804,206.64535758384463,73.41162447270482,77.0761945936059
2.791101492355999,0.838469314492641,71.80009728400684,100.05876340382254,7.807575783642594,415.40096752241516,50.78245397192607,220.332209467139,185.26056467719212,62.63269284781402
4.2416661476154545,0.5288652943452073,79.01563230443881,95.6045518288698,9.02189678870157,381.6787234822766,42.87771862102967,197.02228631312158,102.58372692003337,78.47869392302646
5.426433903111831,-0.040669609421471464,80.73147768632886,90.89181192524744,9.971631860630016,370.57675891099524,40.84324077605457,184.93156753844596,-6.971695787821817,88.3118742102919
4.112225836151826,0.567871162551244,73.51623989874633,97.06589674309778,8.957845208294414,382.9515008079956,45.85353714107334,197.69350988366472,111.5393179320548,73.21582266442887
3.252349294397421,0.43036852063653736,80.48454334087451,98.68134845099017,8.18099010795719,402.5054514863967,44.48333788568431,206.2076836463091,87.71144444479367,72.39778939015551
4.2673610609668495,0.48501468877631043,60.577529550757696,96.93681437583656,9.11011841295222,394.52202210381375,55.89909771779172,206.0640124918285,99.21523663309371,63.16694784351998
2.4302223746288565,0.4262761268428601,66.80251545586376,101.77583096167169,7.53344332339082,434.4962488123919,56.573179437343384,222.775112675115,96.49125104627414,56.85377977459689
5.110306780928895,0.6614092833213374,71.55420665532237,91.9429845302783,9.706737299584704,378.83631440588664,46.45208750628722,201.17379429686954,133.39163303041693,77.49426372430074
3.7607938277294273,0.7239375557106762,70.41437747893836,96.11766322193927,8.55345525925999,401.46283116864004,49.92426028216019,211.28346466668194,152.0455985951298,67.43140392477676
3.5727240971387473,0.5566106324517307,75.96858367249597,96.34115480076824,8.39233538059828,401.45069679885955,46.69737241783781,206.3368277004641,115.62461201674722,70.63510452519027
4.050526759587317,0.4321377625723682,76.3108211267743,95.03000251392746,8.810289786529914,386.55942129486687,44.78690113804897,202.09850763744154,88.16413525375052,74.38154661423327
4.186743519762908,0.49173255903816593,76.99404508459052,94.64271263349863,8.918625037744622,391.2590104113364,44.97537849066419,200.37484142113692,98.1495254380797,75.89915561448414
2.2512153217927957,0.5039199233155257,75.6818658568138,102.43660239005496,7.387737575692813,422.4869155241021,49.3087902906008,217.5986815940627,110.61148456753489,62.04129423559411
4.389160274281908,0.3395139920270326,70.51646948341005,94.21700674316517,9.107785698112824,384.79465576711095,47.790800843099014,197.09063960008467,67.92177947738413,71.82967284706162
2.8467608811043537,0.6157857297142469,67.32523272328862,100.18587855817836,7.845563521714393,410.22490840425485,53.051881508363614,216.36089738915953,134.08328504775966,59.543636359393886
4.498834213773064,0.5920084647720932,77.38019946656699,95.27966294169563,9.257303032733882,381.49400614485694,43.65909078644555,198.57416039862937,116.88383180776091,79.07921003009889
4.878871780344689,0.8080882479553346,72.70348576818142,92.85370208748571,9.523819147533223,380.76688763492643,46.04000473477251,200.65133321185306,160.96493241229257,77.09087181539972
4.813854776433821,0.751069956057695,67.92425050488073,94.81483364125508,9.53793456611631,379.78383756881425,48.737566945867094,201.48331426839334,149.63519666972,72.82932428002275
3.933753385927612,0.36286501648197395,79.57722548582055,95.291214364982,8.701677671551417,388.88117912638586,43.41295201065845,199.4556333639693,71.71995704889171,76.19215837034585
3.8205946230876293,0.664059674901793,81.56022308021664,96.50745198049336,8.62835139783975,396.2552440711399,43.278099456352074,207.1537359610185,137.19463159859617,77.21716900818927
2.500065864687941,0.3098093233811057,80.78588348611882,100.81831913470343,7.551216155978758,419.3556576068234,46.19172513433137,214.757939367104,66.24757579992533,67.10170496645073
4.713711526410974,0.63918642018817,76.59149243906677,94.25121494240719,9.435345010379251,381.2629913628994,44.03007508285977,197.81209955348598,126.39160426274705,79.8876718854838
2.9499328315635003,0.39667716024797844,76.66957987774072,97.88340178523485,7.849150734434394,409.5342397908312,47.25236240541781,207.2735962172039,83.95369009103666,66.6184165662593
3.738433979862813,0.2953493553248831,81.33546189264493,95.76098883913791,8.519724638176186,400.0455275855796,43.799584443530854,208.73046433719955,61.30883090542382,76.07833376354488
2.9949593252463087,0.5560090685394808,70.3868722401784,99.43176490367715,7.968249598676302,411.52757268176777,51.19338036342716,214.31229455569925,119.11080515588353,62.827017392487015
2.468399270498926,-0.03491342563082822,78.51546754486918,102.60170473006136,7.593350732126848,410.7813798027896,46.407864206847385,205.21535028085694,-8.982362709284637,65.79514060072474
4.203451939121078,0.1498048851189544,76.42112349766134,95.46859168030608,8.96657337036188,395.28130496870483,45.738968549674276,198.32374699978257,31.937837600201046,75.83220025849249
2.1901621218801632,0.4645016232451434,77.19675280796915,101.25319461000805,7.249434422262853,425.9001505278877,48.84357924036863,221.71299729960904,101.67013973951939,61.944492324563754
4.6202583194416995,0.5164883533269685,76.47477508770972,92.87136260780187,9.270809105196713,383.39745633250317,44.33633460666771,198.3790829458644,101.75363118073426,78.40079397494732
3.111553783413908,0.4261362459683622,80.2151480888367,100.44795352032727,8.13438960135859,397.37088771311994,44.04702493220104,199.5051921705243,85.71211568961408,71.75545159222345
2.000471425515699,0.18411274025648022,73.51818452332652,102.50144217165806,7.140050633339946,424.06741212819446,50.7754586080296,213.66133048692717,39.583965481011774,58.48065620176217
3.7889519873303046,0.3364216315722989,67.12684708745927,95.98429734638412,8.595824660044315,411.32559652604465,53.33105294186539,210.1462965807579,72.34094623487385,65.07664612554478
2.1639816798466107,0.5782418654474788,79.85641117738953,103.60796216904156,7.3509666964377445,413.4963912908858,46.017461177542934,215.08165641848606,125.08923188668659,64.64828438946641
2.9665934523731483,0.6163563541256725,68.82225843798722,100.42580052116357,7.971794212936871,411.77846596785923,52.241394008244846,214.73655497032553,132.27295606777903,61.65528257029228
4.474417706095007,0.49675537648081175,81.63459229853359,95.35878574328092,9.239505407957502,382.47437610966847,41.739081990305216,197.39868946809386,99.10294417238617,82.68483790250959
2.2194136756765306,0.7313667562073978,72.21208200361023,101.47201863091948,7.282370883118163,427.0701334832504,51.94736869265715,223.0225259653294,164.27256932231148,58.73914383131796
4.937684723246008,0.5794794046918469,81.80527659388375,91.49801895582749,9.510755642241143,369.57692183849156,40.25661002835141,192.88469465603941,111.11254927206825,85.19739727045148
2.0133697293050408,0.35050886920835755,78.08988674949988,103.05973913892251,7.159423925011935,426.44644808198433,48.41037533566875,215.1899049050457,76.3889996194858,61.7908866790274
2.8638835422066578,0.44389958931767654,75.58737512222484,100.24450850873562,7.8723329181128605,403.8878642764945,47.1901216388181,204.68723339039133,90.6383176778677,65.97907664563694
4.59316419653225,0.21942676855842908,78.05447362397435,94.21560675510099,9.314556161611039,382.97423129916706,43.49287611832317,194.97462815779926,42.679174699961685,80.17541901313142
3.106945524052574,0.47837220192171664,75.84147771482593,100.3082378143272,8.127109914058993,403.8592210378419,47.04709562194433,209.3346632962767,100.28281710260995,68.312313922295
2.3566233582310474,0.7224201238442677,62.758824248471875,100.36480457418473,7.384934731230101,422.8684293414202,58.11919498552116,224.0293176884821,161.4625065569193,52.8230425219591
3.2608187158014976,0.6370580169421936,74.5046335534528,99.27489053573298,8.208556411497987,410.20110414199706,48.54184757602993,214.1452917043899,135.9883837228802,67.96595339406544
2.9463765023458395,0.7804018651838245,67.95533092245553,98.8103822064717,7.887475359635581,413.89032922148675,53.09326819909156,216.26393816228568,169.7575015620957,60.35038891180844
4.949491657561943,0.43942295124020136,76.79532570780265,93.36136745522187,9.627227080137004,379.1058821386767,43.67814499768577,192.26499170754545,82.95671117095237,81.68956913841754
3.096717711548001,0.7692199589028516,68.00134852194152,98.7815226459649,8.050856802995117,414.3164590882102,53.11657643606819,216.91613677573415,165.79459487053637,61.63735222947358
4.761263651216025,0.46133915471040604,69.78875667532886,92.6843997840315,9.380002756520673,390.8342096442305,48.983619488468435,203.18223163088638,94.41065297587753,73.34454770029686
5.121552506837571,0.7943170165139788,84.1705355169746,91.58664406050913,9.697369873501417,366.34309961507665,38.90209369671068,197.96920286206586,157.17740711988765,89.03203337085111
3.5183609685178534,0.4956286505115753,79.56927010284237,96.52924844956627,8.355165657736215,405.6640571167375,45.290539562392205,210.37462914158542,105.25920619533987,73.21993717596129
5.184801003490373,0.6414462747608554,76.20104827946768,91.88553963965046,9.777155202344781,374.0587847535075,43.393762862464506,194.22390671749437,124.94213371156009,82.38163556141707
3.320613188871175,0.7950224728619711,74.90857907789052,97.75971512642252,8.199494768450604,404.1560500979838,47.59896520317846,212.24352093691132,167.40466420515114,68.18818887525089
5.374274457715378,0.4613144742837589,75.20954922054341,91.8190779827164,9.949728365066239,365.17536041450643,42.856154475050936,187.80998547338095,86.70229913317071,82.84802179375947
2.312513335839505,0.5436777975088348,75.62439788290503,102.41824818938807,7.423938729962278,424.30442055530676,49.55414940675681,219.4954000371563,119.86932345661097,62.309623602009026
4.4045674327613495,0.7577726850412605,71.90520908656958,95.93453962765751,9.184405397458589,382.9386858095309,46.75388660625778,205.0777240303741,155.63633723918053,73.64979864034501
3.7283491415992502,0.4733993672139873,79.44272028425888,97.24383999123549,8.591125745729366,398.98942990659486,44.60837378811402,208.9935243618208,98.46912801107955,75.15655742230693
3.3567708190947645,0.23582154349876777,72.76269077784318,98.66784434683238,8.29912613829417,414.55155478781495,50.08918280588295,210.4685887568392,49.35908713852502,67.34137159880108
4.214491575620103,0.928601410916982,72.95815491158797,96.3693593347919,9.020349794770613,395.3096273417492,47.65168991078061,211.94997505485654,196.25696072399816,73.2930577006093
4.463499820720159,0.40604710713257264,75.4647648772884,93.87562047065809,9.159858141665174,393.5741028415344,46.05103675258851,201.28264224200885,80.40503751676708,76.62069104275926
2.015271443776082,0.5317512101875086,69.46259158290324,101.7559433765253,7.111521322896806,426.3895130227774,53.65915011441901,217.75120777549392,114.32672868956278,55.47612993201582
2.5843358106151957,0.7312013338902255,74.74461472022065,101.11489991014953,7.640053722854189,421.1147448854879,49.69221304218249,225.10206915802283,164.98495418589044,63.46811633048888
4.495661177220116,0.37830121925375965,72.70798046609714,93.12707910435806,9.135908189488848,382.47756924810227,46.24433665199742,192.26832881167044,71.86388484780879,73.96187997999529
4.332348947523723,0.29842641735557396,77.54143675112265,96.79992962200727,9.176207544170712,384.2918599032637,43.898281107242106,192.95064557663636,58.15716831333277,78.54068746161693
5.38116626795037,0.5507474593549666,82.53743221609783,92.33031669583686,9.997135633294569,375.74867472876514,40.605046599012915,199.72836096502635,109.40481987516841,90.28737550754887
4.663632265877741,0.14138472041752204,71.99975028501241,95.40846813606917,9.432490626195191,379.51107632995877,46.28197951955522,191.90953978058312,25.81992804061812,75.71033840787167
5.327704477059683,0.44241878462641593,75.74036808599577,91.40299191162161,9.89238570018316,377.412919682804,44.0181128338832,193.09091179662215,85.01910288424351,82.93360016025571
4.458891755371824,0.5490077328630811,77.6573236716233,94.83433773115989,9.201476516192558,389.98577387249804,44.48981072402344,204.59341019137386,114.41773926031061,78.8845871816717
3.043182730238051,0.4460096206349672,71.47253250137862,98.9812800986047,7.997344914252756,416.8377949654976,51.162984894135235,216.65514840436526,96.53466976926043,63.90730182333673
2.3687772278779975,0.19130981136285058,75.16413547758691,102.41561954689641,7.513464686566177,413.3300421970353,48.5333456247922,206.86929697866492,40.22199285008613,62.69596040348952
4.736383521707275,0.8188355912408025,78.46065452930743,92.4502231043837,9.360017997610333,384.04138306614874,43.41380754072014,203.23753464874724,166.5869306563541,80.93506178299685
4.254522275165706,0.5207076307898351,80.52173561167037,93.07469748534021,8.923368561032845,388.54094170509063,42.92239196251101,203.8335770418043,104.73250094068877,78.93682172056027
2.1686510433765367,0.7862304235523483,69.57243102162728,101.77715285259126,7.261086236840368,432.39178714218735,54.33939639530003,226.3555384316379,179.4165741005497,56.73415792456304
3.260176630653424,0.44799274996391103,69.19833575563173,97.42500301221916,8.130431497987905,401.43703373935494,50.68755926614393,208.0027355963638,92.93589571000737,63.14587784591245
5.348799354195002,0.3239976036618472,74.88067227721528,92.46154364924512,9.973362011934372,372.4194302957545,43.87564569227898,193.9193035755375,61.51887709752974,82.76814163493971
3.7514040099857042,0.553836184051032,69.66292311424735,98.32262792911429,8.655318042744494,400.1603459136115,50.2316925202114,203.602746054489,112.25033442868616,67.6049314710922
3.514551976068966,0.4568425747343561,77.03995339152024,96.57672482582812,8.346446820067893,392.30449855578934,45.07177259058701,202.3223912602525,92.22323805477133,71.07060246121905
3.601948618057529,0.2644477084017284,68.51358184078698,98.42655232281564,8.503355583550098,398.10035381220837,50.70464809763645,203.54016452926507,54.57520960097614,65.47165469552934
2.731089534018073,0.7939568517574991,84.94238953208513,101.20229461773735,7.7825776013260555,401.22073109506056,42.25938835881845,208.93561955200593,165.2051035389029,72.18159094409741
3.290475098026783,0.3755459554212008,80.4282094255009,97.22751580913116,8.15294931941468,401.1379533318915,44.35982486885004,205.14294321675882,79.66094820823876,72.1003093169913
3.2943463959551185,0.13194672304088628,74.01609452314771,98.1575735894118,8.214164898157497,408.8563496509167,48.66405085495499,208.49637295935526,26.573244195388774,67.62262477339378
2.1832425706561533,0.7656332107914665,76.95686354977727,101.89452002500386,7.292274815876331,424.34858614080554,48.799895582468075,222.250160934787,170.77409927765217,62.138011971188206
4.686486699812714,0.3991403968374754,67.4397747182213,94.19569286955726,9.393905877494168,385.99297296579584,49.844278908390606,196.01493956368853,76.26350802211277,71.3154308658404
3.4577655116635766,0.37843522147687514,86.76618527099407,96.91479722845347,8.305062546281555,393.99353442131434,40.71603456496026,204.93495917913484,77.43090799905096,78.43844651878807
4.877629603857482,0.1469224825940052,72.90208246362653,92.84919828597123,9.529933142851865,385.84275661506473,46.541986057389344,196.0142189335033,29.166129948757277,77.34333331713462
4.976218003919634,0.8481882973193982,75.36897453520676,92.03448938312158,9.564647537353784,378.4653610470349,44.33289296346802,201.8177924002992,170.05990645094693,79.85124149101529
2.7419791914453033,0.24210388255806248,64.01070859379217,100.78174577664956,7.785113955330936,418.86195651715195,56.594777225560165,212.86575284273087,53.03467070791174,56.61777369618404
4.30073718759545,0.51168989614113,77.59232114881901,94.77398621806559,9.031157569825073,393.04191798870164,44.87173222877894,206.25287237867767,105.97198749743949,77.38150099060944
3.6529863145704358,0.6825240645080881,68.85186279209898,96.78635133585117,8.490585630916227,397.6908135263731,50.43518306915915,209.67232438082632,142.78876658641346,65.64821403151679
5.080548582725198,0.5843433866006194,76.60493710710038,92.04744269995615,9.678330485218062,376.9341543021582,43.523402578772256,198.5234522426255,116.42954390473008,81.93653461341238
2.7550923771175895,0.4880691376015617,70.58473868791842,101.98601094636052,7.858746505706098,416.70848686871784,51.710596032644624,214.29014770876816,103.99509342679295,62.128046570550346
4.372346201085154,0.15966682834251672,69.85809576665048,94.36326858730645,9.096012667190568,387.40866759805925,48.51213441528678,192.26462620655388,31.949662971267554,71.17192965858844
4.127132427884529,0.3380550328465432,70.93075140464835,94.72223232777712,8.87215483104736,397.4464697209923,49.109450094413,205.03788775361122,70.32938848115506,70.37009206395139
3.0335551715014146,0.5375600676085044,74.7692063762293,99.84930375506983,8.029502347539552,411.8878863518651,48.58932906883569,216.2092000333925,116.59882225463862,66.69287148036537
2.478103162779104,0.3425651860026007,66.5662689309908,101.21181919473477,7.5404106602155325,422.0593956619059,55.123411595556284,215.719051685647,74.50952911249622,56.705411802605795
4.280739161670468,0.5406718919997535,71.39282863888667,93.88522578946018,8.993540689147862,390.9113003108138,48.02773252237728,205.34124170299023,109.5450414470332,71.70791925954101
4.585091103463157,0.6363486817630284,78.81847623047817,95.73737820604093,9.356716423063231,383.9560193359006,43.22929593382796,200.85281430804187,129.27936872006123,81.22597287619257
3.104695703171725,0.6925005771600203,86.73803421817763,98.85158188242964,8.0642308958945,407.9625235949049,42.17188481159423,214.1873721322158,148.2255210006822,76.20478006690098
4.256914114078098,0.2547641284374633,77.49624103465875,94.79850503755758,8.993941146867295,389.4371802358238,44.50901840246612,202.0449096212484,52.4988409543095,76.96441721654773
3.3829581766402614,0.9393292109957909,69.47324160108187,98.28751466328556,8.303042825668223,411.75079414823705,51.8099911181466,219.3822951316425,206.8220404159762,64.73745601788121
4.496224091489162,0.6534958689108261,73.55989805942545,95.64730909515501,9.275332949440976,388.36201159956323,46.47708058755302,203.2823050483372,133.8538613393026,75.87212435814737
2.697253462129186,0.4996571692661872,73.39464918531792,99.21581662133265,7.651018876900302,408.6794430392327,49.00547541498417,208.09462001219453,102.92820582455703,62.52943517375938
5.11575250922661,0.7179073166153281,74.39177825789339,92.31565489724329,9.736381026016717,368.4911846887976,43.66434649151756,196.3943484135907,140.07244032570082,80.32739445857118
3.005933587629529,0.9730815543999947,78.12241113884009,101.14905017273155,8.073807379352251,413.18606405252723,46.88773930635391,219.7695726113549,216.1019920953003,69.6626055293902
3.287250957146535,0.2122559797886261,75.03206856364697,98.59760459457884,8.221861266425151,404.3160815886837,47.54865880818256,205.6363305131966,42.12819873972394,68.47214345798801
2.2033218322812242,0.45494747150172926,77.18324812328682,101.30010640357293,7.262905994593042,424.6894599728118,48.712277772933355,218.5388638840664,98.32609319540786,62.04663642180585
2.3902927431244674,0.0243136680253343,71.29613234026121,101.13925791669584,7.483369139587417,427.5106168604429,52.58683341430278,213.22842801961755,5.227609209031031,59.701601181112515
3.8055166594931484,0.538530306529605,81.19412108999806,96.84619771557941,8.659812281980782,394.2940498375259,43.236783810702356,204.98952053698375,110.43804905746723,77.18717685504218
2.9365743685479,0.5730788483850282,72.69146132084975,100.78663284259424,7.985239433719685,411.4049648452131,49.75180729349159,214.21696046926317,122.22319093313398,64.7300524592618
4.92418079009768,0.49216757691144813,71.05306760242725,92.49389855912527,9.545346075746522,376.32820528014,46.42985347896571,197.8987744130122,98.01543914851678,75.7367500419664
2.0514268602923384,0.369093285800338,83.34831413756191,103.48132742692276,7.219241573755587,424.1258154060011,45.434758980327366,220.6397307033908,82.33872662101673,65.93911083675887
3.3268291703517767,0.0900970967623349,64.86730626961655,97.20780284213127,8.184420921699912,413.29722015298927,55.203965622136714,209.30149673281284,18.839289570728962,60.18433713809434
3.180709413691824,0.5747067366823537,70.12315766990555,97.71254235640257,8.077150596955878,407.51831580790594,50.86148969400525,214.92287078113,123.24913184533801,63.46880560545797
2.0676467082116035,0.7910868967830651,69.34603679070196,102.37699597031143,7.176590463356417,424.1196691250616,53.45190336901128,225.6344329557702,178.47418118477165,55.897645159213894
2.4352893965017857,0.3817963088533136,85.46387864108496,102.62691008974235,7.555952862674361,427.82683756605496,44.81557251351092,220.62959161969883,83.73820291224057,70.55765628777972
3.4477493622152235,0.588011985804629,83.17159365539084,97.98797694385773,8.352543684741722,399.21594649376783,42.847388440121364,211.33843890454023,122.5712981949201,76.0471433159197
3.725026045566063,0.18637113731598987,81.93967197289025,97.19425779697207,8.587930899861087,392.0470515155757,42.641771838295924,196.20214355567705,36.86734107531419,77.14794441401648
3.415014115392042,0.5914426127385027,72.4447236265888,98.26991427258666,8.320806693642465,408.1389089029765,49.504551771139646,211.57216924006732,125.89863227184614,67.24235432332769
3.858281874442328,0.42132354045106857,86.76082826853967,97.38337982552123,8.716538829934239,390.7109219177599,40.379038595393425,200.0335110119338,84.12489979008186,82.30367446368598
4.082960862169886,0.3475164098794171,76.74131305380872,95.22146042837511,8.858412853522324,386.70638609171954,44.581569321164395,197.9631633607721,66.53036963760253,75.15328831610633
2.0347333739474247,0.34792727175677385,77.32799690025253,103.4290612779746,7.20975648209915,427.2889394561732,48.92920422121094,220.23517952060678,76.05411011014628,61.700346501110346
3.6243330580872635,0.421277683593398,75.24767657523576,96.65012816561048,8.443204107730507,396.7712423699165,46.54334972047526,202.4745795344857,86.2037439247033,70.46244328813623
5.372247343106559,0.576486663138507,76.19936395511162,92.78375242386365,9.99849870893892,377.4325702499551,43.78600408774517,198.3691834656774,112.91894013310187,84.26201763752107
3.816612980453421,0.23756735976089643,73.32104220691221,96.00154168497568,8.6130749449777,400.88260736644315,48.113009240922146,202.83069224282656,48.88183605670696,70.30381552161666
4.3713979361063355,0.42057693368642945,74.19747755623179,93.99419578116493,9.078436143234558,387.3678839901857,46.007065203524625,199.2984678940154,83.37492238689853,74.81204332835287
3.0915235027090913,0.49170564440017045,76.7522864466413,99.61940359130863,8.078443770295605,408.276945105542,47.062384385299254,211.91488854564128,104.1809716796499,68.62419303425182
4.708969823534669,0.28019215509362816,77.48676278211855,93.58243636277452,9.399408427043406,385.5335669517754,44.06764574338265,200.33216208041512,55.445600717093654,80.40773815318958
4.705225186566403,0.8593330403350035,75.48891337286126,93.79319377202634,9.379981377093111,383.1346133767973,44.81687721374462,203.03260818891545,173.3370459725083,78.43824714697107
3.8245361667894864,0.3293009039877317,82.13706336364166,96.79597445263065,8.666573356318816,404.42425481433474,43.89376436040452,206.99145417999645,69.59671944747835,78.07259028860425
5.416048381477248,0.3661126172733019,61.66549271406904,90.17151690578368,9.938883330089647,382.23547389455706,53.336056087634816,194.45297575518396,72.00752692288381,69.91662724899281
2.4394257516692868,0.30433841003550044,75.47674714160912,102.75269701242108,7.590388619595102,420.4395655892599,49.18759541618011,213.34096351247305,65.5725706603298,63.58741970824479
2.0593168271135336,0.8596960174276236,76.05987372583114,103.50722486981392,7.238267170418357,420.125777733758,48.81784733640109,220.78364625844443,190.71537688373584,61.04203186223874
4.695553741149836,0.6105810457198964,81.36947883065565,94.65272186698927,9.451670019585839,377.684367556511,41.33594416758269,198.4904696399871,121.69723339051916,84.31955596808271
4.825044380777089,0.31268159875127155,75.4656960516657,92.68967995599185,9.46562122974084,382.8956718347792,44.80109441843324,196.98867743763623,62.538865852878864,79.13228812795582
2.4207253019220167,0.7212463117719937,73.94447069922622,101.86068027904508,7.524186782202684,415.8241689974651,49.53562343461153,220.1048778687601,158.08593061988793,61.911548793683004
2.929539915355121,0.5401397388577757,78.44518981499975,99.90450506604483,7.925209647845118,416.5848654919125,47.10090694172068,214.8872294070102,117.44681886305247,68.63742505194149
2.0614332717832013,0.5514506842223004,79.92955194754073,103.68738564972,7.237992801340758,418.39753648527835,46.52503292014011,218.48641466306373,121.77291391876106,63.72133107762241
3.0265801377319765,0.43110455824950944,72.12921623938453,100.33516802340178,8.034586446894279,407.27045607613104,49.58898607884525,210.3279965683042,91.05384001560105,64.68304546586056
4.70599655871535,0.35011680260860534,76.98207478609622,93.68345268686276,9.391985345206432,378.55596725695847,43.521147108515436,194.41423067310566,67.77969427699455,79.85850158244844
3.8128618469940263,0.5675532198109203,82.96830403813662,95.4406226300463,8.58277795842784,398.8762415193542,42.90454103107342,205.4685734018255,115.39082118551273,77.97521927014101
3.218334576089008,0.39098255400088194,63.24186611191256,100.15955849335862,8.208626644057805,406.50603883822504,55.50186804594649,209.42426472776197,82.10989166722138,59.05745096187561
3.301087532172156,0.863351125915021,70.51124203953366,98.89098358434957,8.235378775540378,398.08804482128375,49.445025904060635,212.3642025391895,185.02978854592286,64.98967492558403
2.0047376900041387,0.24614177895137918,79.73486512101978,102.49666845187261,7.126387076857228,431.01850659325606,48.03244602997602,219.40483686998317,52.84385968436381,62.64432970353251
3.0493018464783255,0.807231354570989,79.12185138381551,99.65267724793922,8.03920850263466,405.3451579682528,45.48212943002924,215.58115081724566,175.04193954270352,70.10552830514153
4.262605595732756,0.4777362302404399,77.72735276951278,93.87200557617334,8.956045135679803,384.4456180178392,43.822776577779365,200.77804378066506,95.44750687691837,76.81613166483282
5.40968055335725,0.5598171468042212,74.2486322984831,91.91040051722646,10.004479937113569,366.43665557232265,43.49467113888333,189.4195383703092,105.65420773462392,82.39207246758633
4.9647128944436485,0.666631553325887,71.54856297840529,91.4465354740239,9.52717054187481,389.42097771706347,47.753260571885896,204.27656998556333,135.00174816629746,76.09911673135463
2.082582376259352,0.3739501409991127,69.54302075529935,102.5342940894626,7.209528741533103,424.70699838085363,53.39337057457157,218.99428650854202,81.1404513913024,56.29247239531147
5.1449621163619375,0.6728496769397273,83.91399564372779,92.18819615241766,9.76756293425728,370.4663025304788,39.44740078314632,194.78910677758532,131.71056965223747,89.46317575234234
4.74119444654519,-0.04150877107623552,72.5472198900775,94.23689120667751,9.454594758006651,379.65462507240585,45.992418106626246,191.12352808418308,-7.162175205772057,76.384250325616
4.731316432498431,0.35600209335561217,76.1846945401964,93.52562822740299,9.392524708053763,375.51231530567736,43.570649905887755,193.27654604655797,69.0427130701936,79.13298789975988
3.6029851565125,0.3151874385317869,70.55504396350628,97.89752225109629,8.48534604112427,398.35746878087724,49.451586043618136,199.99670068616834,62.53563493932201,66.99890401363665
3.39301852534076,0.24929879752564765,78.28549238090405,98.1019016345477,8.304001495840378,396.10023109579834,44.86583473837814,203.4684553491793,49.62088405071909,71.71387875712166
3.0602050509161742,0.45700903238420976,70.97861465936721,99.26353356103797,8.021138574215845,415.9651890303398,51.3672888552216,214.60352354722238,98.1375071093683,63.713713201510465
2.22993200634028,0.577149993636339,72.18794895683627,102.26361977808766,7.3423671929436285,424.78187188146086,51.6842039828186,217.50876417902495,125.17022755755559,59.19999249256495
2.798823772227947,0.6405319996998612,64.94167786145941,100.0528704605203,7.795339953503815,430.52991859621153,57.448662864488924,224.3683595730301,143.92629544912788,57.42008304608866
2.863112722423086,0.5481753514400816,65.368894085883,98.62984927705406,7.799639308397788,414.31510257273817,54.97163088271208,212.8434528007411,116.35429684094633,57.734754359057
3.6942697439857053,0.3668613070212906,74.47148965939037,96.45539710109273,8.514030421907888,395.63649446735803,46.8366896408079,204.82742941018668,74.84759368054677,70.4158497422145
4.616055423088429,0.5738032875650334,68.9134807317173,94.03962589207985,9.316170585475136,393.77999483958706,49.90021871907077,205.4253647729767,118.0327103420927,72.07280631386811
3.658334399392813,0.5248571389701702,84.91543447594388,96.99653279933419,8.499648805442892,401.33073526110525,42.28297931489969,206.69073398550165,108.83529975591864,78.81089422546549
2.202455573065062,0.6872112335872033,62.33533112711683,102.16675822852676,7.320010397472828,430.5894847085518,59.526856101877144,227.22460697200967,157.37522374869994,52.07472695763088
5.352264303458714,0.6553873405863033,72.42184067082994,91.00839200234353,9.900472575659727,367.4533546430321,44.58203695189716,194.4745387623031,127.11916243709909,79.8113051489265
5.299535116829393,0.5060952827841257,76.44294647653302,90.76074837691166,9.843651339006174,381.274775967903,44.10710086928943,197.75728775166266,100.62952498435172,83.20499182293933
4.748163401019429,0.32054939876774863,73.8721313922444,92.98694852765095,9.385574911761637,382.37913340901775,45.59072567510501,193.5066128069524,63.83205045188419,77.02923595419495
5.4696476554747715,0.3694099688335838,71.04284990325013,90.61076781032742,10.017524877374928,369.07898684872623,45.541215207675556,188.39569536979369,70.1673242791644,79.4405112968279
3.90568816480092,0.39004212807239336,69.89718660028475,96.33420593563025,8.735172201967565,403.0524800051262,50.446392064034164,205.6619561042369,81.38107801599268,68.43498014190557
5.369689225886221,0.4369467332167488,71.49035668356727,91.52079038497399,9.926630768438333,372.7597663515378,45.742807065993084,194.4270785805489,84.33364949537824,79.16188175598703
2.264617642158628,0.5536100855179507,71.28393269649004,101.92939801973621,7.3530681683948025,418.5967131253485,51.49808815087316,214.24071327415507,117.88546395678338,58.63013826010153
3.2798826189147996,0.6430348780256117,83.69550459028488,97.69668662924425,8.169493294287111,403.33344527563673,43.04725686033155,211.21777617507638,135.66102281119623,74.80669879146318
2.7888344380236805,0.4897762613969245,73.73628780841946,99.1206138349821,7.731667843211295,411.9653840045525,49.19795166309372,212.82876714168597,104.18553800315783,63.452380156897576
2.685415794469945,0.5032249575800944,79.13700140030156,102.67899448525539,7.818049577911082,396.9375021682419,44.53117066229907,208.0882034833732,105.78600188795448,68.15719925806987
2.492810321124366,0.5286612610000008,75.52625411448994,100.37131185185308,7.5156422315767895,415.06810276191754,48.53107470441597,215.92944341130942,113.4238478916698,62.98073241321779
4.178447745480988,0.396818937373532,80.58344928448828,94.96053288980504,8.924627130851444,386.6353998148365,42.68278618984371,200.34040453830855,79.41023853167754,78.99168253460324
4.734626495115568,0.31492154847140874,61.68173028117076,93.84240750910666,9.432135257606273,380.90637718894095,53.138557857747024,194.12629181408158,62.20937766411634,66.36232312598946
4.024044397971262,0.14891242053785803,73.30656317182437,96.20453309475313,8.827337753662901,397.0068523185824,47.65613142625196,198.27511609234853,29.741171053135098,72.02614497304376
2.514369483558734,0.3609701283846255,79.55292049602406,101.6163993615937,7.572747636216738,412.8366402906117,46.099740578414824,211.18192011932226,76.2195478476789,66.3763250818654
4.838933194767148,0.5946290906535574,72.9480407199739,92.70956016268924,9.484232356023261,383.52826759571747,46.23717019314282,202.23789492951497,120.49503317909411,77.00442660108551
4.22584147507305,0.35941771239208653,83.88337559443572,95.40040129375596,9.005619686296875,380.16765735444665,40.49360762194179,197.02487562540816,69.68667758010871,82.51018736086347
3.3585799714444846,0.45243859251481205,81.4497467345722,98.294045031337,8.298318589434219,405.99982412289944,44.3959484438258,208.92531580694052,93.38212271016282,74.21622420765405
4.359456034376221,0.5932862574824633,72.88569366061415,94.4921987856502,9.061994108479388,383.2234277328341,46.23517169343968,198.7895201193569,116.3508766667145,73.5208176416672
2.9096674273499152,0.6041378992845338,70.97578331758812,100.01249179769236,7.917800338328002,401.54602785944934,49.588409201869695,207.7217241691783,125.69924786269834,62.84762310972821
3.208172729729737,0.2840934295667922,68.78177806390335,99.6156878833465,8.169270302516228,415.28819564993023,52.71373734584561,211.63224606301387,61.042185340807876,63.1607795574649
5.211200450961966,0.6994118712907282,73.10546938183538,91.74303824288486,9.815917295922963,370.15999731015074,44.54099111207929,195.84427906787496,137.7414001890499,79.784383939149
3.0167657698499712,0.7254700178710971,67.45717360297539,99.42888208261024,7.993088542317444,421.94000500345805,54.47397385892349,224.798435795747,164.22815322670004,60.796146101150306
3.644958938552778,0.274030028556288,76.51800662842835,98.09717254296606,8.54029827722432,401.40979131018264,46.3960979861834,205.06200759867338,57.64737001712809,72.32999117747376
5.115493980886051,0.3352326260717692,68.8583603103311,92.86485935475388,9.76653917336976,381.07718900037867,48.32425978687949,196.79461587888014,66.11662326235025,75.45587730117036
4.477024725936346,0.7382181366292383,78.39109475207472,95.59756261199358,9.251372406458858,388.84347647232335,43.99125020037116,203.9340743097918,150.48322461440958,79.95634245873678
2.2177112915764594,0.4706292957489398,75.801647034393,100.83302629189873,7.262366767166909,424.99540257415003,49.53231287084658,219.64054273316736,104.84523863926793,61.07918503041439
2.5155606549763965,0.05604441050962983,64.71265076005206,101.91963305411812,7.613601914844393,422.463178488284,56.54506622246227,212.35241231286017,11.20015057169502,55.89473912941862
2.027445567701709,0.22006369905346274,80.18202771288374,103.38520454936577,7.214147476531471,430.05093950518864,47.68698934940337,218.04536418270752,46.805336783122776,63.72238130697568
4.208226265802072,0.4501260749655037,77.6179179910386,94.56268615149014,8.954509832477443,390.4194286325262,44.55931361807268,201.91796784700583,90.54966287941441,76.7354539576155
3.566856988936464,0.2673914699430796,78.0287184939481,97.71727087312145,8.446747878859801,396.2126707912417,45.009478448613436,202.36964438000726,53.6561733732942,72.73954518569761
2.4699619781579645,0.41731524587271174,69.1706283660757,102.19603047465351,7.590344558070601,423.4536502929688,53.48620555781985,218.94862746076373,91.41892704810239,58.99032750015149
5.352769423698696,0.5064792427367157,79.53521890080404,90.60197987906625,9.886416819207712,359.8893589835994,40.19528442570966,189.88010421967795,95.32031170480803,86.36950226975028
3.8538090338096698,0.7924509208069458,80.25653808918193,96.8657183248844,8.68296812938382,400.83581618445186,44.41072355205874,207.7735763210507,165.0200950197322,76.64367234878286
2.8466265293951123,0.44190921675444217,72.92290984025074,100.73389008770192,7.876358749976487,420.00585674419546,50.65015899144495,218.85904165169174,96.14671563553645,64.04853091268225
3.7521124990414765,0.7145083599145517,84.51214729509158,96.01079060332964,8.576013490203955,400.6657046184996,42.39303794119889,207.62886147533212,149.5807611100211,79.1858475667581
4.378671164572877,0.7857520324073541,75.47472857205213,94.5608223700388,9.110290827085864,393.4031518413504,46.02566845353894,209.105382048859,163.11041342876752,76.21406018093943
2.2668372629074756,0.7868619338704153,78.42413371775135,102.30684428113776,7.392177272759539,420.36592443100307,47.53972775948312,226.6971491617347,178.23988437626045,64.01806471224641
2.961463352667622,0.5569509186771137,75.01880005949442,98.99797306122895,7.909241562605399,411.2742368016291,48.37450499346354,213.9063016041197,118.80039689766072,65.88151694423857
4.824379218093977,0.10734217043220512,78.7168627259971,92.41135017739624,9.439547307816595,373.57410830441506,42.108579679852106,188.7572249875199,20.492500137590916,81.80205644685309
3.6088270464093144,0.5921649730807731,65.97393111751731,97.26106965607718,8.472153174289518,412.90757032575794,54.34858565987167,214.71574033124963,128.07384507609942,63.20335273101274
3.9130199971130324,0.7096799775627082,76.55089268761246,96.94574178362734,8.757646045741938,391.80163114498487,45.268352408462356,207.88053993046293,147.79486781996354,74.1599781946104
3.514856007733142,0.4837865789129166,70.54295170299345,98.21299117388769,8.41057303711721,405.2707851252178,50.3173495080831,210.61660835158213,101.76489721830232,66.42119226302968
2.153649799250518,0.8489167740150497,68.35238823021218,101.77309551927411,7.232271320639684,429.2838447098954,54.78886533089316,226.0235794756153,192.56646297753883,55.65084036204777
2.5801242293705458,0.6719667122934916,81.81666499757455,101.49129950529564,7.661768049779451,407.33587709736037,44.364046233668,213.51873312271292,144.320505878957,68.7970599579626
3.559395735596618,0.6136546754305569,73.2024236424042,96.87336310447863,8.399256983929526,394.01051574383183,47.35565365706774,203.97320499581983,125.4383107049446,68.43864834447021
2.7321491289277473,0.7172761422411675,68.26206979983581,99.14934221035813,7.689873288265933,418.9256394190838,53.528566327281396,219.98407900069475,158.17692336740106,59.078851716055205
2.1749266003088756,0.5666739702521756,70.81425377982627,102.09404204208116,7.281977932917906,423.76595924165383,52.437031763750426,219.5443448007761,125.05670106096399,57.74748825051383
4.952773824181383,0.0014379001209292586,69.44107744440808,93.56366711263375,9.634087680301256,379.0946311199949,47.72022778584301,189.84196596499282,-1.370952940030739,74.96333825439847
5.434173852074405,0.4001722097059269,83.69043096347065,91.50515995945267,10.020897640660193,371.432952952424,39.64470534853698,190.29923182751702,75.80165889430147,91.57629683833768
4.776000058988588,0.7394336054495707,72.25279634995373,93.28274234764139,9.429150218219974,383.64059784830414,46.64164805000212,202.48293962572322,150.09892402068493,75.92946455426446
4.988247225966335,0.3384817319803408,78.63239634087796,92.20777032224498,9.604338269314022,380.25288878119204,42.9022461853281,195.22121592067742,65.78720780036461,83.18657219317667
2.8469199561096588,0.4553054989526122,80.1968375183832,99.72397044472305,7.8406687562810085,413.33453067790447,45.825834036992916,213.65368321915471,96.98954995152239,69.21006763100124
5.3621944142962,0.2910327372193857,73.9338698910818,91.31934747465195,9.938020305818812,370.0843749609919,44.09237599091262,189.95624597019844,55.65838775942569,81.56381100809152
2.6892399655869994,0.8567845190403538,75.88720012006833,99.73291013176885,7.661756296181293,411.40097819238144,47.900150152438584,218.20392155123406,187.3513869530086,64.45898479032446
5.330004336266413,0.8362984914836031,71.24557492899754,91.06649894690652,9.88587747579521,375.1078098530641,46.169629568241696,198.5249949809227,166.49321317890644,78.61562370457914
5.481867528880828,0.32322622097185416,88.80708888022542,90.64100807982928,10.031078692336278,364.2750536979147,36.86729948490753,187.15006670883432,59.69958535520662,96.49676050321942
4.491029820111171,0.5294596000778168,80.07113645721651,93.20053606284971,9.15006541806209,389.54601874339534,43.24870697378493,202.3571877216734,105.7221523234347,80.55312343837333
5.434003061271376,0.3639011904471905,75.55777147972162,90.31023068483212,9.954349542532626,369.9354002088464,43.238082737641925,192.47550924534548,70.84645372866295,83.2419954471075
3.9933892284848627,0.6229889278062757,70.927898419737,96.35154313349209,8.818770341105319,393.76672608442124,48.65648728972651,208.52967996112545,129.16926622727888,69.9312117074756
2.908396241116316,0.6019366154484658,72.92009272514144,99.82822262804568,7.889552674074618,411.89341250954305,49.673534962733655,212.23159461562446,126.93844239788756,64.12922991238419
3.5294855998296732,0.6623411143226531,72.53546410803801,97.39979096764144,8.417813395501746,398.0359132717226,48.226046533245146,210.1873824475366,138.313993581451,68.06543036858815
4.077463273825751,0.5663836895415775,84.65767869858844,94.9997365915795,8.832445111374415,396.72257601717865,41.91129356556836,208.4925316738928,119.23779947265915,81.65753315640892
2.2557854670945523,1.0870812412776938,66.57926894943895,103.36623072564043,7.42929203151851,430.48059556293305,56.213724872087184,228.85485380890364,248.9958453630946,55.89858142411084
4.178201426160362,0.2944152469978522,75.68784882784345,94.70591163669528,8.89687673421502,385.722176639772,45.01480453952477,198.4362626626792,58.765184683547915,74.57866427031021
5.434122428668031,0.15787932911269714,76.42925658123309,91.18184574547128,10.001160163923727,373.424834798895,43.205836723577576,190.87251717167058,30.824376140342586,84.48390210016275
2.6653767742430468,0.4213819598597077,72.61140062736732,100.2808860196903,7.684485178641354,408.0407108565642,49.39278450163322,208.44179155042053,87.79124010976932,62.222852455353525
4.774082907009341,0.1864023468879465,75.1858162137195,93.31973325957797,9.45631148326546,385.7258900147581,45.28052992378741,195.18629696445618,37.395872297208,78.81379424881153
5.177645778228667,0.20150754599880144,75.63282088327198,92.24432756975196,9.786749504573221,370.53012929968844,43.26963954682356,188.6603177114667,36.81967449341231,81.91360030202394
5.302955574870773,0.2997370691604066,80.72887702150543,90.34345021658598,9.810251502404089,373.3029219317073,41.1448850891457,192.28843312345833,56.550364372118246,86.89537396972418
5.360474615419065,0.31556221891367453,79.47749177096505,91.23304585071048,9.915304518006845,360.25536448376874,40.26212149597488,182.8842367046943,56.57058607320097,86.56951008809781
3.825108735525152,0.30907637960998796,76.68468853949412,97.56470234484586,8.698294070417374,389.3667220174651,44.91758908957341,201.63352009851363,62.74182689763666,73.7587995470655
5.420577677970263,0.6036437900890823,61.334746402837965,92.43717964189769,10.031248194883831,377.18465237743527,52.87530570970522,193.58828677992267,117.3647848448834,70.22944581857733
4.6505857249705365,0.39876218778293276,77.07967724078046,93.61893878399901,9.344434264408148,378.77490289861095,43.497508821866205,198.01637536390047,78.48886102024187,79.5423670864999
2.5658500268293665,0.46409708502550395,64.80082323134484,101.05286987187074,7.63177049905222,417.2444463745567,55.78072918851418,216.68421439824073,100.33007392447608,56.080890510628606
3.669150372637895,0.678846554900187,77.6345812628446,98.92704011864859,8.613544461558924,403.6545867509442,46.06110749137407,210.76644867668927,144.3461481735128,73.88046978555997
4.514159113802014,0.3467354950437147,82.78947777441499,95.1083825269723,9.265650640929787,392.6259921280026,42.31363313440934,203.2428401750712,69.77707060624081,83.990536289519
2.8656911053667917,0.44709082025905555,68.8076337634974,99.47625347581206,7.821348960024202,420.7350369782144,53.387599257306086,214.97828270578879,96.41024954406754,60.50488693841818
4.242153142421106,0.5731519972185831,73.7816801591918,94.65727724081722,8.981976617015004,385.38839273734783,45.999124391523246,201.5213484357404,114.81664746710673,73.65136216580618
4.333101676663167,0.11168643987595572,72.20294348673082,95.59938370110872,9.129605262806862,397.34431401325895,48.33699344080035,200.824463352386,23.525343676767502,73.52691129658314
2.5694491033299807,0.02301889820988351,79.26049780277998,100.19809843430849,7.57298207787281,409.02899802318996,45.82418965743779,205.33205211266124,5.354943791080513,66.15318479660773
3.977798593584647,0.5692234657595445,75.24849773866195,96.94788632352481,8.824025064503124,391.89764234409614,45.97120802591721,202.80773804421054,114.04400210637476,73.62200726998353
4.7006941884251265,0.5984028561133797,84.28247992894183,93.81501031151286,9.395787618613927,378.6451444910816,40.16071117098917,197.30646074252635,117.80794860830225,86.43362223938195
3.7461348258757967,0.9128440269704822,76.56413280578789,97.30270472065638,8.628514245514715,406.4242511865843,46.95065242534374,217.15827573015102,196.15262811641446,73.13430086370622
2.042360908716376,0.531618975173362,73.66308399363875,102.64634977670865,7.176676159770159,431.56453889489995,51.583627843280745,222.30306658911726,119.080984019013,58.90044229964626
2.0316346417775226,0.663947943451619,72.77899548314721,102.38541891038155,7.1528598864568655,425.5124156036062,51.403428263421645,223.2583325421306,150.2792197007067,58.080755202897585
3.2496027038950426,0.46090547128280523,77.98948374096074,99.795984801062,8.241195128959742,399.2555225705221,45.37536823672273,205.31309141804996,92.44948604056545,70.95022191571466
5.241679239511237,0.5594454443170173,67.60158409618677,91.4567328372679,9.800265556305595,381.9650185044296,49.22129141474559,201.37419096912456,111.23077504976473,74.53728307479355
2.8003687286126304,0.8334513683499067,73.7871622519377,99.8699613885967,7.779398891504168,412.2303624830398,49.19970451362391,221.74232166791037,184.97876149877493,63.88293429246353
4.220272911050905,0.07520143637487287,74.71409527462127,95.16493515701798,8.970439717210654,391.7892679852633,46.24841553405999,196.4277271889402,14.753188418170517,74.38391257328787
2.777265547426622,0.5827232515143361,76.95981279270077,100.43398829018118,7.809093867676054,406.18531508310303,46.70954341304623,213.67402383620677,124.10197676218105,66.48437663078025
3.1258449638084205,0.9271173460154732,72.81250592719992,98.23488252529496,8.034235519367709,413.0365765178869,49.87611133045356,220.00043936602233,202.22860345001354,65.22576209301768
4.9681473136051935,0.5564068438418686,70.76810460551289,92.15958720701629,9.570830633467985,382.7196212171726,47.38499474346334,197.83305087273163,110.39911027367955,75.70414534909982
4.551015047944814,0.8301145926465696,75.49797143213226,93.5770216730683,9.22439438555679,379.1048234077204,44.34079745490235,201.15269511244844,167.86730141497674,77.12728052606339
2.333897470596237,0.37415757009411155,67.38647432037376,102.50758309659865,7.457900056641443,429.0455247033798,55.441926831705224,220.306265384614,85.27624238156987,56.69152033962236
3.5004570734525178,0.4935905011672573,64.5742374252056,97.03963018851628,8.369459662219349,409.5548408267447,54.91907862115367,208.60736260202705,104.27390057605112,61.29844776214567
2.1020941727584255,0.5067049404777175,76.15812541473757,101.23805610913907,7.162485004358408,429.9871710108373,49.9067463388992,223.8454731354754,112.12489114937634,60.4983992480831
3.6831155131105318,0.05648178412824584,77.31504647920599,95.53542005378822,8.452023541746193,398.14011710964303,45.598110882808705,200.0893270146179,11.289510763643868,72.21515162250411
4.318519040953738,0.26636443442995994,77.51767756911235,93.70887924892133,9.004215459690622,389.80340183497486,44.53996182967135,200.89825534887513,54.104227885417515,77.07239259817813
2.4147591825935306,0.2806249841232028,79.41235312884129,102.63757342320113,7.5641886898112025,417.268179296566,46.667844508609626,214.05973951767376,59.38224955604083,66.21434795280321
3.0110972861820797,0.6644132156065055,70.28815729189887,99.47412477794995,7.979775277890221,411.5483795016649,51.25891456263257,215.98028461925782,144.28016741303225,62.842169836252566
3.392428189257549,0.674430621136811,66.91534311325277,98.52750060704435,8.306993169525457,407.94651575501894,53.03837950177828,213.37804732386272,144.61206678352949,62.71114994847567
5.2183585862961746,0.5648072885413067,75.91188141951518,92.16493512966045,9.821595430081892,379.485553699538,44.1714868105934,201.26060962129458,114.91081892610964,82.51119994401877
5.476392553980374,0.6648205793711411,74.8341695662469,90.87757319578255,10.021558851132985,375.0099083443611,44.20505443287404,201.81700823641972,134.97434309595442,83.13636413847505
2.1571895464846556,0.4671701174556452,68.37714887193124,102.39001154998266,7.283572533492042,421.06838639404236,53.72336101203053,216.86344614873624,101.59726525924886,56.04338032503576
4.663527732233872,0.7403863339079086,75.19698751124166,94.51327408103596,9.399260272072494,386.8630086385881,45.40806194438998,206.6218862753178,152.3420891375105,78.35332818225311
3.3010342324082016,0.5017576885264143,70.90321534786692,98.5631769180214,8.218735905569648,413.21971261320044,51.07580840099395,212.72272231656584,105.44218285211322,65.21538106124649
3.37360365180318,0.5115728094853513,64.86829796537965,99.31166520209959,8.329678458563569,406.70322327581493,54.32248819972924,209.8498318728096,107.57248419935578,61.235623851884256
4.6399274067145795,0.4468814733475177,73.3620294340887,94.25691803273087,9.349540685757248,386.2066100302085,46.328839718995546,199.03403721232002,88.54078970403589,76.29289953069761
5.21449251250893,0.6368900955272856,70.57551518149143,91.25503918743394,9.784089402127597,378.5580142213666,46.9817677701083,200.2017239188053,127.19929783370203,77.19276773585578
5.328250080758919,0.41576023667741735,77.55214045496531,90.95341749824783,9.86332087669479,367.4628932007466,41.97074923482431,187.81802356185645,79.20905641908155,84.34585131646496
4.019929051134122,0.6952862754396136,71.54374107015767,95.34827647586715,8.7812696058233,393.8473300178293,48.29890373547805,210.45288759451734,147.6939283849095,70.15327575999062
3.24992405755176,0.27357017185679866,79.45806623976738,99.59930421612943,8.223961831064113,407.4915880770688,45.55112861314276,209.72509113113244,56.13916260717336,71.98956000992364
4.756421800505727,0.2802167490543612,83.7270364969462,93.02848293587351,9.417263435853046,375.6848055000034,40.08286397834033,193.3686843966749,53.97471350463984,86.11675135662416
2.878504841418051,0.6374853510253009,76.8511126747612,99.2864548175971,7.848110189904551,417.17484892831607,48.03333383770757,217.56207539753217,138.2594308342922,66.77160059486745
3.9742591009173123,0.4822911570833975,67.01398001118417,96.34591557969085,8.800592063512354,403.707428929528,52.42001892005848,210.74705700072846,101.95635061480473,66.50810813704393
3.255024615337056,0.40922171676937436,81.43200953279967,98.5296801612223,8.194895403140501,409.24764733397245,44.75977826859005,204.9274236959207,81.59447444899348,73.29016421797823
4.298208757977566,0.678011546495092,83.03645276144191,95.19192415713864,9.054748464883609,395.58947261359833,42.51983613648119,208.84671223121055,140.1396443552557,82.3064489176571
2.841396195127274,0.3785477171827831,73.50362799069244,101.56696444016963,7.907870355587219,411.987480280523,49.33767432553282,211.99220003332874,80.13166845013411,64.72177401590626
2.6705753100718903,0.45995974913992604,79.81932117376392,101.38344305949147,7.7279378268679935,414.3995203629799,46.137013166831345,210.32672528815306,97.52794300526634,67.93925863555732
5.21383680336403,0.7798455900142318,73.49822847380344,91.77317963166742,9.784114709296812,376.5217296633556,45.093379410017626,200.7710546473556,156.64571230670018,79.92323064011389
2.356312890323379,0.80782846916213,63.4963457941401,100.62616617650336,7.383033530851885,426.63880144035255,58.04898146029577,226.61861120936038,183.74047284996323,53.34365637982344
3.770852677072261,0.8144796420540654,70.72360101937875,96.40204563248018,8.587112732547954,402.6791998117977,49.88370126292177,209.84932904704146,171.11531478520712,67.95597800500013
2.772984740370531,0.4435748446132177,81.97408601866842,100.86339029073937,7.824029788975551,402.17374966796166,43.72685471278622,205.36695466787492,92.37190457923646,70.35190419608453
2.136254871639836,0.7461405809968941,65.10810622791043,101.58627511753113,7.215737769688159,430.6665290585352,57.339553702992724,230.6541515479229,173.58631019414503,53.26706398353476
2.1260658640199925,0.31020943444626436,72.54888544648146,104.27154571299431,7.3347398652262825,417.3984652674673,50.56379174714325,212.9796670582227,65.30783917951946,59.37323573670618
2.613276202370396,0.3186194250555878,73.30665090954554,100.86506654181206,7.655369542199393,412.756832404156,49.546684195998694,213.10895969690858,68.784299552611,62.51262834311905
5.033696240771,0.02990882947512774,73.47556426908614,92.4211418718691,9.644363599527308,381.38695135696895,45.68845442332752,193.39571196919076,6.292358918974502,78.7825272100685
2.988675603919593,0.8345736403797059,71.36880272551794,99.00631923191503,7.949245631222858,411.4719850930906,50.56876484727353,219.04247078023144,185.31174038190662,63.427772403681715
5.326607097013535,0.32720403018478433,76.75317418759725,91.75426536587321,9.906461209679101,374.6575785049581,43.18661328688552,194.2713324076294,62.76852789413012,83.99672417241453
4.035678025462177,0.474693484050588,72.03200192088099,94.9487254656646,8.771714986026048,394.649016493121,48.1091534098797,200.21913379098987,94.92598266180397,70.49090549984356
3.528149664190681,0.31793513161434317,67.12348711118916,99.38339024661379,8.505497996188446,408.5726768137112,52.976426782242186,208.59430655770942,65.28718467611212,64.38206993501198
4.030310921343091,0.6390330496660281,75.91153282032899,96.94779281902079,8.883442204377769,390.7711392562065,45.48529474773141,198.80986791874582,126.0731399677144,74.67722533674542
3.8084443482919372,0.42487326785653196,79.9369661301752,97.45788193713585,8.66410159136314,384.9685892728515,42.804266792327205,195.3652063251392,83.39101765847259,76.14342645561571
4.6557168881506374,0.23903662191341013,79.93472285904788,92.59264768684092,9.293899288839787,383.27508798964146,42.61703108712944,194.13106432955198,46.609977246330125,81.66810025609584
2.988736230904983,0.5883325128372121,69.53780614013692,99.70375380819875,7.96650799492398,402.0104184169529,50.5433124102838,208.49942802304227,123.20844350782608,62.13452458911839
3.235676370601058,0.21325399503795428,67.6266720678329,99.6424018213075,8.214055416390796,401.4046183323889,51.70962603956891,203.98393967004873,44.020143785668,62.553275883655
5.129330058866378,0.3325188549369017,74.73425665986575,92.52182911345388,9.757291715616013,370.54573037874053,43.73033351388907,190.21934699021782,63.01588069520799,80.82932769009481
5.312597796026419,0.0786221770747838,84.21407490421002,90.60422043020051,9.848675066362613,364.3023213222128,38.667505008419255,183.59797817719058,14.192333682121209,90.44922759479284
5.123953796202661,0.21520837756047861,79.37673495024092,91.54608670904376,9.705712923401725,371.40979352978775,41.55553385750377,189.28244172556242,39.76436845197222,84.7080627636022
3.4680679788505975,0.5357058339440955,77.68150495859189,97.50021316361811,8.342580453722443,396.8654498244589,45.26216218709761,207.13415787059682,110.26182247609141,71.56781671970126
4.731279260524086,0.10709279237941505,80.12681987155638,92.9577723205748,9.374921443263666,373.4210798681757,41.432847669578734,186.39884246495515,19.905170759304795,82.50196442820048
3.667175066553846,0.20377085507565684,76.50444289245755,98.3879103356298,8.59069279027099,405.293545761801,46.85233870191645,204.25375106830776,41.81799114944151,72.76033807266829
3.741389482511358,0.4995262167734384,75.09271011708152,95.36832630015164,8.508621919145497,396.39975483829795,46.58445527153619,205.61901455216105,103.42287632751217,70.88061896504625
2.716380381700494,0.3912786207813895,76.57119094128043,101.01740397577534,7.78530412508052,402.5116028561404,46.49486722773125,207.08229483844522,81.63573537242407,65.97923996888227
4.0689560614048075,0.8984073271918618,72.15191675259567,94.7248110851404,8.811060705761527,393.11342731868496,47.852009162800705,207.86896883662783,188.30808146420895,70.90284169913815
2.6514756421367176,0.8667793092048751,66.10945571373246,99.95083406256063,7.639783189014846,415.1368986440723,54.54472046226563,222.73325772213536,192.08789117284633,57.099142330824115
3.1604764467351782,0.32641550744976927,77.40755640920382,97.3305457429319,8.022227734368037,404.1675846124936,46.23943297537782,208.429626273095,67.80207681685401,68.63597216124195
4.992605705669773,0.6114275236806964,82.17981737554985,92.08663648522871,9.597419451703805,378.7313964224664,41.08615174181531,196.81767769571738,119.45444073388015,86.36674821909345
2.724765332237993,0.6498565113758903,67.67855870190544,101.6719066583984,7.8213549773086175,414.26068887913937,53.330120409272936,216.46146008437466,141.94617636712533,59.63689895145426
2.249053998107015,0.3805042283951193,76.80847220980792,102.34017040059727,7.380173568228,415.9101567454274,47.91124024625289,217.6817211002347,82.32634143476996,62.756313888509965
2.241526574144857,0.20089169270035923,81.09366045591477,101.19596775289372,7.297363614585888,423.84653107570256,46.52865292210156,215.25779500402524,44.398530257750195,65.07573987231613
5.292745821760878,0.49754031013838845,76.34006397732746,92.28910776334037,9.897864867762003,377.2563812068744,43.694243880331186,196.88266716591315,99.4098494163276,83.5461651769839
3.774221532866421,0.4654308650371778,70.43905491573098,97.77526804582247,8.652369958745483,401.4613396719972,49.908758884918946,206.49426170929402,96.52223981603088,68.23171711626054
3.432942251359564,0.41284710060587615,74.73462406926525,98.06793930507278,8.338863504185362,391.06110243033453,46.15127602509531,201.09703350719872,83.31538605161475,69.16048577831079
4.838075033527715,0.588463373632897,73.05302019922975,94.69453670917507,9.595839712078643,373.2870501667502,44.9456322324341,198.49312765943534,116.84458069090121,77.96176754895484
4.925390747686806,0.34985407859888024,72.82681834744216,93.41838368279588,9.60170087286915,379.07249785682114,45.766879064059516,195.01064896197883,67.90816487339636,77.82731724661268
3.1626686159046162,0.26960049048417134,75.96112267544325,99.47678185016791,8.120568583146172,405.98268224057915,47.228638901496964,206.89349203980638,55.34120216808673,68.35793606860285
4.427663201158284,0.5218165940699664,67.29454846624046,93.86047583021298,9.113426951636473,389.17726581107837,50.34989834775441,202.43116398846163,105.48452380236358,69.07002150593306
4.6989298554816035,0.5771940185137752,68.41907121411678,94.05566429431147,9.395473928178728,379.8091094865745,48.43325782953195,203.65323059782426,119.3718049425498,72.18797106538342
4.291277404030841,0.26467101121998937,75.24598728670674,95.15396210797566,9.040755484228475,382.0585749853606,44.81836472846374,195.07896766727592,50.589892425283345,75.38676200177929
2.530582761800348,0.6856181221982163,72.92515661959825,101.5588235358356,7.604645000342786,428.77594593437004,51.706377583498536,223.01209140173106,153.10574055812782,61.865167044565055
5.065590792309699,0.14590377244478436,77.79648183597132,91.722763731603,9.655422927500048,375.9085034813051,42.81589599269007,188.83210652409383,28.262622664748065,82.83650261907583
3.8868309345760306,0.38437730825687133,84.04032406390819,96.49857083647107,8.718579288092812,395.2228935569176,42.026959976055686,204.9386184070881,78.48937865985627,80.08425730897591
2.988653492295013,0.4483982927604782,74.10895437113312,98.8862235767955,7.943882306043955,411.51002799858674,48.925828536969696,209.624026137407,94.41113781283272,65.47687491569549
3.488298649031929,0.372755257469614,77.17681913051229,96.07324904841542,8.29720312718317,403.41695329732164,46.27571381026952,208.20097147363347,76.10340491439456,70.80236630356573
2.1314988163961757,0.3869879052897615,67.68013390160225,103.33839779747609,7.278877203866693,427.0398853629788,54.97414382728949,217.87712620553694,85.64085582714893,55.53226318747166
2.4475338042784616,0.8742148964616228,76.77672888271684,100.23172049967377,7.4485467833868375,414.71614348380433,47.791170377523024,216.7537560759225,190.6205111370215,63.311303513799935
4.679413626805513,0.3298231821922203,72.98334202661322,93.70780147800664,9.363222760337253,375.9697606924384,45.30665450565522,190.97208364527532,62.88859443838992,76.02122541770045
2.0000407216437814,0.9882443444943828,72.75715302887801,103.26625917780599,7.164826479091756,429.53173607533864,51.90267189658567,229.6446008244424,226.0651421431202,58.17324996852305
3.4579803996880227,0.5874253559462104,73.60533335427981,98.15831901378236,8.374510533975904,404.0068680151258,48.32309755923537,213.6051491337417,126.26997890941847,68.59584939749543
3.8287856337995594,0.5184110274623984,79.75941393512963,96.37278702282295,8.647856826702874,399.8305023841892,44.54468727627302,209.51807542792383,107.46836128823222,75.91833749110981
2.191220470003403,0.5952480706775332,66.07958179212909,102.54769753521208,7.319112419302645,430.8627230303056,56.63316133986439,223.77270212297427,132.19564514308914,54.717329985582325
5.405773570403165,1.0059855498503905,65.0707351114086,91.45656615941705,9.980979852005408,370.30954795158004,49.328083360582895,202.18893136318206,203.3455337999849,73.43915941779555
2.791438659373852,0.3012813992137104,72.282562905809,100.8179365447931,7.829785269225695,420.15422599777185,51.06236499691111,213.88277432861346,65.95694308442293,63.18801248685991
3.064695518726983,0.2759164162127221,76.020290906998,100.66031875596298,8.09858030792391,411.44541345449517,47.83120460489199,206.92842980094665,57.73553261913836,68.23759008505739
3.0637987928925954,0.3490267606856158,74.43790543050862,99.46405954607448,8.048260091986437,412.7138438373545,48.87779270851442,211.63449860022683,73.21910832577238,66.5953358878185
2.8064583174107245,0.5064286293929122,79.52877116796242,100.22863496507662,7.817050956676716,423.09410635917476,47.25789272427517,216.13161463046748,107.77313942426923,68.5348655353857
2.00515837730209,0.1548457750374853,74.59305342366085,102.25656250716261,7.117684375392378,438.0288849352291,51.7807156979525,222.91994570814694,34.55973217812397,59.06989530259384
4.552706779307988,0.5044678478637216,72.64400647587028,94.41428333154151,9.273085091837393,388.9302644056785,47.06091596844777,203.64391009880882,102.98322684400088,75.04192052836471
5.383959249297499,0.8387094266827344,64.83365032845859,91.6900491099712,9.98143944293397,377.26373703912486,50.41364885759885,199.45257004074293,167.20997058768063,73.2419353409583
2.7850271914976577,0.5302814781249555,72.1554714588211,100.0985622823329,7.7788747723460085,420.96859187839976,51.24048154107453,218.72971312472555,117.79470726585862,62.684375463464576
4.320665171311978,0.4414629082049446,80.32459321686336,95.31336190375531,9.104091735447655,382.8685591559497,42.388074556472965,198.32832166943192,87.42267077398469,80.33706314018524
4.596637144355503,0.37636791026327454,73.55572565989102,93.67775703991627,9.268761177806162,382.35333989196505,45.760279965530216,198.56611536346614,72.45179351426827,75.7895760163887
4.9694888268168365,0.6797023409103129,76.10498791056902,93.1435832278122,9.62012578559417,380.52259615934855,44.19286331641666,197.96669668536128,134.15128760114555,81.00117962616494
3.4792021895476317,0.33483344535239046,76.2818438989907,98.55287418780709,8.41429328163514,396.9190163620631,46.00261172289412,204.68098490845378,68.98868395356564,71.0554773513103
3.0602581697415023,0.8692791841198496,68.59584793244072,100.00799869928913,8.070961271660696,414.1062828214261,52.68806097459281,217.45879067049975,189.41929744249316,62.25286796229746
3.138532969080609,0.8866719495428714,76.88241904609082,99.1094100691309,8.07996848236717,408.4318235669012,47.00972049940616,219.0703685019394,194.06687244045486,68.73850185520514
4.494174665844795,0.5513501597323576,83.57861854902228,93.43841414824958,9.155168354624804,379.1842349649344,40.520392461905615,199.98776468111882,109.92106781537917,83.60940980287295
4.858728132769726,0.49769698238467097,74.96640699985663,92.5049210931925,9.486752615524068,380.4077174410175,44.77154335143998,196.33013066899903,95.71329070035074,78.84448817226914
2.6356488871481094,0.7061319616483119,67.51745655541622,101.25135475408939,7.721660818730217,425.0852089639212,54.837352494922655,225.57284163976837,159.3699639178952,58.784373828915435
3.298293528552178,0.7189597004454651,73.62494709915275,100.41502249465957,8.331507281095144,404.3317277917052,48.35061089034778,209.802193476497,150.50069939858483,68.26040596659028
5.156790688622025,0.3388016537881169,65.0662282833021,91.67865597259724,9.73824251675557,379.64139658965763,50.57419365162189,197.10188999207168,67.02769617612083,71.68391258548748
4.8234273189315875,0.3946889733726596,77.47262910260098,93.48267452644996,9.473369753873326,381.188479676016,43.578029331769734,199.39148691492318,79.18891054371942,81.00715684428319
5.447004409668665,0.23553051306334088,78.79777717984528,90.49064252017615,9.972352963021685,371.3297724820863,41.81746258467923,189.8894743252963,45.96583368520977,86.4841429953139
4.639868908887283,0.5818129876668114,83.94602415989254,92.98128518349523,9.29255613609851,378.9162652836668,40.33340087269322,197.79427589477686,114.12371350041984,85.18778014115632
3.376183203597728,0.6333255766913781,73.08144588148416,97.64230609654606,8.254471557014204,407.42929574695745,49.03974544787727,213.83937116404923,134.13596090727742,67.20884575123782
4.0672324189812326,0.23001487242774538,76.92310559350983,94.09870895220354,8.763660626685944,388.7121934309235,44.71908714913046,196.59880306441568,44.646681875184605,74.510274747428
4.313549889865621,0.40896021903676816,70.86981935590924,95.98532343579653,9.114407714258661,385.36856268829365,47.65295208491577,204.06793798802383,82.72007537290754,72.19307462512502
2.2745953571099338,0.23054921648373017,70.94737882590653,100.25481204778355,7.2779133475601725,422.70703597805584,52.21997822649348,213.6386936554153,48.428823858147375,57.80583310574924
3.9057393568635277,0.32024003795123246,67.06096004492524,96.11884966665716,8.730406326804474,400.91630289411097,52.025864025102145,207.8965543556386,68.02170689764843,66.00858452110933
4.4826228996541335,0.61020341204526,74.40519937316878,93.3683175349305,9.166206224375996,387.7149599009939,45.934961682495945,201.52807629632755,123.12153565047484,75.71914733348066
2.5856245640037114,0.35330358666434414,71.57620370921163,100.24280985369725,7.604344183004502,418.6108369700055,51.31531230139063,217.7985888439752,78.92141607163732,60.84759400300648
4.732211010989451,0.43983480879354026,77.17465204363182,94.53847958932785,9.460032096147037,383.38334720753295,43.97876426459902,202.31385289917992,88.98160438317046,80.63402427812069
4.04320473179939,0.17453765441053687,71.73386127649607,96.00963703072725,8.837084942469618,396.4590670537209,48.50609782309762,201.61957996505717,34.01833212127279,70.76991736018776
5.332776249941581,0.5373980419449329,76.81605825480536,90.56296619785911,9.860716687995629,370.60935903825094,42.68903316832372,193.93896468543377,103.41424529458183,83.64739675780885
2.148478043724121,0.49114533603107025,70.91127337443062,102.00871314096837,7.265306672124613,421.1532029936364,52.05123902137575,216.0306234877151,107.12688851291941,57.67645076985743
2.928641481444134,0.3542081499933676,71.8568728362354,99.13736983859187,7.894196513958095,409.27477658021024,49.99882873598336,207.79917532086907,72.47030972359195,63.3523473893204
4.105438577549384,0.4621971404635052,75.32833792287441,95.59612844091404,8.88728192237985,384.7889790562887,45.095098348697164,199.9232758454282,92.96184305211736,74.188541949268
3.0379596927207575,0.5360589761006889,73.84816634284996,99.5054544233075,8.022472157227808,410.7141380690579,48.9830792947425,216.31433863040152,115.60049035295808,65.9211633962979
4.500484574249348,0.3370263702181312,79.2064516843574,95.76476380871013,9.294178871318662,378.1231479876155,42.38742163241097,193.02056456878165,64.12319468140615,80.99914769209826
4.656518488826759,0.20474749119964414,74.98460701594293,92.16914467630819,9.268938498041038,382.1507723228827,44.96705765212187,198.56245696502438,42.04168464217427,77.05805388821042
2.3588058742326607,0.861114886537363,71.08114030346418,101.71632958837932,7.454427986241543,421.8410307506392,52.02702245821969,222.6169467941204,191.11020084359313,59.30153041970593
3.798490624723687,0.3733454590579455,73.6541515242323,96.45282865943948,8.626302334143908,403.23226866408237,48.20230213527144,207.67510009941032,76.70698455691874,70.69594936464506
3.7811169445686956,0.48064797936262216,70.96401974927747,97.52332951618298,8.66586893507888,402.94096639029556,49.767905254468474,209.1442358183944,100.44586126189819,68.78033643125313
3.292482695754394,0.7021679470040627,72.15142376707192,98.76016505940233,8.232104819220854,406.22379175248426,49.44817425249635,213.44134633083203,149.36343426606157,66.28737081802952
5.265237018993853,1.205811037514097,86.47407798815878,92.04396020001347,9.864893770762626,374.44001083648544,38.81249954857761,201.2195159483017,244.8476991943059,92.78018140805491
4.896272119556274,0.25110271002222684,71.3121327399882,93.13911653036511,9.547746317285128,370.4584780116978,45.56004934667165,187.75763345532053,48.20680788136649,75.9673500946598
4.4402328366837285,0.589965442745302,73.93499773462393,93.71359217138013,9.119239349198024,397.42731667102254,47.34941650055948,207.96241856129654,122.09994791844397,74.95922571455716
4.500143225072492,0.35848954294117874,73.46272855373854,95.21851110944068,9.245017076120112,389.17706562762527,46.62884527876999,199.7739057659699,71.14151905835823,75.5413782614935
3.6160065033459166,0.3922419390846578,73.1033497427931,97.98278116198182,8.50602616197689,401.1521532884446,48.27147816905339,207.73211104929774,79.46179777305828,69.25326451740244
5.223480823838015,0.355957595798642,74.61198044421364,92.45024094994675,9.836584336039529,368.96672269776366,43.606912491669036,191.33639710984517,68.24504755508616,81.3634497946142
4.431083995386499,0.274869006439883,76.71350130056881,95.50244615255299,9.20113285105431,383.101605628034,44.180156478760594,195.19368098825743,52.90563381364699,78.02028685962743
4.5514337157953575,0.4917417276430677,66.91084495199546,94.40412207523781,9.28726226166363,390.5371712638194,50.77790674482596,200.71985080192482,98.79033758775724,70.04958988261484
5.015918163255709,0.2050994625903529,81.20495915856687,93.629080351899,9.695796561295122,376.7624820283279,41.3094293889543,194.55436836378607,37.936722301113846,86.34038393883343
2.9592505626976684,0.689361513302374,76.71401467344819,99.94473468798746,7.958904965995885,413.47826166365695,47.68297987594662,214.3686288703328,147.75072606661865,67.59722183136465
4.82474816353346,0.511000587206675,69.57533986592448,92.9381345572132,9.47438808783924,379.03961862501313,47.63279921438631,195.9942036737424,101.8518244726205,73.84251997688078
2.683342110347722,0.584486994580288,61.874624167655256,100.60301948539627,7.729368893745959,416.01353389294263,57.88044650119443,215.07415201722804,125.76218588568592,54.61103404139797
3.2086968328571075,0.4067622776107554,68.96507546872152,98.75048607049122,8.140465281843216,410.58069039740957,51.99522547914776,212.88469460647033,85.81878105954742,63.068282573690446
3.1746365899444493,0.42655921315765033,72.59623160079772,98.473258877522,8.096074313017969,412.88929088817895,49.98887756571587,215.47707759041543,91.89326594556775,65.55905016288543
5.424839139361993,0.5575127810334656,89.41126646068827,92.3185740909292,10.039705850190712,363.4573006594348,36.56097679865715,189.7439552941975,105.72043146417153,97.14881503974912
4.997880283117744,0.2671898735188349,78.71374116461266,92.74445530149083,9.646468396750032,382.9925568335801,43.17172873173265,195.96368004024242,54.551344024994094,83.64004990892514
4.4540945155659095,0.42840191311733283,66.3069651727718,94.48645997618564,9.191858571312736,389.8057298155871,51.08389895116407,202.18643724653185,86.28421459357111,68.79360437496855
4.544698665653865,0.3280772972243092,72.00536087427992,94.40417407415262,9.269653207558434,385.8012482799544,47.045857022861625,201.42979179551955,64.88124836950652,74.43396788398728
3.967254780408999,0.32188623788179715,74.49464355512588,98.49849188195822,8.904508468247528,395.46477316896244,46.803531742335096,199.01353326828183,64.08117568551855,73.664419619817
5.314817334879817,0.07803235187487167,77.64619857334627,90.49275997704092,9.841231943696553,378.2130323846906,43.152246023332665,191.76544526872223,15.159441940489678,84.30108343434186
3.7369056350882657,0.767865317896,67.91054246055381,96.24479946781805,8.547419576003,395.14111519669575,50.71728455706185,209.84158686266687,161.69237277045696,65.30576638433958
3.331811984544631,0.3626922493692462,73.32322324156824,97.2342012401362,8.205309287417299,400.97446641484873,48.122774277749116,205.1859378974714,75.17511120520375,66.97747758886783
2.5706236792605686,0.73267521103271,69.49655272705998,100.81673773183962,7.616336742604887,418.3083368683581,52.619682554608346,220.7967500711103,163.72783153919707,59.41805329756842
4.751719782913703,0.7137584642788585,70.18327092648485,93.56539551446393,9.422634251977826,399.2687155127928,49.794515850925805,211.82239267223912,150.59436199193817,74.0663241200174
4.57055376226457,0.24280005869670124,76.78264274821225,93.63080381740114,9.26206816251587,382.738236837693,44.1030861376456,196.17744472426264,46.945345349841645,78.59656492625325
3.345242634834472,0.2823177528654308,77.88367702901547,97.85986933955793,8.236151175502165,403.5145909632977,45.914623125074094,210.30906298646292,57.519845592417916,70.83947288320864
2.0881769488573028,1.0121005918711368,76.71101872343685,102.80530457230195,7.225133942245159,427.9046733147617,49.348361905371625,229.38880871103527,232.82620283176948,61.405544534348856
4.936490647013038,0.8501851883854288,78.79572053208503,92.32059647559062,9.561450514474567,382.137346011742,43.0355588897623,203.8752611982331,172.44441298350915,82.97356535818545
2.0399629420892578,0.49369629733437914,69.9611078648058,103.10827036443388,7.194488138902503,428.9747196583014,53.6479209847355,221.53020671782684,110.26040708422533,56.47522315318714
4.462949228701678,0.5514746212834699,78.92828788175954,95.27106517693822,9.230392072908993,389.64258086431767,43.81536968106173,204.19936742570266,112.11913390382766,80.25268597076074
5.395899884041199,0.37383071941056223,78.02035205137088,91.65597478169644,9.98531801896673,363.1156428849875,41.253600380178455,187.1011657106803,71.6701213519388,85.81103478152505
3.5318146485187123,0.586470542840068,74.90788699298251,98.34345940791667,8.441158188121824,397.3832393166569,46.8016874980648,207.515096091059,120.2679841630522,70.17272736482307
2.822406917485835,0.35656361985550566,70.328422692474,100.99031051800495,7.875770949032904,420.16564669525053,52.30597497274349,215.46693736547036,77.85059664956432,62.07800149450614
4.467048535151836,0.09352924714032307,72.87607760547456,94.59159265506354,9.210122898957628,386.70182655257497,46.66024716968875,194.48463484441214,19.093844040171298,74.72834404572122
4.859948497054548,0.23568884269778978,76.20137287708823,92.8632674394746,9.493547197590882,373.3362538723037,43.309780507165684,188.98611397231386,45.06849492655147,79.98878139636265
3.9125061062724655,0.5042185495701175,86.89437966245445,95.68842617133981,8.701426503727768,384.6010284023768,39.692810846427825,200.700005521134,100.0794019835932,82.2400200991565
5.384623463396512,0.27378655289948245,77.96776055653277,90.84087534720364,9.91837255341089,366.39074068244554,41.65057043221912,186.73207350468178,51.655881540928156,85.20401554731508
2.180840525802864,0.48654450701729307,69.56106611971201,101.94810973354846,7.288459989318692,426.41700147653097,53.596189980023674,221.73402734916579,108.01034776635555,56.92564362392524
3.7667845940658484,0.28506779211342737,70.35819428803181,97.40159178206626,8.64698323900666,401.25395535328806,49.933172205818096,205.12452981620146,56.644140612596786,68.12134560369425
4.514588815628925,0.34352921549960125,72.95867351547369,94.47636518897413,9.23486385167514,384.473953560587,46.345238812054276,196.61676526012943,69.10187611361617,74.99306592880264
5.019241649022126,0.6706330612826383,86.90955721657187,92.990060518594,9.690840961473734,373.3443538300942,38.52502937308344,199.8613336443568,133.68800659802878,91.5374590283162
2.627394641677265,0.549496109528021,71.1565903402829,99.87584926924946,7.632253358231111,416.70696426579656,51.34604134039867,216.39129860472462,120.38739441503684,60.75747173953718
4.800012186172885,0.49806711573733053,80.29436729645889,94.34535693578776,9.524349322813634,383.51486763322833,42.473841848191206,200.47408658179774,99.7818886337699,84.02131982231232
3.9344747650149086,0.6757927946141302,72.8417284906611,95.8877540252424,8.73536857523809,408.91513757183554,49.36100984637631,213.19449489314553,145.05762956348545,70.92837203980719
3.3879378869648713,0.5961217186694695,75.371448170756,97.26220408196322,8.260887360155095,402.6706098681736,47.16689461127221,206.22605205186647,122.07630347183783,69.06022441786142
2.4610026000268275,0.7893126582502735,76.9119294900758,101.03511668804866,7.5028020103568185,421.57885205082806,48.50644261659923,221.49511756381403,175.04333498807938,63.89113197219161
5.028535156181194,0.408028147536972,73.17472793836781,94.38713974743584,9.749838219537596,377.7253985546515,45.41348170498913,190.70822407758075,77.95826538356872,79.34680597172999
2.550456228629004,0.4140730042944982,69.85498920359096,100.76322970660524,7.592449617813039,420.90248909360247,52.70835213821243,216.1886138775802,89.19426781516026,59.500632866775575
3.084257507231847,0.23977814672173092,81.99545748095487,98.9450215475118,8.02750722397441,409.9179272548363,44.55849652573319,211.49292985732222,49.84215995202309,72.22843976899341
3.015159361868529,0.41420385652551606,78.54115570872122,99.29325848895641,7.984470239010791,411.28823888119484,46.451645631804574,210.04660724432685,83.93531403986115,69.20558095041086
5.04994911966799,0.6929539788604892,80.01330053705523,92.20628177441687,9.672580151393174,372.18780890539,41.34809041383542,192.27612642041396,132.39274743441467,85.01012390000565
4.354460479731143,0.7599974744524268,79.16173404129195,94.13420746829999,9.056953162268483,393.778972001227,44.164570848169326,211.28996209942494,161.28034668628766,78.96538456416896
4.788384890169803,0.6920610336173336,78.0439393097591,93.35522335097059,9.455601814714619,380.6787192192379,43.23735650672348,199.76956558723046,136.85750249669425,81.36893052652412
2.876637645773746,0.14116162669011273,83.5408442408038,100.79224416635056,7.908044001132735,406.4987801818719,43.45682182805781,205.33533772695026,27.797336650671355,72.3085931000179
4.187059348624496,0.7166290425321469,75.24401272773517,95.59672373219722,8.949025645136249,403.13789462541797,47.29222401965273,213.89494288895335,151.84846531661418,74.70542992720597
4.0011109410031205,0.13229627534558586,77.68764496520834,95.10717946736908,8.76425923617678,393.05869040460306,44.824865642195796,199.56013486246363,26.609950666077292,75.17465047548416
4.914906318758948,0.6796234648244694,68.64332293954067,92.52235116039672,9.540766538830391,383.00205925469464,48.701154139829335,203.19640643893808,137.20363919881896,73.522100129904
5.171304711684412,0.42644309468578895,72.0807622210651,91.45921158902325,9.744741085307103,377.1500751283336,45.948656533253086,196.77254196354446,85.1326347213233,78.28189566674008
2.0425487001708538,0.6405066627867712,66.44696344102982,102.89343112398986,7.177352520188612,429.2246911650598,56.14672863967424,220.72771625915257,142.1121926328144,53.908543711843215
4.359069716705774,0.23351033042108682,81.60120157762768,95.80761732877964,9.147595547854394,386.65093193708117,42.210246730160286,193.99942544457684,45.5009940010151,81.85387983662356
2.1814252969190515,0.7342335265412293,59.85500959619912,102.24590522396662,7.304686496009204,425.7392666958782,60.946132447320295,226.22547557131523,166.40627838876935,50.20316441706721
3.9210053277707457,0.2070050507790222,72.69365627956128,96.20595745770608,8.731311414023844,399.2790261403139,48.284118045340364,201.1811105456589,40.8825579316345,70.73738268202322
3.0067145516528737,0.3663090178293644,58.63952444868033,100.89861492427048,8.051937135446952,406.7136773696267,59.25356864523646,207.5061822623267,75.24869319203923,54.35085482800843
3.073718098327494,0.30038107444619294,69.53202224058354,99.9429514491911,8.072940953565684,404.23802327616727,50.82707718072997,204.0990427104479,62.01851628938577,62.966886627903115
3.235354762083248,0.14914302943550017,71.42768096584057,99.13552335839385,8.179767108718876,416.9622081751288,51.20644518294057,209.90835375040194,32.21975980579062,65.33012818739488
4.174523571673635,0.5189055135176937,81.93378375497858,96.95567279138369,9.028556415883843,380.37445804672274,41.37482898131275,197.27217959875784,103.06788402936168,81.04415607554594
3.1691748798406922,0.8612178235673923,75.78614955191611,99.29973692439279,8.121609744911174,397.4535510208258,46.33073673277463,209.77012148855346,180.18718482141608,68.20013496398958
4.564446677065981,1.0333810444640017,71.31162839583433,92.43521491668704,9.176811267087544,381.7820424545844,46.952945105960204,204.28557140450076,210.7135150693881,73.06207660503965
3.415845849508544,0.5194311574172495,79.42883361806938,98.71067213302439,8.340887308469693,410.1110067293621,45.85892380983686,213.48429691029122,109.95863865271528,72.99974931081486
2.239236201084855,0.7233362550135045,72.7762447139506,100.88906653050809,7.281937277943955,416.2914478541771,50.29117342695999,217.38042921851425,158.00739942140618,59.10194698382951
4.743159448694375,0.5464189275857074,75.8796256319695,93.76054622443564,9.42766223288078,376.3158341766389,43.81898866086251,195.14157648814853,104.66759538999811,79.1579346947685
3.000154136074471,0.5997766389536425,67.5868274244294,98.12846566443595,7.906565168913187,407.54300323037955,52.52734475157292,208.39559450594626,122.7865729406656,60.198489746325514
3.514684078597419,0.4315702697745522,69.26755232480122,97.3251213965891,8.371887586829109,403.4845813480473,50.90160721687947,212.092245205704,89.52784810806531,65.08329393248704
4.3990535912766555,0.5390153850845204,71.15337780980437,94.3122848068438,9.124722784821909,386.8640886887364,47.6707315369439,203.4009231795854,107.49353765149684,72.52875502822434
3.1635965500204923,0.6074957409212858,74.02862222579554,98.31131678914286,8.0875026651649,406.2347152727486,48.34480258180891,211.2401816435397,129.68465156138728,66.58096031499858
2.1980497965135046,0.38430805422473374,73.02708839071957,102.02774411444977,7.297698867107076,434.1158562985963,52.28605081942389,221.02438709135373,85.72825750286279,59.453585769367336
3.3087236645448477,0.48450114002140243,81.69093171507404,99.24551655038147,8.266215824898042,396.00393422782184,43.188996645643044,205.2912618086982,98.26525378106342,74.0784864179228
5.305570039430062,0.4883139762005024,78.29195988700525,90.85934253226715,9.842743591109969,371.317405324413,42.05563063721991,192.95034512601873,94.114417331058,84.88511159711204
4.246070390544954,0.6652806634661049,61.5574560002934,95.57486633670109,9.021712257429902,396.63577868288826,55.42899382578133,205.7451661544064,138.34407101799584,63.41303687473857
4.350177020335224,0.2867935656744639,76.53342236376072,94.00186071714087,9.036267603904756,383.7602326660399,44.348209302623694,191.08094736029219,55.30098484682516,76.4696161421848
4.21298753773174,0.48969155827846966,67.80550326444043,95.1029439568252,8.95853866245088,396.13997535143926,50.914133156502274,204.36320923486335,102.18931465297999,68.35971380336366
2.6964724863580285,0.8824010938105395,68.40591236057195,100.82141771080886,7.746144575818321,415.7156910666382,53.020962138014674,217.9671128786782,192.22015268477816,59.610079457884126
3.4641685243579805,0.7328120305171875,70.09615487059793,97.07818743145222,8.321096020791352,407.4111629668831,50.86525859138807,215.04052183464646,156.9291225027503,65.36374249472297
4.628289294271614,0.7698358097777411,72.23725553556443,92.75161112372079,9.28221259531742,384.9208496217976,46.80614000491957,204.36412509088626,156.24571256217487,74.73762069458138
2.354805141436057,0.5048863680356068,65.95001920952176,102.15168452543692,7.45939741620621,414.1793878642356,54.53315116638054,212.7165640559681,107.42133810303068,55.633951806983575
2.9724847163139927,0.5641995127372046,74.58439167683824,100.49476781237354,7.993607974661601,416.82457739986137,49.27913639107019,215.80611285567787,122.6937681104706,66.26868528573713
2.9671168796304874,0.7004472333405851,66.50652883010179,99.5518389057034,7.940629835670221,424.9370833313252,55.54259091730379,226.50133354972755,158.751357466129,59.676573489857056
3.512066246580771,0.8120511059061861,75.99781753214616,97.34191781172194,8.375970492334687,401.1976922307737,46.6520783601055,214.3298697565216,173.68861276486916,70.51990484702742
5.431290593297648,0.10967941742342263,87.70240409726532,91.11502323360894,9.980442214846628,360.8204338048283,36.93055837660065,181.15090262234767,21.12504590066347,94.94053458876915
2.236258913393377,0.23691173859003084,66.03671540140172,102.21747773813549,7.349842682447024,434.1185237963773,57.093276781439506,225.19685663091107,53.88067092557206,54.92378864156137
3.8154534803320823,0.7618888202805296,73.15599265470239,96.84023485140672,8.657756263573903,407.0343921809784,48.94829334443173,212.55165357075384,161.82729209107757,70.55305241550802
2.6277763870427364,0.4446221288462393,60.53604485188894,98.78018656509944,7.561686570279326,423.7078735957079,60.069695499004304,216.89787928091442,95.6710055546697,52.46376474142585
5.397367908934104,0.36565584214838454,74.97216502587027,90.25392888579788,9.922575842354187,370.4662140664656,43.59853770392635,190.49691632404273,69.40186757360638,82.42375861082778
2.3965622665461246,0.24916780260087923,76.08946048301277,100.93584798273908,7.462320494907942,419.9182504202785,48.77696387737696,210.63462811839983,52.956114662671965,62.952103186054266
3.4126035082655695,0.38899665969117814,77.69832036670502,98.17658182387976,8.333098371515291,393.8859599767856,44.913740460453084,206.35854821301618,79.49243707746915,71.4881954449437
4.582597446921122,0.219526143315235,75.88593558772583,94.10961124267389,9.293659249185652,382.31681138773047,44.51448409701766,194.8176019210123,41.533903860875064,78.06574633909926
4.465940498096058,0.9182188545464954,79.80544572151015,94.87815264761103,9.217465827739248,392.30321459435714,43.68367769265388,208.3449924015764,190.8261490168721,80.92533250078097
3.4795502291287628,0.4955127896038853,86.90573295466848,98.02763959741769,8.39949636417791,396.40433623072164,40.9061800725614,206.53043386222862,102.2892617290959,79.4535978977096
3.212834587834514,0.48840989164745646,82.41692494258942,97.71449088626933,8.106162325305576,399.7098108774917,43.25071529114354,207.47316551005346,102.69523645168579,73.22170022952432
3.391643324935047,0.6176153350335664,71.45736734287387,99.28685205679538,8.350134069248824,406.8977997743964,49.95224042309944,212.10382774445,129.83853926442782,66.6830575532108
2.9249669210552374,0.6924690338533139,66.25444037293259,100.78015041904457,7.967897167273971,410.80428651287696,53.872834749528465,213.37214843059522,147.98035357187302,59.65148922505931
2.7186652854737994,0.6891776313109279,71.23164125969954,99.47811366882016,7.698833411575441,417.1984146462717,51.359101967726865,216.06444794174155,148.6292129696855,61.344464920632134
3.6906389414561147,0.7147243887815143,69.69385290166059,97.34892794040294,8.548138165735903,394.81545162188127,49.54151885579803,212.5021936375498,151.65255967640604,66.77553636764308
2.9398681462366256,0.3738308898418287,75.7845795148071,99.2341219799774,7.898724937049065,406.5285486471622,47.38946684199718,206.16626790098854,78.61068568767966,66.35859814919122
3.006115827140375,0.4404266390086278,67.70137129542096,99.58968579636912,7.996604035199386,416.6756670521619,53.625265565514816,218.3401641499131,96.24403679446368,60.99723792688002
4.29864622216095,0.6538063310884551,74.79426330364143,95.79738644615017,9.070280617117962,389.2560162331896,45.90593762685279,202.7455847876897,131.6427920227069,75.27109525501129
5.389880660949623,0.39452218767207603,80.6579270658211,92.83950109973308,10.019351430485871,363.46951362974005,40.09241391167563,189.2326547650318,75.54522765844065,88.62289762659603
4.112730201957813,0.498978673594555,74.43179687826348,96.20646645726174,8.921289454284617,392.3991678145268,46.47528328460198,204.61513019134327,102.91382694356052,73.73745485009478
2.269428134727382,0.5797527528849629,67.99174464793387,102.29294931654228,7.387612396509553,422.0153206669991,54.11025520355236,221.03478902736683,127.14435631004129,56.57178691989642
2.2645426484892344,0.6570370164620752,78.59152146611554,101.80224379564105,7.341078513821798,417.823020290267,47.16286766223739,220.231093936545,143.5070441625595,63.685402172137174
5.329981272959481,0.14446380752595972,67.00107280378225,91.49077344145076,9.903252052515358,380.95470181442147,49.47394730268085,189.42117677542512,27.77502414773288,74.74530196806431
3.0405177660756677,0.642949129977789,72.00964603990349,100.4460053333978,8.074355718136445,413.62341498725357,50.43594686239671,215.10325245834525,138.26748010474415,64.93012746303773
2.322234451288664,0.4532551884296549,72.57838122463973,101.83641241508201,7.414741586613507,422.5674515297185,51.17168019801687,215.34645767286864,97.13631654546585,60.05611558060939
4.096656055026335,0.6414915421728762,74.99553055802976,94.9528136863297,8.85368762877913,393.649721887454,46.31416726302967,206.82583619801534,133.73332313184792,73.66190454905464
4.182770724015931,0.6553863384709657,75.92180514920952,94.06455057353094,8.880077111479128,391.9877456240619,45.62145138167738,203.177979224847,132.56779116606666,74.66265645398913
4.269766870415408,0.8215830122238315,78.17591934354596,95.46625424747427,9.03498041422123,390.46507027402475,44.28250628754061,203.5941859662234,167.6910874798921,77.90744266586695
2.935907097501395,0.7706907295242407,73.34605132177491,99.92215565924731,7.940503618766611,407.85399880367936,48.93501159749891,215.01240567161614,166.8827121517706,64.85562033175253
2.0528873947506625,0.7693143325220593,70.6231734629824,102.29816757976285,7.171488429085367,432.6334856999429,53.66118289781582,223.43829973282746,171.5551555586758,56.76104819268349
5.377553793090652,0.7887340638332476,74.4151178284103,91.99937302474855,9.965666484250336,372.68845237308324,44.14949146083561,198.69271353348225,154.88661266458953,82.26202995228208
2.878125659918859,0.5582757969631892,70.39617178171086,99.5891386987739,7.849574185695927,413.5347658839493,51.43712153443895,212.626260849667,118.30102744775596,61.904081081921056
4.366092008183916,0.5064370174073679,79.17702703145503,94.61096269789647,9.112285955489314,383.64457992008903,43.0205617624781,197.73768572499458,100.33096752917716,79.41468662685752
4.473204544575483,0.6745634166356669,72.135203056108,94.33045278734745,9.180481631748163,391.74194085142756,47.69476744141264,201.4285897289334,136.8793636384161,73.85556767878415
4.1350259597782,0.6464161902866045,79.19588669677506,95.24664694706583,8.90670159459875,389.4351818485644,43.66066600946126,207.71403820619838,133.74855655606106,77.66527607153579
3.0951758797477686,0.43818675265234797,73.80920646699667,99.35557647348247,8.058172836449556,405.818395205061,48.421696411702534,206.55616911835955,92.23327043274638,66.16840388341335
2.94883688817423,0.5809646817616536,70.93233023152843,100.6002830081366,7.978819280013389,410.1278334722492,50.6754015730141,213.0503844934536,122.47592644770347,63.32482700409977
4.091838989459461,0.49298070664308113,78.00224286607202,94.76457801839715,8.833013816588752,395.98484976624195,44.997131535485906,201.8036582978447,99.64945373537769,76.04256031588832
5.03133471764092,0.3292134183079888,72.40033203755351,92.781144599036,9.649382135487723,369.9994584689939,44.9026659626042,188.26659489235524,61.740726224008405,77.77905901150604
5.313568051231885,0.75809214827527,79.56720186511933,91.54023875637355,9.875952815696289,368.87701841212413,41.18438566023553,199.3135349922395,152.44511681574505,86.35925287557048
2.3706703154131517,0.5110398485060178,73.9084349844547,101.82566495968973,7.462816893585511,426.53320148288674,50.833173275357645,221.52715193956433,111.73555498638261,61.4112349400556
2.5419001440920193,0.9097416515397702,70.06865672745081,101.8008251515772,7.624698326033041,418.6374869278426,52.28481456268973,221.5176062443967,201.94942770804985,59.90420670485814
5.306576905740779,0.17490154596003343,79.01106636356172,91.466418770081,9.889863657197576,371.96238397201296,41.78833027937776,188.53636821609606,32.7310706387906,85.97337729867773
4.577873299171774,0.38864424543132675,78.22639658744933,94.36162686242336,9.279893433484261,388.545417518021,44.039588212457225,198.98125432710717,78.86206039262348,80.05535156377421
5.090478386904206,0.5065277673381743,81.89617209333484,92.7560173494922,9.733931804941395,377.024543330824,41.027230486586205,195.92534701582943,98.41306990766252,87.32269890452909
2.709214219473701,0.7274762195257828,78.08179212541492,100.11425807153756,7.701164910846535,412.5436910677037,46.8364324922346,218.67172626480453,159.49379900279123,66.41521602509664
4.056550548882907,0.5798938745204371,77.3242307622909,96.04141984756086,8.855100491319506,391.31633010767433,44.81188402024332,203.69437719182966,117.2829300673596,75.63857067014833
4.453988580461157,0.5620945508361503,69.70683154050958,94.21040988261744,9.15386529694965,393.56378095344826,49.37641772316924,205.6532916871166,115.78465679626846,71.51421239206402
4.380391599064405,0.27454724148917053,87.49940485974757,94.56248397949867,9.12754009684405,387.1467835556394,39.70760479128546,198.16459139545375,54.036177055719676,86.80682168322477
3.4285309180334433,0.26861172055410576,67.09615604628108,97.74249266970028,8.302260629888757,406.6760743571377,52.74920245219601,206.71492169228492,55.14082102471446,62.81638809907646
2.05388212091958,0.5645009320579809,77.21097441651503,103.18827690005898,7.212075368968839,424.606374592555,48.68726412396877,219.29884929780712,121.80696952308418,61.63135020003838
4.040241198814921,0.22717880123632833,77.0047085230094,95.92447157136237,8.819196415902837,394.1526067454088,45.30244551548271,199.4336186780404,45.72167448185834,75.07398838287106
2.8858553871286308,0.3936244499421343,67.59231460214879,100.21514137250314,7.9126081569744935,421.54541446973707,54.32824328429855,218.07544448707068,84.75758774515779,60.28609417308238
3.5758898615001162,0.6001834658171715,73.66956313940764,97.47037159443299,8.453421265383538,406.801580039856,48.62001960761474,213.96837541713646,127.30360151807476,69.30398566333517
5.351533552793361,0.3035351455446448,76.02807583212883,89.98633575524697,9.852220071451695,376.0113017571097,43.70797534642535,190.2830893991876,56.202321829908286,82.86096754681769
3.3966236117485216,0.8210711924723613,80.60386191315085,98.13691209175994,8.318212345729435,396.00086193983145,43.706841361731534,209.7945201882251,171.2001875067139,73.68042917760324
4.9393056233254935,0.7447872688475781,72.36061224658954,92.76326068248623,9.578942881864032,378.10273043134225,45.90819812015167,198.71733051018012,148.50261762968773,77.21090562894021
2.659892120122379,0.18571600033233993,71.88214551202508,100.88445432929444,7.706310550148512,416.0094974237702,50.805886292106955,212.39039357630247,39.89546769248881,61.882898033678174
4.353611743087601,0.31352575136360256,63.543986066598805,94.28737554424481,9.069297773180493,400.28887527276794,54.42849873683493,203.9049178272782,64.59315352907227,65.4958926882806
5.419524340536302,0.04284455110100999,85.17724317426145,90.07528903479053,9.928925135530262,366.156278063792,38.470990107728895,188.1226549335539,7.033049809713508,92.10658924129471
2.3566258530552786,0.3434817274903733,67.47560980856598,102.25149483022196,7.464276180727165,429.99144657741834,55.50023389811086,220.58374398085886,75.98126706441236,56.80640045476974
2.029119797795172,0.6532776953144799,74.06949807855008,102.67919546248956,7.160936697846017,424.29997345900415,50.470144720331355,224.31314506766572,145.92339090554313,59.0319935439675
3.5175397742141503,0.4172210115450286,73.71400858044765,97.82560602839848,8.41692342191865,399.72150834114416,47.7484611141299,204.08984769014077,86.10530238768968,69.0160314583969
2.3241891906797854,0.5921594487231935,72.29902219489904,101.64016976871012,7.408971408630871,425.3082334784887,51.67840663662826,221.559952768264,131.6248334452363,59.81761300096748
4.61934522386681,0.19553313634365116,79.59252419299455,93.82744225584729,9.309574897518152,389.8122259002979,43.509459010284054,199.07145619204417,38.26854785901454,81.53291892738125
5.200920323469957,0.659595050916381,84.59741668968212,91.43735058950651,9.758782629034975,369.92649509708826,39.105348543565114,192.79057282864625,128.20428323642741,90.01373595972612
3.5190734044806558,0.38897815441433004,75.48035643508673,96.90877621299465,8.379492717975756,389.4041637571442,45.55481282449441,200.5774396184082,78.52758662056146,70.08962460774033
2.9054907475440435,0.5024339364565811,76.76197898520549,100.20976771221078,7.909364592055075,403.2869995531218,46.48199640788388,211.2837268878107,104.76911178254608,67.17796546086191
3.520411616523134,0.48142509972138947,75.86895162346298,97.19606327158813,8.390087152486734,403.3404840817024,46.97163252328481,208.23671852082506,98.57886079821154,70.54297791364702
4.532067362475003,0.24569029582154323,80.52613795462314,94.26892541605334,9.247271169794551,375.4701412883509,41.47643429531457,189.71692007235333,45.26392039440194,81.74118826724226
2.0316895655312983,0.2693831336520435,70.12344558120593,103.21745469816213,7.179627795212107,424.03025173129345,52.922118944764364,219.66179178137241,60.82236353021544,56.458823223533194
4.06308896319644,0.6935588938006852,80.25265952791779,95.30973845633,8.841098640788246,391.1386731262592,43.33818805697006,203.62922936684728,140.2134004391202,77.99361550122408
4.146520897105827,0.5797984315003392,80.52832440476391,94.52406835263122,8.875269721201384,378.0364395853344,41.758912701740094,198.02697752193546,116.69187116965291,78.46727509574757
4.231908864135774,0.7100098083106854,80.49097568037749,97.12918746660723,9.101721691033507,383.87054696055156,42.42086507238223,201.16886792826247,141.7645507727688,80.46552914124291
2.84707727993307,0.5649316471005037,70.1157533992373,99.6130120194779,7.825903793899606,409.6115799730116,51.127470265655774,211.40609621529825,118.25612908671866,61.49503901492805
4.499184531823444,0.5285981269618433,74.55733326700218,94.75158786549888,9.243804437398058,377.8050793557343,44.68034465594596,198.3148257477013,105.7087979200625,76.4520560281167
2.3198702021612174,0.15479787626664665,73.98117918649564,103.43202513209184,7.473846187652359,416.9196823762643,49.6444187155812,210.37073750880677,33.4904667059139,61.526889985340325
2.697446177633803,0.44592666064776604,66.38272518901553,101.1908645757648,7.751987247786106,413.06112034332455,54.07781920861946,214.03123301221817,95.99805818509597,58.13673423287222
5.071145163290687,0.4945231359192512,84.0599752363789,92.01063768142055,9.658947114039403,375.54446871462187,39.92606502083951,190.67978995384934,94.97167797819334,88.63212626079512
4.585531027542983,0.8906214396545149,75.44125456554069,93.89694829357147,9.276630603721172,390.2735200327747,45.677409820030405,209.50232117512917,185.78563712059776,77.56264312259277
2.0481094390397083,0.6373913264197355,73.87737076487126,102.16553118756994,7.1611041158132664,425.4048351197309,50.71747376443694,220.8220956325288,141.58309163348386,58.90404333240223
2.869316911294301,0.8072122363419056,70.55815809491715,100.66274795203614,7.896408508019567,410.8679377064076,51.00264795308564,213.78444849601584,172.80941943730852,62.38876685480053
2.750422690476076,0.6195075411789457,66.66611943173618,100.82653714978068,7.800387968901497,415.2547678434861,54.1640519856011,220.6894761490016,136.35351934355364,58.71846208760725
2.9478221481294042,0.3577393546101041,70.51723715038143,99.27108182693769,7.902810113040789,408.1959673393393,50.69671809241974,210.66610104181046,75.45817492270902,62.40038706180092
2.866459195979602,0.5234248432299703,74.53577197334346,99.13365296839264,7.8319942105357345,407.10209752184954,48.157376222958064,211.8569762347335,111.95185039099022,64.86150229879406
2.2188420350999603,0.5472447292528466,76.02975450588842,101.17706588701918,7.2907929011096595,415.54446791098474,48.30241238018902,218.4797425937648,119.95373818591426,61.45031268202587
3.606291808088871,0.3121688860458637,75.13650787272024,98.16718987473232,8.524786563176399,392.802060795793,46.13791082235076,201.57870225136153,60.76879683967802,71.03738098363569
4.564567161751578,0.42312252468141576,77.21110067531164,94.12031343703393,9.267140943084977,391.93269590373893,44.94068907155648,200.71595780180348,85.81867068023948,79.06053667340338
4.123561036511028,0.4588466012645656,73.26314137040634,95.7395240012776,8.889282700595466,389.4569842631109,46.77423621702711,201.26125592955916,93.16268196297867,72.46569504762215
4.355050840093279,0.8211239665130237,77.70730383933908,94.09896315898364,9.065820668009833,372.8925227452489,42.51556101055253,197.40638844393573,161.71605201445468,77.6866174109628
2.284022124876837,0.08385189492180434,80.15499088178174,100.83512008028755,7.324525781744062,418.512203320001,46.42141263912797,209.51317429817814,17.684824969203632,64.6417568055018
5.330217485618755,0.7411636841432087,79.92020819493744,92.11432966010366,9.926150039222666,361.5568432537676,40.20863057500387,189.38046955731346,140.47466627302853,87.09019018024652
4.934721418450587,0.31264095300812345,79.9693751434054,92.76210626502073,9.567263941052921,376.96439582156523,41.89919016562116,191.23177105430383,57.80742357187206,84.06960264939167
4.8178161147348195,0.22558416254607716,77.25146133421494,93.86343132647423,9.52533193422298,378.3510085056694,43.36328615246955,194.3484377563632,43.44025926431349,81.23651911804792
4.880443317646186,0.7359884260076928,68.3407566331774,92.60970188702589,9.49955500999138,382.9520253353617,48.88286018585389,203.17998993540274,149.17514391086902,72.92833284432501
5.264486778464665,0.6463796138468763,71.09405148100137,91.38484200094419,9.838411970268085,374.59050960851187,46.19210691381852,195.98492290689606,126.52193191951599,78.0930540018351
3.904888881397942,0.750903740476238,76.96024566099675,96.90352745640371,8.752244835974503,392.3074534930125,45.11342516468643,205.36121912472353,153.6806598256476,74.45924634065021
2.7009870625366905,0.6601403895091154,73.1864892152436,101.132423744842,7.754034373132159,408.3652362435595,49.09033186710422,213.2739300068006,141.45357699605253,63.21535435272915
4.158742627483894,0.9119690003474804,77.18970558534481,96.08245330195514,8.969310619454783,389.3646350169093,44.65717969832843,204.9941529077327,186.13918380577888,76.49032153918081
4.600085227837786,0.611744767388897,83.90221936262571,93.66354070008559,9.299584715431054,385.5420408920071,41.0578198799695,202.20045315568572,124.60514634767809,85.24885219604502
4.582710876739089,0.4687045247753683,79.12943304823358,94.45214972153387,9.30235864777692,391.36941924414424,43.91023322591421,204.60622045768778,96.51560340910189,81.06523703111064
3.82507158458408,0.5685852754642685,80.884516930215,97.49952902633709,8.697616226420163,392.5039120629807,43.18710439583036,209.51468048357242,120.48738070436181,77.25892975269308
2.239605517667523,0.7486938256691927,73.16093356855468,102.07756307881844,7.349704320658347,423.0934904329928,50.87647195352981,220.57063515640604,166.87367169967044,59.94262789233882
3.2988952845054476,0.3441249349479766,69.92259595398434,98.04307581321169,8.210231503380383,410.328467446243,51.34073318670614,212.13371263924236,74.74095188366759,64.36462588599333
5.222683129621751,0.36962228349372384,75.97788895947438,92.79480712897728,9.861146413999128,379.85212393358825,44.18021057863275,194.05597332780422,70.54179402265213,82.90748010699093
4.045571184150991,0.4382079970804185,70.83092635238549,95.3169442686305,8.80836466022158,393.06885320209153,48.62852263853725,200.85063397715004,88.3585398630543,69.76419227298551
3.8841618013949972,0.07908344024693353,82.45246894553624,96.9090148928091,8.707436080828256,396.33354738997207,42.86889813872382,197.09522904097807,14.86918251250446,78.66732872280187
2.940987300337677,0.5276156816835094,77.48114014308257,99.65980660040225,7.916197541234125,406.56949679046255,46.475102647894715,211.48045507333785,114.86070405594705,67.79310146422988
3.2895712197080265,0.12277425920979473,76.55004794679103,97.01324823783426,8.128840514879064,408.4524154750298,47.19262729075978,204.20623437827527,25.685340510799257,68.89527983775739
5.133711312036093,0.5106118625865238,82.34016958558382,92.93488566185654,9.787301845092038,376.1709161470176,40.73751627652907,194.53094446971969,100.74611987609299,88.21076647883947
4.332620666343924,0.67305795122705,65.09886272699659,92.62954476415837,8.961658875065833,388.2729743751457,51.7015784628612,203.35155379450407,137.30274967926465,66.02401765270248
4.755854593633165,0.40462470787123284,78.64771526907309,91.76720646887784,9.341384701021667,379.08749626184635,42.76336904016073,194.13318306919385,75.91563940178199,80.91703668150714
3.5902089807367927,0.8354231740373742,67.75502185536229,97.85613263100576,8.482925049650852,408.01340574831306,52.47421915812565,214.91288137931883,178.759636471812,64.72552932434517
4.205865268096552,0.20789982011630243,75.01075982938755,95.70112852060456,8.982219929425526,393.43210363230844,46.2802713941044,194.97622959286178,39.84994011862454,74.7435151686246
2.8693426306012264,0.7382521363263665,71.8846731943854,99.44723690659367,7.857236947797798,419.2811224678641,51.203858562460866,220.88824985905129,162.68108707027324,63.10627638811339
4.469112905992202,0.6350274112813842,78.67161854767538,94.47636250126989,9.205912970172662,388.65529140974695,43.83085566446288,203.98839985321115,129.89779379047002,79.80946906064574
3.4966046679616807,0.15679335033786218,75.3368620463588,95.73673962551172,8.299622717067743,402.16728320051806,47.127029698144135,201.84085215585594,32.14863616898013,69.35472105067704
3.5489093018516096,1.0421588598081066,80.98427703028088,98.14439781509584,8.46296336491879,409.3429726314853,44.990517701783794,221.02463775364097,227.7154480311177,75.32540954486473
4.272628136019086,0.4872509428992068,72.11766795855984,95.24558191357607,9.034612450547671,391.1452337593896,47.632287117162,205.67519608731428,99.97851366034706,72.66459811732545
5.276982175141243,0.32450319556887364,79.87795055833591,91.4940481043386,9.867831873388244,355.4136375631798,39.54403002686361,182.62152638079158,58.775392768846565,86.50255089735856
2.2240222131301732,0.21858256104319662,73.47994274025037,102.2325954397546,7.328842316758775,422.61944470683784,50.625267679187,217.24897632737932,48.86787595335386,59.99603313439605
4.886601330714527,0.45599639446806517,67.68747024649967,93.29149868345358,9.542464175096876,379.729872114466,48.87916557323802,201.1811458151082,92.33012173072386,72.64673855752271
3.023340886442676,0.4745186255220081,69.03492677111605,99.39518567865234,7.9870850552275945,416.62057402383806,52.7134763128667,220.4891157729897,104.44311463675817,61.950634904057374
3.5537180907723225,0.5205291057079329,73.51507154131595,96.0627422801119,8.36208391744706,401.09636645854175,48.026824267295794,205.97964764186986,107.44208260492032,68.41155888505654
2.0766966507125315,0.440440768755208,78.05349823031368,104.48862751012416,7.293506974284862,428.403311201273,48.652616853533374,218.4421411191273,94.52380152532334,62.92845646524798
3.0536612724200953,0.6266450620230187,75.9830088146897,100.27282620207242,8.065748852641535,411.0823162833269,47.80971519260162,214.0519740785573,134.79596461743893,67.93087621634078
3.759209349205457,0.42247403346735074,68.67354709964297,95.81481154821704,8.533931373677461,396.85150137924325,50.44281286524631,205.02029159415156,86.22021061184083,65.83433699830427
2.1966162707160364,0.11300717655190579,71.93435838462344,102.0357332681126,7.303213910775949,424.4601117525745,51.80489847251097,217.098467524253,23.726306075899686,58.70521641727358
3.718835052841078,0.4701277008700718,84.55163430737444,96.7952499629314,8.543426517315817,391.4331487093569,41.39887708729192,204.02297230991144,97.23108273657323,78.87426677727476
5.244887201004495,0.026504469325344338,76.84998131540968,92.50597444969144,9.860864312940414,372.96651444929626,42.943764500628774,184.47425000518328,5.162972923255875,83.69269756582227
2.3688762633773184,0.5707541261782779,71.2060236406908,99.98151792992357,7.3801238312224635,420.00765958309876,51.72124440441643,217.34182686727488,123.38331354544135,58.79429768401935
4.675542548264265,0.30413995394347293,78.06934926169822,93.23639446953123,9.349165454910688,382.16112734965225,43.39320439555648,195.5586625680472,58.87280948044356,80.48275988801385
3.433848686815974,0.53267207098316,77.93758382208902,96.57302044147409,8.266242839785143,402.1385809205094,45.73000114878029,206.08105156871113,110.13952686913325,71.13578179790574
4.293108000835183,0.7628149963049209,72.87088786360192,94.74604558441419,9.033166915873245,389.42719026369525,46.99203789208311,206.18315699150327,157.56777543508446,73.29884217756434
2.910828092948303,0.31025026094639996,76.00586758339514,99.43410096021302,7.8772235444874115,422.3078839758842,49.10221777210672,213.4308247200196,66.24639411481587,66.39653401789151
2.558222918894754,0.7122512517024235,71.42542001931966,101.10997503777453,7.605992634146059,417.5075531758149,51.27484182172516,216.13610309632907,152.7398535798485,60.747374138124044
2.5616191499492924,0.4133220866627694,76.67058098908635,100.55043345597014,7.585518405770226,407.94923405087496,47.06893958657602,208.2804777664398,85.03145766143417,64.37642373906175
2.246721809751006,0.850638960413117,73.54453196155762,101.53565495275906,7.308368015644336,429.49395762616194,51.40898483024482,228.32860532906238,193.47689349152427,59.892400377427485
2.649763467154351,0.42696947736035734,75.58955529584968,101.22155321837029,7.713365613622402,420.5366451182221,49.134107972005594,217.48109614148945,92.66164352453664,64.70151816672
4.3247678474613895,0.3319014028986617,71.39380368611616,95.2270507266392,9.086608695041434,379.81560375574077,46.66394572496534,195.0796307547252,64.70589206133836,72.40768079743016
5.085917141452278,0.6374476900790577,71.99666864937844,92.64040867913963,9.708603362742156,373.5247671793652,45.55365154852504,198.3073262619502,126.25057602569933,77.89730107261504
4.849439899569067,0.4128420540752728,80.54681440277986,92.88544027911558,9.50939873271326,379.7723523688555,41.94209977167304,197.84997346398367,81.56654448253876,84.09944426420921
4.397970084560694,0.3317100971741983,74.88058219454537,94.14971383825741,9.111524913576435,390.43828515673846,45.9985399560359,200.60355672012275,68.42347089104278,75.69358890185703
2.3865115219388593,0.40443202985924176,74.28898753682344,101.55212768759738,7.471036324358817,420.8400596808307,49.928237600075306,216.6192739883554,88.45702277233899,61.73611184644979
3.0121560620358245,0.4910786935633997,72.08261013901038,99.85838343892937,8.000201834721901,411.2520461446243,50.10221354415405,213.2512968862033,105.91138503212565,64.38271741901359
3.0843240636286415,0.7684360262489709,78.19482274642259,97.46344201652228,7.9574828636744925,404.8794742625252,45.90739701656106,213.670987165123,164.65674829342595,68.68472102939522
2.8748493123916745,0.11318245090808454,70.41076927472173,100.25331695092584,7.8937888866398405,401.9606709900361,49.98841257403542,198.32938680538396,22.519808758047127,62.22968155598568
3.802519808984031,0.5046161317900841,73.88501757127642,96.93849121842372,8.650972193576221,407.67408569088263,48.59915363842956,213.6772545119322,108.23494786295075,71.10559194342538
3.874438352078854,0.6249807189308086,78.57929008601027,96.4891864925926,8.714916684556183,389.42661388593865,43.96361875420387,204.88306339071883,128.27378442729335,75.47925609184827
3.2491009130988857,0.5386897149983593,79.76375959154,98.50869606665655,8.172497840737545,405.5270677989555,45.17714828838067,208.411224732799,113.07696146238206,71.77076127027793
3.2382620555775263,0.7619730338867068,71.26711801155962,96.61318729673272,8.063875815091802,409.42139651524343,50.37971156513836,218.99592700446718,165.8938504417772,64.25733420777898
4.899944592671284,0.48513093404829516,85.67835342098495,92.49831131517017,9.531202687194506,379.5905926490836,39.67361258600304,195.89230059884068,95.75816185700143,88.95091059444627
4.7625249691189,0.463089711562811,77.28123843141076,94.76271357694574,9.488014175243322,379.9017071899801,43.52615911706187,196.68166126311493,91.24831245280768,80.95269959264158
3.0772854108826095,0.6184659094026687,68.47810118401544,99.23982209836551,8.048519485123967,412.4055745893745,52.550401751230694,217.52692712686377,132.72590176743472,61.98374231207412
5.198259553556408,0.5198627629902699,78.08317170721752,91.5602596916128,9.763265420131129,360.3298316744458,40.90790836553408,188.40313599885613,98.02949652302802,83.94586899311966
5.3348525595087715,0.4219182523439058,74.48682699899322,91.3415409981914,9.908315456078927,367.8722647161129,43.54196716613545,192.93565782704684,80.09685776432022,81.83281247444886
3.143598897105143,0.603228807917276,75.94266111244205,99.2812221550344,8.101177269315137,411.32255540171536,47.86011395010988,214.00550682153124,128.55928909429872,68.19871397720101
3.240487320775692,0.3694943413566709,73.67430354662913,99.18535057303664,8.204520690897358,409.71320588876085,48.96523646120821,213.78136448729114,78.8318138058071,67.27678508352531
3.769719536976856,0.3777645695961346,74.89503189532296,96.62287749005465,8.609936840940199,393.08498630498076,46.30247230363978,200.65335589676735,74.29262675952066,71.54883752127488
5.293922843867858,0.39440119564687726,71.7947405297107,91.81120572837746,9.886017342241772,365.6716140296747,44.70600574823634,191.38706960815972,75.4295479019041,79.09323640695504
5.067118015998091,0.7706138320332815,81.03084777277951,93.60640758621577,9.735442185792472,373.5117137086534,41.03133419574092,193.78484589702714,149.40175076375752,86.5140677569863
2.358987869042564,-0.1442032711971427,67.05014860709592,102.54854309789721,7.477447271492353,409.0971248833354,53.09491704804573,200.18512927104229,-28.112276754110297,56.54879140525041
3.3745576014499568,0.5791197669525885,68.50564464471498,100.06128856761073,8.370335438420156,399.44766211202204,50.88139380547243,209.00655983727847,120.58606487424275,64.44527944848055
3.9367991641242015,0.5068543628400445,76.56096074268648,95.69578663888392,8.70263842713242,404.12365253605356,46.68659509653119,208.86375085834123,106.13797836600583,73.75116677452189
3.76096365393039,0.1638259081523759,82.52737762060632,98.17757881724525,8.681117373379971,400.5920381285269,43.29443332665175,202.60391044674395,33.09635687504666,78.51068950785739
2.6785207377791243,0.5619453558272004,71.4512594000129,99.99263850583499,7.679253738928437,420.27066825525185,51.59781093024883,218.64781630535535,122.44985419835162,61.359304569556684
5.005858699088542,0.5951503983663065,79.51189205242608,92.76234747058248,9.632620892165775,377.0795069081203,42.12619108612621,195.08520421330064,114.43445970777775,84.22408389827025
4.36929274048893,0.61792784627148,80.60985217290444,95.29345663167922,9.148522320647476,375.0347587952667,41.390064082613684,194.55443786196042,120.1090044632702,80.93910533304367
4.932679311981312,-0.030365612608989845,79.99263736084791,92.32700065454183,9.542016063707024,373.4592875982748,41.49887130219294,186.7384037076194,-4.925913528804221,83.85056854955675
5.005674977723153,0.7732778823708877,74.45076852739938,92.55050899994838,9.635706152611322,376.02972654698493,44.52650142846066,198.28136560541222,152.39287771837581,79.5868743691436
4.619245487830089,0.3524526590630318,70.08786099942573,94.56100967455616,9.339043266105936,381.5869215306051,47.64603733558838,198.76231836917034,69.8365237694487,73.25687692443137
3.537237104374011,0.6373135493506352,63.20694669689204,97.05145341604144,8.369627173642792,405.57346117384805,55.40095297965301,211.96253951631797,135.01611106209126,60.18512954512638
4.136913642553986,0.6482147561364572,73.65009387375281,96.85630901869916,8.966084687900432,397.71439081422164,47.54500233011859,210.01791923537135,137.23915493322417,73.45639588989448
2.5612789214191007,0.3246605828761414,78.9639715485138,99.92784647525126,7.553186340873,414.6415692567778,46.607807861934944,213.07639671014525,69.20761497691974,65.78469326609213
4.357758961162177,0.6320919904703101,69.60848082958495,96.29959679011509,9.181721769379994,386.8174763777823,48.589983422222154,201.68779593160045,127.77332775928812,71.6203192365448
2.6273863950874827,0.42290135181752836,76.65391291169881,101.60520852503348,7.71111215280735,418.8138482125922,48.33178723727889,211.78978680965426,89.55753109588538,65.46530615610169
4.428823566785549,0.08572456413236851,70.5638256298833,94.42733705518836,9.151592470806678,381.6452417388991,47.3717873692106,194.47837206667717,16.179267853615013,72.20452066735159
2.8035935626388904,0.7335483851055558,73.89467515710086,99.8652879617745,7.776757684500167,410.7059533529621,48.95494887892176,214.3983842996701,156.13711465470584,63.936822086415766
2.41142955052577,0.34499100739675204,76.43267353140602,101.15437396292698,7.48184911014892,416.101335445675,48.14167125056951,212.41801672283128,72.99723348102506,63.35167948322313
2.5784957155003507,0.32910130745238914,69.79671767440828,100.86662848354317,7.6240639366424645,419.8779949301461,52.61845438848241,214.57383219372574,71.0098880244839,59.70288989949526
2.006972473266746,0.41938682639265557,73.26079037140467,102.93679965432733,7.152618279284192,425.9185079282859,51.154751958079494,219.14803322382545,92.03087453193197,58.411408182747046
4.515588662487356,0.5544473450654777,73.34324971135818,95.19962067860193,9.286893927517342,383.35811701837423,45.99750049896716,201.91968601024732,113.43335075455064,75.75309604136635
4.563403671704327,0.48854591783557955,79.00182770073607,95.60301042934253,9.356029160407136,377.9544157760504,42.46591621094592,196.31704477140545,96.85574286123202,81.3546070936121
3.802266724696408,0.6096133849414341,75.73930591205887,96.85157040008578,8.65639114717679,391.22230339056694,45.62928276930956,204.50064428888632,125.90688788817363,72.62760828646476
2.564769803693843,0.23210212669426822,73.36026213657894,100.34680289668002,7.579639083560812,422.10882809520507,50.636696343830394,216.57285786110657,48.234744284167014,61.9604428145942
2.292440181287414,0.35152272591385303,80.54267801825479,101.5398785329851,7.359399342328827,418.90592135131027,46.26612891512358,215.9271063081365,77.48261926051043,65.22421092758584
2.0669513825305046,0.47680058553569327,75.79187237087812,102.61919753345421,7.2078004883746365,428.6223361848929,49.96071589765045,219.99203598352054,105.15914316545904,60.623643715809465
2.5801186193782724,0.8795774585317411,69.64438301262248,100.14548714793864,7.5737424323445,415.1092614956553,52.12034368197271,218.4539818708461,192.55612364251965,59.18505811391765
5.1179943724410135,0.4772374923172484,75.71227374294041,91.14386657477054,9.694660268566183,372.49567434275195,43.45884878283632,191.7590000057349,92.41061163766132,81.22610263488387
2.8453789459558863,0.7170444527323263,73.03496080974875,101.71887545905281,7.931602714360473,411.04804624965715,49.503009604768536,216.18125041543703,155.03288370354065,64.55595072216275
3.2399496452602548,0.5077110337568636,74.28953743743836,98.90226706234611,8.174454155820564,406.1557667245323,48.18578664356659,208.20144131827826,104.6357884538687,67.50124216313829
2.368709195684666,0.4032682725124863,85.46499741785907,101.0430113081594,7.40854107555107,421.4150231514961,44.14340696066055,216.93804175776026,88.93163697502327,69.1589474315228
2.778264566618596,0.4506551151771119,75.1881769434973,100.92935687312108,7.81195636203409,411.53305553395745,48.308705538670544,212.26795787505472,94.89141894446922,65.19899957309865
3.8172859977307176,0.4663160575942238,64.40123034675298,95.69682210809701,8.603530732202778,405.9026044312976,54.555899484397706,204.86100501494104,94.5442588338753,62.85913042388168
4.127134390834784,0.6207291477921477,72.23856641041691,94.67821999378141,8.860981467323258,395.75966413216656,48.123366129353734,204.37841891043092,126.62934088237252,71.38800383008974
2.858733099581739,0.7749222535153109,63.76861928201904,99.3520002306125,7.813973889377272,417.6788114492322,56.62012052203892,214.69173903997745,165.98340229343384,56.64221624739747
2.2020625572879102,0.5719361695372642,70.9934837835163,103.61639167418434,7.379317583131568,419.2597608414795,51.76462861655628,217.52111684171007,124.41200119414349,58.634941744028296
3.3686150419458953,0.7374155357483511,64.10578690170293,98.00754330056667,8.255312853113315,413.0358045043691,55.73597174701583,219.72716257910182,161.93201503209454,60.09837640438863
2.8197117982421696,0.3070420524740629,69.02570180254847,98.17764311663042,7.734486972133133,413.06829249974976,52.27012011001576,207.35846112612984,65.01489726959933,59.97492253335277
2.7684387313043066,0.4170738982371939,65.71851882939457,101.2785171869754,7.831818657991951,416.96981740761674,55.068406494732635,212.09644353777955,88.91921310759882,58.24370978153732
5.359519809497094,0.3551394931584666,78.35222466123389,90.99657557543028,9.905564563209435,370.27811665663734,41.909314459979115,190.1386749911493,66.66795568704624,85.47826589741562
4.157051700740034,0.5628889181749706,74.99115885403243,93.97079264270715,8.842710225574717,392.11385623380625,46.1358406592902,202.37275583182083,113.19287733980349,73.56078002662754
3.9490745511023357,0.42820832296411726,76.25370099881646,95.9248922807711,8.742317609138663,392.70556880277354,45.52912678009748,200.63856371171497,85.52691424126458,73.7851115404945
3.455212862331627,0.6459545874068391,73.62349849195532,98.32355809912322,8.367243488474326,399.09534735892294,47.725263180338764,210.3201807029104,135.47308454450985,68.53381035850016
3.501305167005505,0.3137996576735117,67.23007744938451,98.06867124870712,8.407915996452957,396.86496690433665,51.38735839860271,202.14968742812516,62.919758576939614,63.69489521265393
3.8931675134332826,0.5086061946642563,77.23940786239362,97.81264568631536,8.785469977530221,400.4138609686399,45.898278172661314,204.86257362948783,103.09263198477622,75.00966114738112
4.437504324626375,0.6373715822024513,84.93612799089891,93.78652057375174,9.134750954334756,380.87191239565914,40.11875357210393,195.82109815075214,125.10120529440253,84.61273173406487
4.4575113366364025,0.08693944499187789,77.39507649699642,94.43608641798457,9.174469892100582,384.91201108360247,44.04275692771217,198.17691275680687,16.773786302741783,78.40025561627546
2.6009286769690734,0.9243262614660407,70.99149141577506,100.33709420774551,7.599179272334384,418.9486810673326,51.72749306672629,225.59585256478226,207.57236954440424,60.37962262514158
3.7503946322681943,0.44336962302402483,67.3601376781946,95.63986447171153,8.542298784619751,407.6879909224709,52.70000844858699,209.5912731144718,93.41187894498148,64.85273894687309
3.441853332619357,0.09499201726476536,69.58988914534339,98.66193523367701,8.365589769172727,414.5182200659963,52.081768741884055,208.8597063152975,20.687826826989856,65.327314125153
5.046844381942845,0.5316187797153572,78.32141154119171,92.70666031851806,9.671108227338596,376.04850793469484,42.57727558614841,195.0214735388838,103.43144068323201,83.45647519372771
4.209966224264317,0.5066886935946302,80.41754960311405,95.49206097483398,8.984138107554879,387.36520466537223,42.84181625864709,202.30384619818807,104.28655790384742,79.37952379170795
3.863764232455936,0.4836211240855014,75.94084795255701,96.81825734101115,8.70769980463604,389.8523796904594,45.362873299280736,200.47207797107643,99.16805239515944,73.22060193625173
2.403881247626211,0.6982382225853333,76.88409394568137,101.03803735115753,7.450474751126942,413.0189251521248,47.53677070170497,215.89668948188876,151.2442108792529,63.39908957880876
4.119732612631941,0.6494889942854112,78.48207035529455,94.77637978593366,8.853164675113943,382.67400370738284,43.24876239567834,201.9901384483616,130.72156115720298,76.56431023791772
2.410213669880817,0.5595752382047691,75.42492836078657,101.59437005315263,7.486021909360793,416.1303656708522,48.71298971575989,219.36652961739046,123.02103161918156,62.6629187335872
3.1802230144801324,0.5900311267893296,70.52389964106987,99.79818857124882,8.184297846552505,397.65020922595636,49.38288023784947,209.15840170414234,122.18552436970306,64.59511119025422
2.4999468768501614,0.4791283101123827,73.86955381209596,102.53664763938727,7.626752477943944,423.31127868498334,50.47258026832759,221.31039174935924,105.16421040161457,62.72252773849944
4.422257764585291,0.8550981698480097,71.06482029809166,95.15844398939743,9.170500335660545,390.27954638751953,48.144132677082744,207.34141106645757,175.61457199823084,72.82779278384145
2.7218823984265343,0.2041607963284467,73.35340364290235,100.4967511469216,7.7371421222035845,414.6575935253435,49.7469299876217,209.14518789284458,42.0707831259643,63.22086348748731
3.3715078061580908,0.5279303348431793,75.70012702272427,98.41554982196662,8.289776455460599,409.47133998550225,47.779548783740616,208.77786273723495,108.98764673252055,69.58706995110954
5.134861721665725,0.5130049262377561,84.55575310293315,92.03725906163025,9.739103254087519,366.03985329006,38.711536979837696,190.8593972532789,98.53586774161661,89.76988042827224
2.7151073418963962,0.6626560812129186,66.70946893843752,99.67636963160307,7.703765625096212,415.140994645878,54.11861148185572,218.26843260384564,143.88774567616008,58.02303138884315
3.777317723855727,0.3312292245150201,76.9403194235834,96.79910586907339,8.618514603347869,387.1846137621005,44.5345285512113,197.96073445732114,65.84700185023888,73.28408471710198
3.4674508140810767,0.15126547952069275,81.56712393501527,96.79606069664544,8.298835115404177,405.26821659301146,44.259140090566596,203.34968783711665,31.507694481788064,74.31104745448567
2.063434143660054,0.5313646032196386,76.27035980158605,102.67871871630739,7.193130666479815,421.5775363182228,48.86701959836642,221.24604408709226,118.73365884176097,60.81097946525275
4.774653397504845,0.5562460984437209,79.89431129113102,94.5975971972101,9.511872336183997,377.8833068262468,42.03639823241282,198.5489534441725,110.0886561620939,83.51948397482771
2.241660672101099,0.7979198818895299,75.62846731586038,102.81247502587283,7.370823503790211,427.345025000725,49.90688708982308,228.26696162974346,182.44938456182655,61.87541479299881
3.6598925734193375,0.24592759073498277,80.88354353698028,96.4518806456431,8.477829071770717,404.9442549272907,44.55638932724052,204.25388313463765,50.574166878129674,75.35821489734089
3.962374032286325,0.730938753343344,69.31745799818174,96.07374763128404,8.772036042429342,396.68656419468766,50.012516059677715,207.89089514439794,153.22760310980027,68.21362887869375
4.199492598151055,0.9734828728054243,68.10975778793004,94.63427485706751,8.939959155270781,395.87810096076913,50.68228505273159,214.94764805896912,210.0314120142985,68.47866826020656
4.410210702577564,0.4244470224955046,75.2605821407668,94.51425152643675,9.133994125188488,382.6966334097052,44.88552902182464,197.62032788277358,85.1827047432153,76.1797646406357
2.886453342329503,0.24181155610135519,62.65793349293686,100.7302995550664,7.9188562519771155,424.9765682783206,58.49004339211394,214.9772492573235,50.31933171102168,56.569606656240396
2.0349257183045726,0.4186051267253258,78.59513988285553,103.40016633658192,7.191712855719231,423.8969341309763,47.846522359067535,217.22851391884237,90.26869858727935,62.41068725998668
4.532052818242192,0.5028009934742761,81.54203935936783,96.12513040074859,9.343565737506893,380.91329426545565,41.61075031004052,197.97650098257336,100.5745982128228,83.52559810290295
3.874798097716525,0.612757575001383,72.4830049418372,97.39218857999822,8.757595323567905,393.82062619059093,47.7456691191468,208.10758035198705,128.10019811278687,70.7533968981175
4.926411961225371,0.38172105403239054,74.0578413701679,92.92075844057337,9.598101423840037,384.4110799672009,45.73173349460152,197.61033008990316,75.30697794388392,78.9531279510379
4.87485927015243,0.8110397068294684,75.48809374842956,93.47971253377312,9.552709358676266,379.74854494251883,44.421220346780146,203.620933734057,164.67061251665217,79.86635875302396
4.9516415872575905,0.2770935369983877,76.2020731569072,92.50729990525177,9.57649778600374,381.7938879042305,44.29056911534825,195.98810256078315,55.095721092799096,80.72869018079041
3.6978313099283904,0.15215896956543995,75.07326716788549,96.15558701758144,8.496412554675954,401.81223273922114,47.231315560771385,201.43182283273023,28.67008152847737,70.78310967002979
3.16769938542903,0.7213420848574634,76.59239979690636,99.95767341362841,8.14679448697302,405.32510342569697,46.80839246589142,211.7244242497362,153.51792878886351,69.06946976675901
4.770453709069795,0.04507579375876003,74.86141268584136,94.11060519980104,9.477753561557245,385.1477065010165,45.38549316010575,192.3494569730267,8.760992718166452,78.69561792554393
3.579529395602392,0.45917404622545677,79.01140179211184,97.27880374371647,8.46697297398976,400.78256077623695,45.02598012244249,204.6052157721758,93.46056528735033,73.72825307600915
2.642047687412021,1.1235362258416095,75.40019611052094,100.971981683603,7.70335489388874,410.96792837378064,48.1225977329051,221.3087298629157,249.15081599788377,64.44756483529426
4.99240906846516,0.4975912894080137,72.95607365279503,93.51931961027978,9.679540691670287,372.28069978642935,44.87684667244206,196.63108606779767,97.45586657188845,78.54738160264263
5.088959568703215,0.27584646986075007,82.78231482146434,92.86572265050356,9.734701729398973,372.937173128593,40.19485543621265,190.543502940553,52.58977137577886,88.12828946161854
3.6320841464905955,0.48852050724264123,67.56721604517628,96.11722448628316,8.441540602407558,408.67959104571645,52.68715468758031,210.13469779932294,102.60886335731401,64.2590463447639
2.264949045584256,0.4898398422760933,72.25710980059372,102.26757435764696,7.354090290283825,432.21245301661804,52.54408452526233,227.28531344609138,112.07793201408928,59.36284899164951
3.3573913147092593,0.5321299880706233,78.86345658302845,98.1150251781269,8.270767679423244,394.1531964904197,44.354925145427764,203.19731342681678,108.28656579097797,71.8764171216576
4.812381808119111,0.632452596431924,72.1594926451822,94.04706423089407,9.508941613968055,381.08566990805963,46.38364449910054,198.1058579668979,123.38344458842526,76.47620657681638
5.1562090999118,0.29217776632645215,77.73522915372992,92.77810234133483,9.788096943512583,375.5922077791313,42.80973690978996,194.63774174807583,55.476726824274415,83.91588720425582
2.712154598741585,0.8375096110473588,75.97128350348514,101.56234516694688,7.787039287558443,415.3490465224109,48.31253292915806,221.55980354611648,184.47429868843832,65.58858673851485
2.2344076420884504,0.5490228568745236,68.37866983059995,101.28525778171425,7.295100486279654,431.7931578673355,55.09064632004744,223.87180408173282,123.36728211738516,56.158641103131465
5.070726585964936,0.6453588092803608,75.72248330518774,91.62516772187773,9.644808616139107,380.0925042376003,44.33988489162188,201.39045205798388,130.52595476209683,80.85418541673677
3.3629172864260637,0.3743701200488715,73.25298159266524,99.12105544641713,8.31910877946868,399.38913085565866,47.9729522252745,205.91131723102075,78.75740173595271,67.84483013484598
3.8961633749364717,0.7572764273991067,71.9167067907623,95.8901115354484,8.685086175746811,392.4576353253052,47.90935215788757,205.21557924216154,154.39049028417483,69.6907285160268
5.388230342177656,0.4485895182373871,87.97425067086706,89.92404741764676,9.885435942617555,368.6638551600607,37.62864759216617,186.26560093956255,84.86604915956357,94.34456424724264
2.23297654769978,0.5555105026987064,68.86404009001235,102.61065927314202,7.348637733211381,430.43415642188,54.579267804515105,222.41504544800603,121.61601503960068,56.91159327017754
4.2691130260823344,0.31337878456257817,80.14758710163822,94.62032965649905,8.997988931200966,388.6982743000889,43.11798982060887,201.21966859027967,63.07573313039775,79.27611352988993
2.259368979012035,0.3006136747195746,70.74723769040872,103.5240411897046,7.424608082600403,415.31927792398704,51.43448739588516,211.3119039060939,63.76845134524522,58.80829623550748
3.314141249632751,0.6376410612905765,68.54378855513289,98.63745326947614,8.23959941992158,402.5546391029339,51.25225641749702,211.7621298675241,135.2698194864504,63.47838731283177
4.813350908177064,0.4112786339585228,76.29009230558782,93.28147925069361,9.478858859142079,383.36436517424994,44.427390785097664,198.22033299339296,81.21419225856913,79.99263541905636
3.5171528146447204,0.32923538249912454,77.46605029951117,97.39457003545088,8.370841340269715,399.8535276202156,45.71528338721045,201.47829395836587,66.45167876851409,71.64915197693823
5.490138238660327,0.3713633315945939,81.19071376172079,92.05718443183044,10.084773386479126,366.4180332817456,40.18150732312365,187.96667522737906,68.5687111705632,89.73063568003182
3.956707497313108,0.6397906143434843,82.55937455005109,96.43836732731599,8.784315507527271,396.61703022519293,42.850011914322515,208.6231329886419,134.34028390786204,79.45286619223494
3.124067534225837,0.3741924277592778,88.4751124907465,98.73896401568462,8.04688395659141,397.66123063377347,40.38190163744579,202.86920922226716,76.16191234993846,77.32689050833135
2.770389640666636,0.4764690136795672,74.57703858757795,99.66836929238241,7.771586776688545,412.66623575168813,48.79175750808299,212.75507676698166,101.73343499596622,64.40968588893521
3.226821870001566,0.5030055500574194,70.55672537487494,98.64734501134315,8.171233200130029,405.7382817805797,50.36677942064493,211.19771832534536,105.9546080155582,64.54331293576668
3.303866458158428,0.11653022279794018,76.22901138376457,97.65434992672166,8.18163868364999,407.6526344561337,47.27557789592002,205.7195305683219,23.64456310626538,69.0880712137474
2.2404978720338633,0.20577471892529636,71.35753269440818,102.98135940122464,7.381693745217245,427.6875529092518,52.56889420623338,219.0242167203548,45.59437752762947,58.93454738981959
3.293509697993706,0.5672555778495125,78.58204228685359,97.02604241380264,8.146831217717192,398.22922144642075,44.95597653493272,208.39078621728004,119.80080970415482,70.59595938780248
3.624834819087287,0.35259412776946053,67.86398030107614,97.20146691052804,8.470433542043418,403.4180552428698,51.81061303095165,205.08623954117277,70.91857265793924,64.70528612482482
4.529582132835817,0.7113449822560837,87.27717127140517,94.63456937114499,9.241289174144743,384.6099935287741,39.53753881840426,202.02007807036924,142.26189867554555,87.67903215307369
4.298553196525628,0.6933614208501089,79.43850430970832,95.22875934824803,9.055397812697503,377.84270976486243,42.246089945384796,199.3623687636354,138.49638058238654,79.11735030541358
4.4806797933020395,0.6438337332710875,66.95679566298163,93.74379434503032,9.166529022888533,389.5647390698386,50.62122658743055,207.11670568701368,133.0165217589248,69.17612623810028
2.0292728865689997,0.8639543574625195,68.88998295230793,103.42575186237374,7.201504751931223,422.3349895765362,53.53467877307746,223.17975888964128,192.94123096181255,55.77088749340434
2.761835898531876,0.48338213445136335,77.39460829880794,99.62474284442972,7.7369256345921835,411.0958094708855,47.03903564225859,209.33349914741714,101.16428431545181,66.20902489080814
4.315895009399497,0.6297763851807678,81.06079429213668,94.87645974190431,9.072457463789464,373.60136005994843,41.02768518154797,197.12845961466812,124.76885808023236,80.64880168670122
3.693962788629115,0.38311980468079376,68.07156721019513,97.59260349738238,8.558641566913396,408.5622123714292,52.33175494882038,208.5167067592385,79.60071653606187,65.56576915250292
2.018597164839211,0.9904739825737447,75.98744584997179,103.30524014665725,7.172476550822493,424.37634500654383,49.35329114752198,224.47467960272814,221.1281181031802,60.44946246642682
4.815731248511378,0.896726730487204,66.04217813490405,92.6049094210746,9.450843079126557,380.53030784332765,50.042005262952976,203.75366090462356,181.92150020670954,70.45828642021007
4.704833506516181,0.5023760869035584,75.19912088046419,94.49107834044486,9.417770949682053,383.20626788145904,44.977725582298426,201.0845105278995,100.85959788102905,78.49341853437701
3.9194670704774692,0.5773172459810385,80.263594695089,96.35122091051728,8.725024911481361,388.1825127289009,43.005434698250596,201.603253974844,115.1340648967014,76.96554111975934
2.2326216402169523,0.7718595198729612,69.92156731774544,102.78022058799198,7.372866217538623,418.8878260777229,52.41236378815544,222.01495361132112,171.32750159230108,57.82189146460341
4.682802673364046,0.4705720990371786,68.08475171234679,94.83347144856444,9.413941019589107,392.0389247723478,50.20684783843123,204.44187119781645,96.2653951163595,72.07300333804493
4.042997557059774,0.36867518584005904,75.58267105035954,96.74352498931047,8.878842962246091,401.23338747656834,46.88255023502012,207.7304145132183,76.2272455754221,74.4005534611014
4.736859920052857,0.6747979502013766,72.66063757088604,94.31709380487983,9.445716044700271,379.06110571622776,45.857510522001725,198.1879774918973,133.94606309988066,76.41258633457254
4.631114473385441,0.515687849216734,78.70512919839172,93.94524328703054,9.319760000703242,387.45952185615937,43.679494676073844,199.22291455046394,101.12255773835564,80.82073845880731
4.81050725185243,0.5365988899290521,71.34597654113261,93.79837271524491,9.479402833701226,383.6537549294628,47.16321215167516,197.90635460375,105.24314585171437,75.51009015315383
3.813028232416187,0.3331457313864069,70.71244943063392,96.82527844619479,8.65568778625414,391.5321080441119,48.50950637802205,202.345189337097,66.26773720792455,68.45109017342516
2.4911358136773023,0.15646557032732072,62.884351372031546,100.31356507790672,7.494342167651509,420.3187566289083,57.66927313154361,213.84114817870557,34.33863394717769,53.69101087371869
4.34905115682891,0.5472284819758202,76.06858494345211,95.02051598510285,9.098394534048747,395.3601743376289,45.935479780152576,203.97421319705109,113.92666305261521,76.64016360380644
4.171658247681897,0.68099240829884,74.20146520583528,95.60428492010413,8.946751444703619,384.2504098594726,45.63464648983845,206.60537910690618,139.81587510553462,73.71757198346681
4.5978861551968055,0.45483865018479164,69.57554003253581,94.37438194602863,9.31454017191124,397.2839772391352,49.92538876603274,203.31184043916514,92.23884083496817,72.66547502763184
2.5945835211775736,0.7872859039117734,74.08249379424855,100.81656009570777,7.63391477222283,414.8318961582851,49.33629789494428,221.22416480722057,173.4732373147643,62.912678772707444
2.6824131996510125,0.3592167349168911,78.35424734280191,100.00238935581038,7.684468949950714,422.87299659533113,47.86108300539804,219.86408019982935,79.20008225569612,66.50598415410552
5.11643331026765,0.289059109006816,75.06188025522643,92.6176882806034,9.740040131282905,373.6466262990371,43.92644803734858,191.37871499660753,54.711352190368586,81.00647378233889
4.624922294582248,0.4865539385607737,76.89074150260858,92.76215413916033,9.275456966333,387.7340820298024,44.62317564848518,199.6259024061511,97.41154893120864,78.82859404521685
5.1787997104511305,0.4834814849297419,77.58111590046717,93.04125632210622,9.812388525947885,379.6949488214589,43.35351804068913,195.6039406297789,95.23591029051616,84.00042485374325
4.655503624073722,0.6539937462670445,69.56495521299367,93.52060286677798,9.329267856227348,392.5384298786607,49.33559364519766,205.55494073261025,133.20782081552935,72.75361013945903
4.090043570966056,0.345007435187203,85.19098138869725,95.88127003926374,8.892469382693353,385.15239213668923,40.46101705412413,199.91304915228872,69.24300266400935,82.60665314301384
4.289464579597558,0.7736188473629797,72.79310834490565,95.43372049403379,9.065918329829273,385.27744956595666,46.53496616662094,201.84325586802333,154.35569092939215,73.48051705446655
5.111947733790035,0.8933833925016508,79.4149182898494,92.58073336761022,9.731236046405261,373.2032517071994,41.73836523536435,196.3248446762989,175.13682180483113,84.97585051857901
4.025823640791792,0.49217119460633163,78.67706475509539,94.78242981726734,8.75686267672528,386.88952245828636,43.62904021764609,201.55143912937677,98.87413214544992,75.91331569553812
4.2133696351493555,0.7499420840368637,74.35806792660047,95.91247554141266,8.998925486626725,391.47458397487816,46.406300380835916,208.1496487505102,155.8710443249837,74.3118653596146
2.5476685060126023,0.28870058587494796,76.0911773325133,101.32568329165692,7.619944946902093,413.0606468675653,47.97943989918794,214.7967711155054,61.69989320870229,64.26164519931145
3.6587242704063594,0.7150443082363832,75.61956523356959,96.68625594593085,8.485637830417748,405.4529661659318,47.355176945813604,210.6875097559782,150.1559775469433,71.15116199467417
4.507389891853347,0.7094552817118925,68.32066908408699,93.62440181775655,9.191161213622408,385.9979460128264,49.28430138899982,203.3711890081671,144.01698201147684,70.55421377907648
2.948299444107279,0.6726874560379758,71.8765958266783,99.41370947997905,7.921627932246991,404.10550817698874,49.355435957843866,214.46674079330495,144.50722396078112,63.57155727595387
2.7078896318358723,0.4968873822259412,70.18671304643274,99.48339293928606,7.705743213482529,424.8150243926228,52.97823146169246,220.10254726490598,109.63243573910837,60.64510456445823
3.098393828785454,-0.09084978824840628,71.4093473878119,100.53343551204053,8.128198116985496,409.78913872182466,50.336865712692806,203.1409441590632,-18.340112416732584,64.88217111580123
2.845252197974917,0.37165457126957413,66.89428674838672,101.23053836720247,7.898667676187536,415.414606228995,54.02411853930235,214.86193267740018,79.28082204772478,59.632430460352424
2.7521942296273854,0.3748167964630796,78.93480165928301,100.7286803570849,7.774026744860967,418.41751836379854,47.047669816231505,213.63223320043227,81.15328591769436,67.69920353514551
3.4869779500383045,0.3043490123879045,82.19433681311304,97.61685844179227,8.36506234498154,404.1789008866148,43.83988375619265,208.3575073130343,64.93875665798578,75.40121474948548
5.177434798592369,0.5244486009094133,81.10293663830288,91.72129181457679,9.762308530896934,368.50338700668806,40.44912278401311,189.61129613260468,98.1529646583197,86.7917947838292
3.774708763585514,0.4162073108957531,80.88229663703832,97.39497189238988,8.622350362931103,392.9511660564318,43.237371919173945,199.6798292850864,83.27247394281879,76.5905044144888
2.6577213328536304,0.3350775980469956,71.46609141438358,102.10423685461384,7.7557946339813935,410.73289450432196,50.41765075178301,209.84543518504125,69.84636245040564,61.95459988194425
2.2694008428330594,0.288239970350436,69.5419968364695,101.6007796584069,7.352413351181681,417.8126739661545,52.52730514487034,208.10335696454067,60.909303494180406,57.38998953987252
4.436546507982738,0.35689740290295424,71.43092057552073,93.57801838796176,9.110123870678164,392.11811703080537,48.15346728975596,201.5819188323728,71.93146910225946,72.67533329906522
3.3397956755273572,0.7242998423699857,77.22807942541894,99.54882775453046,8.32692330111094,404.53122375782203,46.37626168345264,209.66498682905137,151.91349485869014,71.10101881070253
4.876408313048757,0.36779498907450114,76.98700524137925,91.50286003426179,9.435967750314642,384.28998895476803,44.177861726404544,198.22676035463428,73.40177698229792,80.26382400534534
4.308287690242696,0.3970122587133455,74.78383667029911,94.11416843754844,9.02076494032165,396.0791937329271,46.71635647643188,204.36569962339763,80.83814905248794,74.87866987877845
4.78684507689479,0.40866047699535074,82.21995681325046,93.04855591685956,9.448411770153028,382.0161558462676,41.42445616406733,197.00206030573443,82.18443701100628,85.07936859173265
2.9518111379645706,0.5677987027618839,75.5668801346342,98.42031424287998,7.882391814866986,416.44270903033294,48.66867979469229,217.6111523916709,124.06906976282593,66.08922593856647
4.423256228613703,0.5912498977057066,71.11461928673353,95.40832245009732,9.178013787272025,377.6040702490054,46.55191302990722,198.0791785273165,118.04590153688109,72.88151289929645
2.9242169464280154,-0.10893130784863247,70.10451619003514,100.45076490390602,7.9499007195818905,411.42525292272313,51.36105584193063,203.49265563696954,-22.387276712090618,62.466080213097534
5.286739678076021,0.7043270427655216,79.75405410996196,91.03657654496168,9.83188096413889,376.2836415465874,41.923860184141034,202.36874037573077,142.41092079543614,86.18926528433775
4.22730998536681,0.7872736068487508,80.28143624571315,96.22810634655836,9.0246538782749,381.55330425519065,42.26265333404108,203.37237761743145,160.92133011984544,79.59258717739792
3.1357913006136973,0.2899626925276661,76.52135072201628,100.18416439057512,8.140860842892717,407.0325997675279,47.04418000538151,209.4095564463007,61.432141096453215,68.96976393097206
2.943291518022954,0.305540351053033,83.01639356098795,99.6079431682876,7.914638896518327,411.09798684830577,44.19629391229425,212.27825817789358,63.61090499226735,71.99024157387636
2.668243047750752,0.4099493224443457,81.37692748595799,100.30061479081796,7.692481291973289,415.81387063534345,45.50534605130404,215.39247391242108,88.42763133649125,68.78005847492643
4.431243356128047,0.34879919610867904,77.52267120160747,96.29832987574582,9.251290483345475,385.809103392239,44.081047584063356,202.26220547559933,71.02273261862393,79.1736722609444
2.7655046454927454,0.5447853747893213,69.12570227718378,100.89766319844271,7.798863360733793,419.3670154696785,53.0001002709084,218.18730212632147,118.73495053816224,60.56629590017128
4.083561430746212,0.11069494272822711,68.35033615823662,95.91259471476334,8.87194895334607,396.124605944425,50.55812461919887,199.70880442146378,22.48568223343997,68.16379201260936
2.9262225942387508,0.27641447839265204,71.57455838801292,100.84905767747607,7.964868503856388,404.75816553071195,49.61818654358657,205.2261557656325,56.639486550640775,63.689471797616704
4.31689130677854,0.8078394400349815,78.94633680021504,95.13242493427752,9.072788502019238,389.5004729165467,43.790501883333896,206.3552801856781,164.45518304950429,78.8974283300722
4.852289049891887,0.3143560065303964,84.95598225642995,92.61249185664305,9.492977425472077,377.5817913907552,39.76387610536115,192.04378665523123,59.05922641194176,87.93019124769489
4.723088351006286,0.748685655620585,77.75494119326154,93.53331857986804,9.406662103264493,373.51603920312823,42.56353364542047,199.34272826187598,150.22002563613154,80.65321788474509
4.662979658257736,0.5710676391180274,81.43918956106548,94.51049462595371,9.38901830924517,386.5426340461033,42.27319116689677,200.01269911518477,113.97639962691059,83.8684592122024
2.657028419922882,0.13814645708234835,71.96189667296844,99.10665207719055,7.609754535283462,421.68933912388354,51.449436413903705,213.06445075797325,29.623789997652906,61.181827304211126
2.3093473144458154,0.6270658390432413,75.88506240347273,101.68685980788827,7.375956764494155,415.2250981438405,48.346602601647646,218.13763052617364,136.78299950980843,62.06470577448728
4.446320899705849,0.4764665395614293,79.45236922703288,95.54432276989482,9.23645701446185,379.40378620008914,42.4140567185147,197.14953896665645,93.10986030874533,80.71917317200874
3.2892152482802297,0.4089065887500519,64.04908691867364,98.07825191014437,8.188656877808791,407.78696746762387,55.06981712218634,208.23525281392284,84.68168841382278,59.55481446564669
3.5132117924117154,0.5489914186344008,72.14866013901151,98.94064557490412,8.475792473561183,398.8008692791685,48.546241485170896,209.03319574711222,115.0863801517277,68.22219617400663
2.109021824776869,0.5949266971133584,77.27932811112159,103.75021866876881,7.298493851136628,424.583642676911,48.64652969559333,221.045042378084,131.93659311097304,62.41767802041721
2.908517572462672,0.6415183643949239,74.86256276513802,99.7677652039895,7.917158674748362,406.8300426436863,47.93987235214797,207.29237235487412,135.1702731351227,65.81418884970466
2.117867413560624,0.7356505695096005,66.55886565551808,102.13263260862661,7.230562259325618,434.4058922868901,56.741422246448835,226.27100130492227,165.978648794696,54.39767029970295
5.077150204104367,0.5816271825556713,63.941968366288464,92.000087186315,9.662834367107909,386.3955425681664,52.25659407037524,204.7244434952237,120.74394042873058,70.10730207589255
2.8518883912648567,0.22487318224272762,71.5933623430078,102.15008222417416,7.953248347670953,415.3942746573758,50.910302349241675,214.03887874535818,47.271188904233476,63.64312437103364
3.950680093505528,0.40527090846976177,74.38288764773723,97.67215923027725,8.832596705412671,393.816119709621,46.67014020113133,204.0393459019873,83.17981127101972,72.9685070530388
2.136427622313956,1.0886096670537242,68.14409839763502,102.62281609934655,7.258830598410201,432.25298624849967,55.31485999735861,234.02377608397234,254.93841758496026,55.71622131320155
4.333965869569804,0.6448982120763456,75.91618372862375,94.34459661520937,9.047425092158452,387.30528605136146,45.07943314553056,201.7695282443102,129.99494246506816,76.0451100229425
3.1305957101393282,0.9738574601622993,76.28864858833167,99.13654784297735,8.073753710702373,404.3870220437038,46.86445189018602,216.28108408680825,210.6212887780651,68.21181672101557
5.14271715435183,0.779086816439837,79.52469643885337,92.19555150106201,9.752551942215922,379.0896308082389,42.34469882477205,203.7018508516363,158.07881149099794,85.29512063652572
5.108413661269125,0.5483604143111497,64.35050176886133,91.12586519547058,9.667081040532764,382.5058922668952,51.44630946217664,200.330182833239,110.75704661292714,70.50477901962002
3.1385171642661174,0.5602814139562234,67.19479510807874,99.0792229404408,8.082437217216096,408.05304940953965,52.86017649742234,212.5606426818873,118.25116239266248,61.233797726303806
5.1533631349166376,0.49268399202463087,74.66092252012629,93.02115248764116,9.823823302233514,371.57045311207133,43.889251622995076,192.80186935061909,95.30792058178923,81.31662577849593
5.4865518572457255,0.15243907683070007,79.44472788388218,89.35758315466678,9.95506614759187,365.4386459757834,40.856365111893304,187.3548531428216,29.316059186420492,86.91547591029637
4.888954824433818,0.5036094504936448,78.31291585707075,93.54992528659145,9.55828368010216,387.62003434927146,43.89165849496032,203.6082232391407,103.92322851483873,82.53164112475848
4.957049717143302,0.7421349105084394,78.30780939995533,93.75016436604226,9.628262542445762,376.13211757835523,42.593301785441575,200.49742594834174,149.76790873224303,83.07466125219997
2.8715305763818146,0.3800720010357593,71.52874698181351,99.50119710658815,7.8471898606051935,415.2335605514391,50.93093858587874,213.45041042342106,81.69895405793146,62.74518957044783
4.018458396002147,0.582390599812362,73.18398288865276,97.29073622054533,8.88039032170128,396.724695649823,47.69243812007236,206.38469385056334,119.55877368057028,72.35353750290575
2.2353956988857875,0.6703182091786395,69.04082849655424,101.62384540394108,7.3244183781557055,419.81849612522916,53.114131533114055,221.3500486396636,147.58919305343764,56.82298174974274
2.332212778875844,0.3180639121375049,76.63962597518025,102.19012140342286,7.440285146397268,426.02118301341363,49.171632289301016,215.57773049882042,67.42891744704986,63.17751556792042
5.496124142116518,0.4097394271312671,71.99290503184193,90.51814735486128,10.010094322036895,367.9617208925861,44.877263557095354,188.33781215808895,75.93516169138482,80.28664413364163
3.143237372990688,0.2964177019045682,78.02206682353668,98.75307210880251,8.09759816139259,415.98929147330927,47.25965959277791,209.53872854365326,62.1095843367705,69.79979034699564
4.618643692170963,0.33556687866211865,76.58163862129338,93.3409078215952,9.290045332045795,382.0031442604938,44.12057225335837,198.50553486616494,65.88446602982681,78.65207265627873
4.823327685593858,0.24247894326938774,75.56277083043686,93.67721348511111,9.50464727273343,384.8701462869726,44.981028846025225,194.63092404426843,48.393126424288276,79.55574457702042
5.003081448525302,0.31991030772439466,72.72014573934803,93.16825929634659,9.663140798657128,365.1651351455228,44.14464359095324,188.18923776213057,59.624715371342035,78.16302965295684
5.491699040907548,0.7838911361595678,69.81232954326842,90.72751559716183,10.032815240331255,365.5430979956377,45.800329358569456,194.27880099879334,152.3876858840344,78.3632597213123
2.8452376983990373,0.3169045941819415,70.17602145618862,98.95369348466555,7.778633806493381,414.8888794926688,51.74725210322149,217.9930866393074,68.81836688745835,61.18363583460928
2.141227894008949,0.525291843812138,70.91943912968631,102.82823850427619,7.284216761422386,415.7939741290533,51.383694523966874,216.66017562978038,112.40596569984484,57.8182478951261
3.4391703129810507,0.39942624926580883,62.281882817671004,98.30051539209487,8.349694847852856,411.0977721600815,56.87424789377221,207.8159983005372,84.09660557019359,59.31033361278794
2.455282344401314,0.7357731874073878,71.95956303660824,101.23313978548626,7.522012333531925,422.3407187418995,51.53037706573128,224.55782869525373,165.91911146103402,60.47647614168293
2.078490612067193,0.7622324593207233,77.11597557461066,104.21906788750947,7.282042187196604,418.5586277769243,48.04613907106498,219.93849885106164,168.45478496747583,62.14478128177154
3.2614938949952013,0.6728139964277894,76.7498822011636,97.33362795559627,8.122128274224044,406.7776884857312,46.89086349909474,213.07919858538432,143.95761381611194,68.98811847558167
4.743083878763327,0.5612269106205511,73.21067127580847,91.6253794561255,9.340981562555244,387.92848638818737,46.62004048763976,201.03762232738185,112.06823866230252,76.09470302492855
3.981632419287748,0.4537880926318203,75.01264039522144,95.47961861273475,8.767922470833307,384.1212468408954,45.184015583462205,199.25866984720193,89.68116276507858,72.92447980436773
3.094722962236239,0.26162505916175005,70.93284470757348,99.73680925944632,8.048607813408882,404.28726076761967,49.953422770247386,206.4330325465857,54.46004199413307,63.86125659405117
4.290197019224519,0.8887057762244395,75.8920400897479,94.13963472276711,9.008746375187517,387.7928149642338,45.148865314996854,205.93603977018623,184.55946764253457,75.7012570577228
2.8120636310808376,0.3480653964494893,81.07501547601716,99.3730005563962,7.7799771386380705,412.0890691699941,45.247213740908975,210.24922649076655,73.56645926955034,69.32403658275355
2.0503350612522975,0.6327292694065683,77.30289608662714,103.58464435455949,7.222485458351283,424.33607529031576,48.605039959873054,221.86154895243305,141.35676245493354,61.78326105003311
4.675236852527496,0.7119131145246794,78.21425575149675,94.00670935439197,9.365500572890019,385.85076016877946,43.74018200139184,198.9186138292398,141.08689757580817,80.77046971553075
4.183100797024032,0.38894390061893414,72.55529639451025,95.66079593811861,8.956649417647164,394.2309493175296,47.753562343668726,200.0666382270414,78.91254956571262,72.4252389545004
4.66805918575336,0.7076025054631925,79.35136298762822,94.28693598543568,9.37560662557756,384.2304964962528,43.00219757693614,206.0692700222703,145.39566337459485,81.86850173563666
2.1362830584068297,0.6528426406677711,64.12915491322292,102.1828549329578,7.234154479217902,422.7158697863309,57.0242396910056,221.80621639182252,145.04471529701067,52.70197281577306
4.929918697407283,0.845592767076353,74.65413502693428,92.44209729982795,9.538477565787954,380.0929139474641,44.89950949549369,201.6805305063958,170.17343676095126,78.98794066544005
4.168341700127062,0.4061307067146578,77.92056713927222,96.05862746760442,8.960869271998845,388.0786751581245,44.139691972571235,196.73913251670842,80.7909591011164,77.03912285124913
3.9718837274942405,0.242827196544057,78.46836654323184,95.02249752914521,8.726242542502158,401.39816194100797,45.37194226874944,204.2288565887719,50.49508268813488,75.53485029615204
4.186149168400861,0.39890204891109776,78.37280145315974,93.63430203347815,8.868365171560477,392.1555541744161,44.37514118891777,204.03169200443674,79.91187890322469,76.64502120213318
5.025516364039275,0.5417707085068664,77.50477308289561,92.06406538696025,9.634278197902807,372.96725713520544,42.62250434977799,199.8886014045056,109.6190870395878,82.37194006876425
4.0542777729561745,0.5116425454170113,73.886508432128,96.55472642590594,8.881350395859371,397.08089508973654,47.335489640865426,209.99919857611485,109.82093368777501,72.9611842353581
4.033326329608627,0.4213124207450899,77.52987144466279,96.08780560555925,8.824649816580143,395.3115440698553,45.16304406088098,202.20158230584693,84.83470543673262,75.56880218443479
5.46737704973018,0.11816050820455137,71.7965472567447,91.55001352924279,10.049822135427254,366.17693002555467,44.76679545851622,183.869273573077,21.599285236933245,80.40792412895154
4.648555584739988,0.5940965992258214,71.35488038522173,92.11702000507151,9.244359692204815,384.8284054879691,47.302436395429076,198.38265327189853,119.09788944847034,73.6503676747263
3.5480283190789734,0.89446889581644,74.56630736519625,97.83429832988239,8.446209378592982,399.59205718402,47.25192214653497,211.5297518960087,189.27355106605413,69.946191381752
4.475889500115247,0.5928502476246007,76.23705561368203,94.85747835331054,9.207104217751205,391.50039886090076,45.39816394181097,204.2172668185699,121.06628289257522,77.68809511781701
3.36230665092126,0.6218271038107027,64.90669208828228,97.15128878368705,8.212996323841578,410.79360605724776,54.84070843404771,213.98993559253213,134.96171062803046,60.41911843562264
2.8010641186922465,0.6144890612310203,75.63700884717828,100.88592165701438,7.841746285137287,416.5441831511838,48.64067402149915,221.59856210721605,134.8155952379991,65.80156021666151
4.088981569107158,0.57940933397648,78.77041977252556,95.59934939092031,8.875693086663743,388.5116117520644,43.76588651350602,200.31623200072698,115.27613143808554,77.02985677444407
5.24863734339883,0.686333193373619,75.91193862474712,94.08683865938889,9.954739248889549,372.21444102800734,43.32511254969983,196.31202951623214,135.15328510908762,83.59364459481968
5.251988320054119,0.5790747362371331,88.1747174004849,89.87625202469319,9.746000934510288,376.32689886424856,38.332363853831666,192.72265095108799,109.98127367254665,93.24845874105856
3.196668473369216,0.4374645660693448,70.42132663646711,99.90695183734755,8.210872753087147,405.80863045741694,50.46032531791172,210.12806528072412,91.55057371361987,64.7497466486213
3.8468711317759325,0.34080221799824917,72.81080954119678,96.22062456156337,8.639532528241851,398.66079963787314,48.14115474134414,201.75902240755843,68.37775670757915,70.08876702908556
2.740725644994514,0.4502052689438649,71.31353624335738,99.11373887096715,7.686028812115866,410.93747797915177,50.537400900790594,214.42707064049944,97.4979708267735,61.28514904750539
5.484708883246093,0.5628258992901332,76.20071260344022,90.38195479378669,9.992994738155039,365.832029745973,42.43955980143171,190.77635157630792,108.06672467372803,84.15733412150269
5.433912677537775,0.4367834077754053,74.87707114821387,91.20328902168777,9.97637060552294,368.84954497026655,43.45691244767092,188.17255506519857,80.5074226023532,82.77182457583513
4.273281253976066,0.5628677366262861,68.09388478174692,95.87348894673579,9.059760506183997,386.26303941886266,49.46136826185203,197.36913225170971,110.39959340872942,69.34910308746288
4.815449208871157,0.5878300267400836,73.04579756946302,94.5234991994567,9.54850186048196,386.42151215018487,46.53113383936923,200.07093149897432,116.9176447288619,77.62799305747127
4.502850564492951,0.6666358862540364,74.91531719852115,95.37753749523816,9.2658109652697,380.5276187139899,44.812600514035054,200.74210943229116,133.60531815314982,76.96347604165952
4.076053766638139,0.7565589937677961,81.03412493027577,94.96150620020292,8.820799046928421,395.10436204990754,43.40178612718287,209.74359322578363,157.58585465053145,78.49090057378295
2.186717989461142,0.5156014836957715,83.63527795421794,103.2506187906989,7.332023380717285,420.8396023916245,44.94455632388788,217.1569474889023,112.41809226209443,67.15933401369821
3.591675198934314,0.23844468697046783,80.98737972797446,97.74216476942661,8.470818181654042,398.3429442182817,43.780021516083885,204.59973650056378,48.09153305481339,75.35259118189258
4.361752057585937,0.430979180636162,71.35720732074009,94.21018538170604,9.067644339515363,397.5350485062225,48.86291720154464,202.96072617686355,88.0604694050288,72.2923293431927
4.371360648592896,0.5088125134813198,71.76658472518065,94.53070925514288,9.10432011557551,377.90396231377963,46.21740819723894,190.73004917409247,97.04298147285402,72.86631725902781
3.305929164478343,0.13284624876458195,73.17047210982726,97.86137379677002,8.18224869033766,406.10581286520033,48.828124040096164,205.6107074655539,26.34153605362027,66.68641092690801
5.295921953303107,0.7777329040204964,85.27790078823166,91.49394703698829,9.866069217695312,363.16555364797387,38.11645204643621,195.82896200966115,153.69090461783875,91.59870853113297
2.5857496128287334,0.5284755825020933,72.27577927448502,100.36615004926414,7.614925295592629,408.9840803326882,49.708928185080154,215.017841251191,115.04940553784881,61.416861493365296
3.751258061754462,0.576270566916057,67.8639722214182,96.04820152528544,8.549217305162502,395.8964063393943,50.844619795866805,203.99264319220734,117.84530145428805,65.28361904195553
4.41809391792788,0.7731052925052532,72.79582701674828,94.91996658947863,9.142936633260625,388.10912420310353,46.8754450782399,204.56175511448745,157.9085693103298,74.11851991308338
4.439975320621333,0.37397143397153065,79.11325039384268,94.96307081643305,9.200920619216467,380.7095518121014,42.72199141312061,197.41198744710465,72.77015121538875,80.1170818616793
4.2702363486908546,0.614808386176806,78.57398500290945,94.90409517950872,9.022790077091674,392.59767240612854,44.324264330348534,204.26674977979883,126.656024151572,78.1551876287909
2.9635087470815105,0.47802717537961287,72.55512716403953,100.72184042836349,8.008294740250474,409.74282508966803,49.632632056334515,212.2525898967452,102.2851455503716,64.80684842474899
2.546722990403177,0.46318262659681614,76.47314095628397,100.87812506439279,7.573191407155363,416.3232237007744,48.144801853704415,213.6764714577189,98.15723334671283,64.15521767114964
4.225791143893488,0.34556152243912414,63.70508835993803,94.96751136027237,8.989291269165578,393.1307345201827,53.33834383324159,199.57001258175546,68.27690464726577,65.0363340168829
4.097557406488033,0.8331206427373055,75.43621506294912,96.18694026316844,8.899171658795343,391.3496087682658,45.80605642231701,206.37886672237894,172.39541455532077,74.4067672697728
2.6277460360123435,0.4248999919848858,77.45672235005796,100.69694840600214,7.657499066870248,413.7749370478581,47.31196481291228,215.1724187896048,90.2513152717204,65.58377839957842
4.467987009496971,0.6398928493791405,71.1972680356237,94.42988364998152,9.182453420336127,383.61575589120713,47.24490924040737,201.43383621555242,128.27038499359156,73.01358558319677
3.5931019710677976,0.12499852250561272,70.13002968279991,95.40779232476744,8.372960959125722,409.4346933642458,51.09628624686905,209.1360877965182,25.101136312196246,65.80470413198546
4.337162070611035,0.7359977059379573,65.87235372091585,94.83329866065175,9.07702902011857,388.9900028573175,51.26900429215022,206.57580840763697,151.03098708066545,67.55195726967663
4.930784779195527,0.7104422311914117,83.86641970908809,91.28049652283865,9.499627015663334,374.5432587213672,39.90173055307276,201.14119329151666,142.1791336523304,86.98950413521766
2.594049500019231,0.5194868220594606,69.51208951491525,99.94406629313359,7.5920118249047555,422.50195309639037,53.13681927792069,220.67941526500456,115.54605228446279,59.25061477081205
2.0670070379889283,0.45461150677241513,73.68562483489728,101.69721733603434,7.150917484753716,429.10110660175303,51.27536628283809,222.88840756295613,99.57308832395928,58.69813688771829
4.726859052385254,0.5800000011227133,78.69181607027917,92.62192679382456,9.34848755143902,377.08633223137775,42.516474342184566,197.0021903352582,114.69475489560571,81.00809948349932
4.133940988034156,0.9577581321760579,82.52106893134825,95.09212345417465,8.906668566615966,392.63311081569515,42.43715678501657,216.70134054348173,207.80541849178312,80.50833077364507
4.448738493677427,0.14735266021930293,74.56899732248473,94.04022117969262,9.136115616377005,390.13844044265807,46.13256072493723,197.50490656440766,30.071217152715267,75.62393902335306
4.933542412460249,0.6564054775148256,73.22310192606021,93.26402171979483,9.600866038190338,379.5833126367054,45.61032980649377,195.6908917428233,128.70962222688047,78.18714328105442
4.809838271885752,0.3176765395692195,76.63714416911567,93.34347629970763,9.480778652792207,377.5729850236021,43.58095925768049,194.08770768456728,61.27827202548941,80.29629590498512
5.363220514250886,0.49601632074005375,82.85626599981249,89.70786865706751,9.860157509965786,367.6206899481523,39.59029431022939,189.2860052987021,93.07363819040467,89.30208485572798
3.875772775982414,0.4504239761842674,73.80006467417498,96.501430994099,8.714725226011156,395.1764840950989,47.15706194638321,206.3786447335167,93.94830143430035,71.512968928716
3.709734714309669,0.41433634844044887,69.67733624925123,97.2705326971829,8.571887463174646,394.53215653116774,49.51623323563046,204.93275700855247,85.40803829901273,66.94650471293332
3.4066051996175553,0.4979069741894541,66.38413719796425,97.81402858833619,8.302610572093613,407.19779143595724,53.309208740634915,210.68447303095513,104.40813281672631,62.25103930817875
2.537918649954716,0.2731657709444419,66.93901545691953,101.06857594363314,7.608996184240898,425.50498033464925,55.30418836369205,215.07419070460492,59.659818838241975,57.50310706600407
4.004125315087078,0.7058360872255934,79.12690786513782,96.13780949751288,8.8103640222935,396.52381235724505,44.489797958349925,209.14229894044803,147.1743037422851,76.79785989758774
2.969543835140926,0.14117129776027992,71.96033022063504,100.21827625511521,7.9697933131460355,409.915742792443,50.01392035500108,205.7929732469116,29.05111923771908,64.04024084261997
5.2245762927454145,0.6079529025656685,73.23188700169094,90.45407898542086,9.743435560889464,381.158950345162,45.79482264260311,201.2743766966337,121.76085781626958,79.36343085448996
4.041167814969842,0.43469282949308574,71.2695652620441,95.66045901669384,8.81114430581839,404.79881055146177,49.809397804237776,210.03182914664328,91.83317199976295,70.19844534144595
4.074940631778386,0.26581502123850925,75.31515805913497,96.94437666722183,8.925877633249424,389.7753464350434,45.68652925250121,204.74683172108618,53.43059207226813,74.52014751236213
3.242236313069535,0.5404766741197391,72.69340810685551,99.785501950895,8.242155972695691,409.53709083550484,49.524756593210604,211.98546645224664,114.27461118176565,66.80821060548882
2.1819627319219763,0.18860978265870437,71.25269455971011,103.04387998049371,7.3329463160259865,413.52594604214227,50.89381321849637,208.9852685039824,38.76211228815598,58.43400926895214
2.11110317880546,0.5079427643439269,79.27994345362025,103.04059862134544,7.246923509378195,417.0588187900781,46.7136069599702,215.8389995123244,109.89757002717955,63.34447448542266
3.481673004536191,0.21542461843768912,81.86808901475159,99.137852282845,8.44878212702902,398.73272700018657,43.40274531411671,202.37576170811647,43.98520916524872,75.86931649178216
2.2959788233403327,0.5922544168635663,64.70506622346342,103.49835251959418,7.453133459704384,420.02163900393504,56.22398322324415,220.94879363084397,129.75373800145226,54.70568728582524
4.123964344390487,0.31512853327392487,76.58672086898336,95.46286080419581,8.881647836821049,401.92836513959793,46.41916925665383,205.13841927878357,65.05140057427924,75.28150009288112
5.0834055197388,0.4098011965941381,72.2157761305796,91.43253472628355,9.65324887217803,381.0381105406903,46.34610636473281,200.61083665154422,80.73383752586297,77.68866319224145
5.0902018578155275,0.5587898775886324,74.86698666007317,91.96805964354606,9.691122692449586,381.0599097212697,44.90084127147931,200.07635324391575,113.99261410898661,80.45382690136414
4.3066589354628135,0.3454915776315528,76.71438264818885,97.4040501368978,9.181083917295288,385.54743656401575,44.461763411062975,196.9846198505051,67.5450540120226,77.86199002414686
2.7393114101552585,0.4884072000663395,72.22357410753172,99.15692499027644,7.6964962641486165,412.16460497469666,50.1273034465358,211.9259191183821,104.55540544306346,62.045582860032134
5.020488909756052,0.19723389975102923,77.17688609484543,92.05185750423028,9.640682222618915,373.72154969880916,42.86933916086576,191.90102773248694,38.05055445847464,82.12867504521115
5.1013270235962285,0.6261751207192311,79.48644345847507,91.01520249541909,9.652738831778015,376.4225483791814,42.064756831447326,197.6609413041528,124.0121592836239,84.37313518610776
2.6882875473353556,0.8529827611101544,74.69882905950404,100.69080467462817,7.733174462084294,412.26740244246747,48.674510264225084,218.94656274539958,185.59156970030233,64.18051695245339
4.58099130019737,1.0584417735819924,72.26300803939873,93.0043776261933,9.239079727147981,389.66916219991685,47.36869845718384,209.51424725084007,222.60207230995687,74.432113569541
3.00281842124493,0.5182336293332879,70.4573840706423,99.40313470737584,7.960046419291677,416.1731928319327,51.7259164760476,215.73720949412464,111.85092419029046,62.829783810622516
4.809241093235254,0.6576408281594374,68.57256282879213,91.6075800456616,9.38792279064548,384.83742557527154,48.97860165434896,201.00541550842178,132.6595076081747,72.28741738789824
5.4903326496626095,0.14387486541850214,72.31879769199153,91.27793225824858,10.07546246770785,360.43505613396144,43.78526730705965,185.09907396071026,26.540390032341445,81.08804744258939
2.1050910186528746,0.8005468652611176,82.3364510318761,103.61005763988932,7.280550392107939,430.02833641342056,46.5718935055201,228.45649149013784,183.02017117389966,65.81287274026542
5.140780530268262,0.6552457009448213,72.2089187658457,91.70011324641033,9.71903998734521,375.6722684633099,45.69726425101526,197.31528206722572,128.40281871103267,78.18817350209572
4.179206867595303,0.4032133110097534,69.04815417889526,95.26467195775588,8.944146221297867,407.04419714483976,51.49319441712085,209.19136207146073,84.1958506586431,69.35494892661413
5.406839167076874,0.7474361600578019,78.08784630971611,90.9453371306459,9.949420824316569,373.0391234715431,42.34853491138161,197.915452473117,147.50927660428962,85.6204997686801
3.6275333113424963,0.4491047846709317,73.80121617715169,97.44836195048129,8.492014363071538,399.58945088404823,47.68301333948849,206.52021673434382,92.04364626891551,69.70232784433594
4.965857756999808,0.4083949633970887,74.98106312415364,92.58896218092752,9.59047303210321,380.4372234907644,44.76729397171252,194.43066383772018,79.5390295809723,79.72009301121186
2.21837924009397,0.5950669850854983,79.70728492017321,102.85016622161567,7.37520764788844,410.51650548876887,45.76178020035613,210.38270926389694,125.55519147160459,64.74613365643738
3.173476675274035,0.2873291000339363,76.55380538812067,99.87926294330163,8.166073635524342,411.1877171504447,47.50660185379664,208.30839374284935,60.103835313377594,69.22334379131262
2.234557882129235,0.7043249528799896,70.03150480003771,101.52779043455394,7.297666653529386,438.86877119704457,54.83700104022507,229.74222491039205,161.7109209397194,57.3583454908842
5.413700967176747,0.2888020376146313,74.37406157265319,90.80458382066195,9.938812692828963,361.0279541451426,42.78897417238437,183.3703412413558,53.368837243624064,81.94275570371128
4.859408675451428,0.28998904203536274,73.31835784101328,93.7133651950598,9.567144984524962,377.89271212396693,45.35527606593681,194.93486775330504,56.77113977105282,77.99229499448525
4.9839159743608965,0.3180620423183331,80.35439727713437,91.41895885128964,9.552630573231038,376.27893901056785,41.64478435470581,192.4520938682574,61.30923322867249,84.28823714895026
5.28287831001863,0.6519000075032244,74.79871582475667,89.93334888945834,9.783891539501202,378.77882602588863,44.66799082295838,202.9150602755499,132.4464803361172,81.14941963756877
2.2978622014192487,0.37664492769605845,63.79166712943235,102.13853505735142,7.397075182023424,437.0717078785863,59.23049646133514,223.06253933827574,85.198376990532,53.6779949205422
3.349591573796667,0.23040084312656622,73.77791149488428,98.67350662056806,8.286476764517785,406.6737107246684,48.54187738369452,207.07430160663583,46.505020118611114,68.02108504207206
2.2486221116540075,0.3788640000128404,65.01321652834515,101.5519824588481,7.340814531112429,437.88738188749096,58.37469744042064,224.0489274315985,84.56547667550412,54.13838208061609
2.7377758554251,0.49359152586390265,84.20648403528463,99.9548636627158,7.728996406723452,412.58964063584045,43.79631029232624,214.5782493213484,106.25218010835218,71.18675241590157
2.8027802196318534,0.2638055032671229,68.53499669432207,99.58211537389579,7.78647185612613,419.1136832937297,53.36648639905409,215.6454264538658,55.30571435043274,60.02626094925946
3.6418752386665254,0.26966377819313125,73.56092645961117,96.55989647319161,8.455812599567201,403.1005552556128,48.2403166569066,206.81179621855756,57.15223482653024,69.22260020732122
2.939967586087749,0.9222592668199169,74.81897477681099,100.26491010517655,7.9734417525302455,416.7050739536961,49.128756277731014,218.1248334402147,201.4224668395134,66.28079134350298
2.3534233738621637,0.3278869192372226,71.38081724523845,100.81861940188432,7.397039703258826,421.39527374617705,51.78066379897809,216.6156638825926,71.98234445341272,59.05718773333132
2.5862188118293767,0.4353915262453986,71.65331056686429,100.7358158694505,7.618881666858379,423.05247622989424,51.810817380572075,216.03535472406602,95.17972469483207,61.03269964635541
2.5154644724323183,0.4265525998401428,75.12769379772317,100.471605412475,7.536066001823207,413.07361941316447,48.52399976847635,212.31556034735183,90.97620718159031,62.85740396701767
5.405768792693044,0.4157286384459116,84.11800234521306,89.91557804485338,9.896447313190569,367.00133227484633,38.9937443560193,191.11525408778652,77.2194906627159,90.81443628776216
4.657523774214658,0.6242693479938205,79.42657393814407,94.39480933004612,9.37267518907573,377.59214852853376,42.2237073277248,195.9205926673441,122.454914864736,81.87748763126454
5.387165128443467,0.6896285900944099,83.85716754699988,90.72906187270902,9.899143270655422,368.9140753611813,39.305903321282734,197.1133625469769,136.14689721556854,90.60541969377906
3.5390917027776796,0.4388091136936816,69.0138145028657,97.76393110461473,8.426308600687449,402.28790343808583,50.91361630484192,207.01931662534568,89.75509609026817,65.29697335642368
2.974289685819298,0.2527043426815302,75.15596078925996,98.38352539579165,7.892067168802824,417.75694077052447,49.05786240899448,217.01091027132142,53.049925978081994,65.86309678701258
4.794026190232153,0.7548880455697806,76.52906168856998,92.62735677118229,9.430280644163872,376.3894219654363,43.49861360107125,199.6553873178524,151.17913442265248,79.7655835404102
3.141888713144014,0.4809317817606635,75.52572291415649,99.60825980855195,8.117070266107197,398.7917258331384,46.62827886686346,210.02052512828269,99.75635501903724,67.96425437035562
3.047841807968719,0.8460643629714337,80.53857002274033,101.40237083678574,8.110249986666597,398.7931531590142,44.04676957664014,214.48290047314563,183.52775576604418,71.79898126963225
2.813770972727409,0.050882820486967406,72.27257941831262,98.57082874394182,7.74223466047997,421.21711525458215,51.19775242646953,210.1495897704866,10.956141133514668,62.47705308586571
2.453876423784824,0.539080644256664,70.91713487577134,101.25054628052156,7.500280056629998,416.7797582005104,51.50698413140489,213.8727073088381,116.64614856247029,59.534268824415186
2.897620713558681,0.8837212667752417,76.14704884336373,100.1881519810594,7.908462544486997,413.3611516505181,47.9832051359193,220.16364954936276,194.59446267699101,66.7382049848131
3.243619119658607,0.42934717291236835,65.00132930576109,98.15445295860344,8.13272357499356,409.8710592615839,54.648505973893506,210.21045098743315,91.00480167606467,59.90040465647103
4.358979728510056,0.45490131533307276,74.04651542860118,95.4231885398101,9.141347341988869,391.67566726254836,46.602249393109325,205.82079092144429,93.68141244428809,75.21584306414103
2.2189769477680805,0.5591023383180678,71.99178389089444,101.54019454628347,7.302829374638862,423.992870425282,51.711628934611866,219.88925194406676,123.94616786331413,58.74126167909133
2.7367742888287,0.38824083622300853,68.68233606505981,100.54436811727287,7.754730835928103,431.2541914359997,54.80953070323305,220.84990034430743,83.70461808790667,59.922743200172704
4.831582741020867,0.4375856135894534,81.08319434600793,92.67180288282827,9.471784265295662,387.6216220347761,42.55687614141797,197.58279829975584,87.3475378726093,84.2913612206041
2.5142267325431975,0.43243698116171936,67.70587049233542,102.17575130246263,7.624129439908868,418.85901210286,53.90313620438425,216.75449479501535,94.40142354332427,58.164898148196315
3.1992580128288255,0.37451585311472535,73.1597443735756,98.26150535267062,8.10224317815151,406.43056574206463,48.87347463651053,206.48457610385952,77.17759551648636,66.027067547951
5.02630622650349,0.7457713100401119,77.49735359841902,92.12642917020858,9.612398923441628,392.41471084584214,44.848751957331494,208.27879889928417,154.9191888240354,82.2715250261912
2.542238589002049,0.5922156064592871,79.81794411418305,101.85871616849056,7.638338754260841,409.91179246246696,45.638073383349486,214.9993137811188,127.02684674870603,67.13495869476503
2.2895789246636644,0.5501256464206604,72.69471253519212,101.16404283640287,7.339838248012458,423.85023228608225,51.254816576779994,218.67765061540229,120.5829508709315,59.53503141267852
3.695882982780038,0.6617142013780234,79.1158275499771,97.11940960568073,8.562803158761035,397.2098504033156,44.57231238531182,210.44379808436358,140.46768914900863,74.633688388846
3.0584682894748774,0.44712883335930664,77.17313893375548,97.83733351188866,7.950475302408129,410.1095488892624,47.045403424202995,211.21195606643832,93.90476629974619,67.8642618719963
3.9719292756934896,0.3451592363294199,75.3836029116779,95.22790076816953,8.726328487136994,386.62643048993635,45.28110987420718,195.54811639810103,65.79347143046625,72.89862415647649
4.813317116692163,0.3794751390770885,70.32841349866332,93.45909511229006,9.50425025963757,384.266641456163,47.83695142473556,200.9160224948652,78.72721656329946,74.7828482385573
2.480019708534601,0.5003566082209218,65.80311934571976,100.52737301249991,7.512152824085627,418.58394532303794,55.21988394883559,214.95038063668417,108.22341795568109,55.93157342404102
4.032446795939998,0.2881576583254196,75.37146316222393,95.45077786875098,8.768434824226505,401.66266387142565,47.048820412996925,206.16783789312709,59.01762977525623,73.29946623474498
3.7692806613645238,0.3999477966826649,71.80965242412437,97.20198680686252,8.624516084019742,391.50599213778224,47.85572124278251,202.6038019672256,82.21979091531989,69.1126779073235
2.5042757510461984,0.39677667162571306,77.6014363596619,100.77168595842076,7.529019159047112,418.6763719120704,47.79332272511225,216.0682053782696,86.66451727594591,64.60356150215553
4.183994699351438,0.9249112459658028,78.75007622971461,96.01429221084305,8.97671133051639,377.8851396630269,42.57857071411803,203.55996235286077,188.76718078220625,77.84022649801847
2.9577414625127005,-0.05476298798678336,72.62623478282998,99.8204351111944,7.947315894083236,401.2312696734997,48.55979105523479,197.8538147438281,-11.312117771950014,64.34069996634078
3.7074201149040436,0.46407605571887334,68.6603395181785,97.37257608737545,8.57958940435869,396.7473163140916,50.43803761136866,208.71749819583437,97.52811584121821,66.17532917903932
2.2879531349697166,0.8451387585629542,75.29922151000002,102.98493650659682,7.439813617720694,417.59298862990096,48.95624851405526,223.38607399379606,189.88178807906172,62.19069877913899
3.608544200247681,0.5243688928264908,69.24050580962147,97.62595374922437,8.500620618474546,409.6200173716077,51.69326131710168,213.625655540702,110.29857574292036,66.08101830051072
3.072622138149871,0.6506834946842186,69.89482695112551,100.47690034885093,8.102833139367505,409.7824472508902,51.2902352866436,211.9855235746771,138.1599762840068,63.49940434029281
4.8783342391487405,0.5199652630199536,70.95692239590271,93.65483998940967,9.566823707910478,386.74279138798715,47.77142953837886,199.21413888798202,103.88260782696061,75.86203932371048
2.199425544490789,0.3665333237567039,71.94680554368918,101.88324865041467,7.295602900242856,423.41028680428377,51.66891912321664,218.51805651187078,80.36022621558011,58.65002297038474
3.4651254622141545,0.05161681309821736,80.00911222500979,98.90657934226746,8.423322417854786,402.560332667302,44.72439764331408,198.04705030673065,10.268741196851945,74.15943455717431
3.604509984460033,0.5410911374072606,74.3002076302344,97.59530787111224,8.481112612583736,397.03028811163705,47.0971898258103,207.30891883680818,113.3590917634319,70.00946617206301
4.537521267046916,0.34487867907952174,73.22893205831782,93.80293179840739,9.224764824279935,382.24576534558116,45.92702992725471,193.63370926421217,66.5688209432325,75.14064486621052
4.010006512815739,0.3399329187669392,67.18393316515267,96.18768576140162,8.800335067356094,388.0154746922276,50.271534344068705,197.37066757259865,67.09000165764377,66.59964895327643
4.335243180179633,0.4002025488041776,77.96291473986477,95.71651032888349,9.131630337061909,387.8609973320723,44.0936954487132,197.11140168276364,79.20015066988454,78.54320242679754
4.719672499781146,0.8489722813246987,71.76158397009424,93.84518232615977,9.411162358531342,384.3825363148362,47.01260881338001,205.4180652088532,174.216173918361,75.34450942051045
5.01771040780366,0.9809675084507946,76.60884058515487,93.89592783872831,9.741842856801789,378.4061710663315,43.69140246073124,206.15032106359627,200.84076556333625,82.48506987023609
3.0985642385286467,0.5434415875056802,71.94718400665117,100.02424961146879,8.095721392184462,410.3812899893573,50.07875437867994,214.03830385488922,116.53144567761308,65.04333609407325
3.8830794687736603,0.4070465552176544,78.85058146052559,96.82774988601392,8.725352744368523,404.08369241438913,45.4790149678328,209.0632106333039,85.32391608840071,75.85730371012754
4.940378274537199,0.2645547165097579,75.14227196930189,91.88782157292688,9.540234402719628,380.0185413412742,44.633356915621206,194.31350921059325,51.04139026180928,79.44771559276383
5.4630789583776975,0.5937080323092139,76.26106297743797,90.73543763446996,9.98883184037131,374.6780715732892,43.4353645365219,197.61004329302406,117.1903550515106,84.22562277269294
5.113317588653171,0.8565811200130289,78.5647168436611,92.16071975151459,9.724939053367692,372.4547867801862,42.05453368497324,200.01028141878857,168.14516063218704,84.12819258652299
3.3001354191853185,0.45053192259496866,84.49486341433831,99.00683123382558,8.25082359519717,396.64323255881436,41.97511041627995,199.64939873033737,91.15683350424251,76.15183091726963
2.6830828102652764,0.02420079184935514,77.6619340241111,101.11907659708928,7.735999758222972,417.80370707682937,47.66079048197977,211.0774788914783,6.00927230659992,66.42163731655668
3.712873880923061,0.6340099343631047,74.01241812536462,97.14057374494391,8.581628607757686,398.3167206555987,47.411648128164146,210.2708132671677,131.97595333751113,70.60710174289076
4.5957450814261485,0.6970799422900099,75.53088405078782,94.01117214731022,9.287266201612553,388.2025375770819,45.38741086162153,203.83284226157429,141.41231867547933,77.72238716609911
3.723991747636542,0.18283087192283048,71.84449279554167,97.54239439933296,8.603860488734012,400.9496758163265,48.989206496514264,199.26888753154032,37.881025815525554,69.00919849502613
3.6911330215978397,0.5352968367325905,69.67938110831894,96.39416544390357,8.525387936706869,397.6554221885843,49.906941627470424,207.3421116965498,109.83472583529762,66.595372475946
4.933806473786301,0.5902452032272197,73.15681383321196,94.08808999714782,9.63114475608413,383.4860687334178,46.11601275423777,201.25003402339019,119.26532592085697,78.38969437372388
3.2649132267351524,0.4853785395982123,70.05715105352247,96.93507019829619,8.108697876823038,405.4472322732069,50.64472404247108,209.12332726545495,101.0119584529451,63.65895398712684
5.00928136184076,0.34184581618292925,79.27797955318833,93.63184281929497,9.714326548440228,377.12890852639765,42.242097145771424,194.06554095463616,66.75063519730445,84.72191706919848
3.4238168033310323,0.7031874447127112,68.7526058746523,97.98049276560126,8.327585352262657,412.3553061625152,52.3608459152255,218.869145267889,153.9561730125391,64.35287800688596
3.1488158698741877,0.41932405080626345,80.44463185074925,99.78120830685762,8.132814310450643,403.24288685861166,44.58450198835888,212.7063476279901,88.90965549029697,71.94330041531761
3.5889646891989466,0.20296276746001357,78.06698954513288,97.72969593523779,8.483475733561622,404.88366177907596,45.97450916288898,205.78007974726992,42.15421634689965,73.12094965607336
4.66856435536204,0.09010510286606377,75.7047858732728,93.9368522849615,9.359726034094207,384.51164913907274,44.864664816691814,194.2752284752338,17.012142260240537,78.46833084343609
2.44100709752398,0.7521699039998619,72.9308015743541,101.89987873948728,7.520351875256743,424.6803607571048,51.20900228805153,221.97515118817952,165.17879528661237,61.172319091324965
2.687467255552061,0.6233327952942237,70.43855415858971,101.24110803683801,7.763246296846614,412.3758739441189,51.26594805907298,214.53514480951966,132.7990692342152,61.251648447804854
5.330056889820822,0.5175947094258337,77.7464903245238,91.08173622435733,9.873113108397378,372.5106428625117,42.45305327709508,193.7471568119004,99.23464470725608,84.6393851223812
2.6142206958347507,0.41194507262983926,78.57752715104463,101.67806686899937,7.722641165534692,407.0757592787658,45.95700200397443,212.0724917996117,85.75809887926115,66.94848226961776
3.987045612758691,0.3942003171593746,71.26867242403137,95.17776385648155,8.741040481828147,405.2282239703768,49.8627837619936,210.16503225463512,83.21652243693507,69.64063010548739
4.027600633316783,0.2848526703116777,67.16616031538648,95.89913332473036,8.84388994636892,386.18574533854445,50.045997333567115,201.22436941196332,57.14653226817072,66.90797337766253
3.713685617175857,0.413708871088023,77.97251401489476,97.67087627930232,8.583542720455773,395.3663808867824,44.94203505652258,200.9083711583911,83.47151648988132,73.8679559231209
4.256608370018865,0.07598255697596512,76.72975991524164,95.89788476862668,9.061757544312862,383.414402176648,44.20793999099585,190.19946950166556,14.972593383812018,76.85394097175077
2.8043935402916644,0.3527872693062971,67.7642782411441,100.5532536875883,7.837053487400926,419.52672103153503,53.948513446057895,217.25933542583383,77.40279651294102,59.83516470096506
3.9343179372186188,0.43781249672978123,71.05422467009176,95.91517326937024,8.738454062942683,406.4289586027592,50.142846996194585,212.6793875049553,93.52061538765389,69.44393973343149
3.3026063933641403,0.6219760094380837,69.66760630178626,99.15824384592047,8.270198812726928,410.00355671818454,51.464274596761875,214.39767474400537,132.37060157328648,64.63085507321263
4.315835408702162,0.49201470732532726,71.55634114527136,94.35908307824744,9.028812111191721,405.6076398028138,49.73342772701507,201.25283278422904,99.59887914597645,72.18426459076944
2.4942824018060232,0.6589846227751118,71.3747251119613,102.67113885267804,7.6147509060198955,412.2653909520233,50.6625847749161,214.53040649384084,141.5940437363428,60.76541220207781
3.998070958938167,0.7698270210226859,73.46494862932207,95.93901492571668,8.794512527920608,388.2178493272162,46.512680556641634,206.32731728324717,161.0264487988895,71.8584323063065
2.648446243841633,0.7116340187648204,69.92416721726765,99.49873759118952,7.625613425976961,415.05249343547666,51.930787380891765,216.40193102605517,154.00689418441212,59.79563167370101
2.9752507209026273,0.5941019694757114,69.77948176758352,98.63087570242756,7.90207605981245,414.6529095731972,51.97488130860251,216.60823664260968,129.0702797797683,61.85231092415591
2.7654843011325414,0.5023725358361568,72.17465944176215,100.35571985553977,7.78604583361113,410.2746076746563,49.9271442634236,216.47000277261444,108.6537586165239,62.7252312283287
2.63993222954086,0.30384239831728815,74.00637634974683,100.87209741366783,7.686833355536,412.90246857785615,49.15132475882595,213.8611359028774,65.02897629028632,63.286712431038104
4.889988330462335,0.6479888102758633,74.28650331473058,94.46076619134271,9.603926375564033,381.30928878246357,45.2396616049705,201.99226103611002,130.87011155963745,79.19751591330446
2.9999764868131162,0.8359494764443058,79.39330690088224,98.66928282606271,7.937390340933157,403.29901100541485,45.115123826058465,214.0598490916957,178.50859519974946,69.41630876969244
5.244933236525572,0.5684212079300837,78.83435845593462,91.67430343160363,9.825976287868807,366.2807507953995,41.231878876807485,190.6773574008502,108.56240747646248,85.22154513932557
5.394742838708169,0.8834518296852246,68.51946212215633,90.27086293885577,9.901286176648924,372.5737978532086,47.449866285836045,201.05417900243762,178.24344274768728,76.13973117494453
3.9994116447798405,0.1948856583877832,77.41793280080508,95.60793536069984,8.787682164197074,391.75696824153994,44.81425671940987,198.85255830158718,38.33400506732921,75.14332806053312
2.5005039293300424,0.26916732304409174,76.02832462812395,102.59541387140032,7.622504710783123,422.1886545191945,49.07554068316409,215.25124598400336,58.774174951929716,64.26560680140031
3.3109188518285344,0.6710403015496526,71.79942778157329,97.50271504007534,8.181487927933254,403.147271588815,49.28485229326149,208.53680909189023,140.65091358682415,65.59320322643406
4.792062921718749,0.5528580420306503,68.27448756954672,93.69741371323865,9.477654115882547,379.5357227339259,48.48779398226136,196.63167123297094,107.8291385072482,72.68677819793331
3.2858675504397468,0.7627564353143615,73.98337485758337,98.8137894606724,8.24030013967991,408.50899784476354,48.64165062877046,217.19956638673082,164.70667728334968,67.81073371580756
2.3045602640597607,0.49690567185465206,72.72692905946049,101.91470193470427,7.402223201572217,426.87173596368837,51.60009452990473,218.6873193781668,109.11512276180777,60.07213287895105
3.9487471882486576,0.3264049154943336,69.13026544323242,96.59493413968309,8.78377677855756,403.8159805871888,51.031799062633496,207.33547822321432,67.08778346344636,68.17041687954028
4.9579229802361215,0.4572813515589915,68.69341149498368,91.71925326361894,9.540909218057104,384.0500528151882,48.803329976318224,199.70925387070724,90.27760688156528,73.57312635203488
4.785742355002258,0.19346320581525317,75.3051230937355,94.57495976373494,9.513705446945242,380.2556621234101,44.57594671138042,193.9715547804419,39.24325627094669,79.37608815642929
2.6129309904562366,0.27428186538059307,71.97013122829337,102.39461792950199,7.732173114596141,419.4436772504907,51.170306911221914,214.95659503866963,57.992368298768355,62.16584329938004
4.354676150443634,0.694488799583602,73.13928455392039,94.79631723165473,9.097425074386543,387.45872066125827,46.60356686254258,205.4021444306633,141.12589326938976,74.04648250018114
2.771764922024765,0.674557482893922,72.9090642326969,102.23730767740417,7.8806706301644915,411.84912373175405,49.6748006437314,214.79533792520078,144.10810909975172,64.04854586938194
2.763726370932603,0.5726008569612153,67.80258977601753,100.00773535649596,7.777513137612163,408.458149775956,52.49929995284839,209.88277861507387,120.4107070901149,59.38000364204984
5.059251206568148,0.1557844958079061,73.8969983835512,92.61296637209651,9.686167862787952,381.1849231742671,45.434870200195626,191.18215819948546,29.856768199908394,79.51397595624863
2.8738413345908054,0.42831928489742227,76.1152347545807,101.0870665799518,7.911122252236342,412.3887557786996,47.88801388673721,214.07900955662095,93.58138171500515,66.73328701737253
2.921365712813039,0.2550000222679899,71.7557884536192,99.40801643697604,7.919194500705541,416.798990936283,50.980976248885035,209.82280261456998,52.73642639127463,63.49846646046841
2.0022868676645484,0.7353066507575531,64.0428818822347,101.88675671607052,7.093351016558637,418.4367744435469,56.51276176811582,218.16676562336772,160.65563014411453,51.60800539072928
5.047341619439312,0.3832555732874797,73.69334855470932,91.04493067946733,9.612719851283591,378.0327550129767,45.168793164711445,192.6729231042852,74.97146048969645,78.7095074281953
4.774081846231971,0.2828504578436901,70.37810589794407,94.93937478931022,9.53509849411708,376.8673802265926,46.88682023747865,188.98449807146514,52.79533595638054,75.04084781281848
4.195651272817373,0.5059592330242849,76.3704630096895,94.89200082462817,8.949703457171285,397.9645581767997,46.076464604821425,204.27765885150052,104.05989180457071,75.65701485964544
4.625930173785948,0.37196910863307764,77.14530322544526,93.66065498101439,9.306982650640693,386.0733102744272,44.30225106632011,200.6169855933571,72.79115020695704,79.31565244604053
2.532169985985721,0.7967487820407414,64.74473085775271,100.24719378639313,7.547396523504121,424.32535424086933,56.76993540165476,222.68037954561467,179.17907572674926,55.4363040423351
3.604132581056514,0.3530378204931618,78.12002395017876,98.14420738976555,8.498597848451743,396.6203686041885,45.00910812602927,200.10787529638299,71.64040591965968,73.26195069981672
3.229267855720733,0.22015434815507373,68.31418992047209,98.07231461759777,8.152785064338804,411.60466429569334,52.558120656509004,208.08135966034362,45.12934110203543,62.655752635605026
2.3282178418995576,0.06941729684849685,80.58977286269123,101.4582271312225,7.3926111384788555,415.27093993845585,45.8408192023939,209.6978238537427,15.386473864772777,65.5397712582857
3.701456698252234,0.49384269951731696,74.1978667153996,97.28451789165011,8.563143583207331,398.5593549112647,47.336039552931936,203.02577241862477,101.57597842226203,70.60820485299008
5.222588776199224,0.38761397722841473,70.03513903874325,90.86970254150626,9.76706376814494,373.75285208666685,46.698594714221876,194.59725632129167,74.1399478966164,76.53198090483974
2.140206916677431,0.2142190786976546,66.8583179465495,102.36640997601761,7.257453017929942,439.44006073768986,57.17534191202244,220.05135491859158,46.53932061785651,54.820745184842394
3.0201131972282784,0.737845292251157,75.36461229561066,100.55137148130363,8.041113038470526,416.38163309329946,48.77684345960642,218.46752865244372,162.54132093979328,67.26364200982734
2.7263932767199623,0.6334490294858484,71.31517248257207,100.80022704949361,7.78034801971519,421.1822080325815,51.796263252451645,219.27630923858726,138.96783816586182,62.067728970447526
2.833513287829937,0.49435642421255405,72.91694639730522,100.18713732653791,7.852372946991715,406.3342073904728,49.00496521464743,209.45956984491366,103.98385013133073,63.807418400436255
5.179520931577813,0.7728652488341734,84.27932628137857,92.04356850704875,9.784919828973507,374.91065846939875,39.76594586075745,198.91870457024893,153.80755133406316,89.98860835171047
3.638241689820015,0.6325072066797226,70.86966970663865,96.9548460088487,8.481988459702483,402.95069629900456,49.82717225886308,212.52007695765153,135.31196908350964,67.24401543391484
3.632047945289366,0.33542881969631355,74.65827182282577,98.88475404729115,8.586928406372369,404.51542384100304,47.78214994603003,207.2075410533398,70.01631256824524,71.20524592784477
4.662014748593489,0.2921559672018468,82.69364013517745,93.03322267549554,9.30903119604049,382.35389550075394,41.2492049015615,194.34793993821816,56.88612763025856,84.24642190160064
2.5407227140172406,0.6635963088907723,74.40143463415268,101.2762114305108,7.620237203946159,417.8010937372243,49.501657827053435,219.76918887149552,143.73632989522608,63.0423549509751
3.705428739350178,0.5792733912934702,66.41350081043018,97.12301986534862,8.562691941772444,403.3496823220619,52.78513326103311,210.77846948767802,122.73836946228943,64.2140098040403
3.504948249423709,0.5339495535941323,76.73288295796914,98.53969113272352,8.444230621329613,391.3940679321074,45.12637590079617,202.36727015011203,108.7831545353747,71.65145123361009
4.089187416913297,0.3307004394262185,69.09201061137873,96.57038319183837,8.916568373243381,390.19481192974183,49.3342891290218,200.14251540043293,64.94767891803485,69.12184079004595
5.498451961376535,0.6215895134011508,83.63217999731667,90.72980309159247,10.035657447776568,367.7006567390583,39.27075677930343,191.66948606413123,117.96814366821637,91.63269154783174
4.693071129287165,0.34890022337321014,71.5173473301547,93.80678424198537,9.395664552001021,389.1767118199506,47.741581953561344,198.09038180377954,69.63137705509276,75.01959700846058
3.392529960560995,0.4796026690812644,88.91858349140152,98.38897294116768,8.333917859137426,395.00174383913026,39.93200568561171,206.30651438408393,99.1394800155932,80.42391356670109
4.896435682959164,0.7893888292773961,83.21260276118939,91.04476178518644,9.464277440393534,377.22537568833394,40.46935333999684,201.34743789646623,156.96662469717302,86.09166349424792
2.5974792715936807,0.3678331528379708,69.13391227777252,99.6376308674399,7.5881321611594545,412.57882964232493,52.13679164428369,213.34767138420514,77.65432491174592,58.91779667806206
2.1066229020813605,0.1854021485854278,72.62801650750569,102.14276889013766,7.2196541809178205,433.8522638454101,52.50667778113737,220.9774211537895,41.283531769681574,58.539670943210545
2.7155693036249557,0.2894905616259779,77.02690457251727,100.04622849621116,7.7128112415329175,420.5017220015004,48.3185888395131,212.81878090703177,62.28570527850144,65.76121671061871
3.191440446399909,0.6988597653375247,77.74803090681343,97.870532500029,8.087919368812413,410.40291335386235,46.77061229894739,217.68691701712763,151.54830852381323,69.48426055667043
3.7870326511084595,0.5509462274760419,76.75612048121113,97.34505177821929,8.645154748179458,398.4284877820808,45.925115781124504,206.8832230826172,113.83407479695398,73.403674676595
4.1529519918941995,0.47422452426224926,81.2443375751036,95.46636276518427,8.93002795149026,396.66445126588735,43.47277450936516,207.30402914341187,97.42930249248732,79.6492837752003
5.187120010250476,0.3981812389376861,75.60969927912872,91.67332432621386,9.775186733168105,370.2273306684128,43.24595621592992,190.83615069832908,77.31129859332117,81.79371857948777
3.7844890334266017,0.597071981510638,72.70779849723176,95.74936416340098,8.55234879018197,395.30409701583466,47.79526286497222,207.23445440633554,123.90847460719274,69.28497393738293
3.754464756190053,0.3301790298019553,72.77103776780501,96.82373746193899,8.59603901537892,404.2784035165817,48.84297870599269,207.7783430632142,67.93636344365514,69.72281793595558
2.1758505343804373,0.5611331137285192,76.90288680111716,100.28317532486957,7.194158049614808,430.3272511957976,49.518176787455765,225.20702307439538,125.21481665909113,61.28174956083517
2.1221904342967832,0.35374908623740864,74.37253372266937,102.44196843131658,7.243451757291223,419.41447343466206,49.70983505287017,211.74438076887444,73.6374938440963,59.9096506913549
3.929059866707302,0.32046812294498916,76.17129016850004,96.29883740157064,8.7475822251744,391.92304002122773,45.481858198346366,197.61574642936986,65.14110204184544,73.75735720152372
3.533625146369206,0.37250251303499765,78.21652142192896,97.82584397516499,8.411500122693893,408.92885463273745,46.35513258076457,211.39538674209803,78.57180096124162,72.63637378799221
4.937131382431045,0.42491851070320763,65.66929561964798,91.46875875070792,9.502810676910839,385.73440485500356,50.976344063502204,199.95370501803663,84.56450945567437,70.52364083994767
2.562378546491458,0.4902340328132594,74.6251983751655,101.21152847663308,7.633304351954751,421.4196412009296,49.79836376071662,216.51204379628646,105.92832856836284,63.32535426398714
2.0874008174096734,0.5470911590222228,73.5977254252602,101.86095212317451,7.180454140224858,421.156594312752,50.37895375386539,219.51328235974285,119.46356628082735,58.85864523055784
3.5716356877554407,-0.23767305828568885,82.63000323181005,96.84929922702209,8.417499438919695,401.881232551568,43.385643801160754,194.5595999812909,-46.34858563947223,76.21462166167144
2.831174948632901,0.338469888450647,65.75447002704115,100.66523278844298,7.858971376447965,409.42107673136985,54.045797770774946,216.31616571418263,73.25143688295603,58.45366319051975
2.173650306685931,0.4216860045287921,80.39431352990691,104.00351490528703,7.374020992183052,410.4627479163728,45.408027550380304,214.17980679977418,90.33163051228759,65.22063270968881
4.536094003966701,0.801012407721666,75.82035844938336,94.1647579931587,9.221311781823285,388.8797407846853,45.31322728208431,207.6996618629834,165.10740843316776,77.42888038375584
2.390575499850366,0.28399947832357353,75.31363825312066,100.97930938361154,7.448001088415151,428.08674877862114,50.17799704058012,218.45462730551915,62.93343117218632,62.300026480347235
4.129118250027201,0.5325593236199825,83.33453583807952,95.6990224829128,8.932148702562365,386.7542812347751,41.4374248247971,200.12807438207668,106.02711249714773,81.40330770784826
2.983674125584112,0.7990060619471675,76.38421529072879,100.30836388645493,7.988442144414713,406.9447175861419,47.108689500339466,212.83707724358672,169.39945157753252,67.5731217411179
2.6072361762425773,0.23740629401054542,75.1305248588039,101.37147143584916,7.6664064261599405,425.17390481451145,49.9437664127759,215.92040156243505,50.55703631967394,63.98341123219424
3.329130330217611,0.5787950451728805,75.20641232527272,100.54253414220936,8.360665836310455,401.7302014981088,47.14788365510764,207.82750515525734,119.23705854137313,69.75866260578726
4.805060216780338,0.33954563321309594,73.34868158516453,92.61001918599308,9.45029996898506,381.3256843684467,45.75065581317124,194.1531429851133,66.19164954048037,77.08217222794703
3.3723275191660047,0.3990732515421531,73.90434740044725,98.39863886685443,8.292238489334897,413.06327738532485,49.23025923959728,209.68422418624561,84.57434711543883,68.19035495969041
4.627693772238695,0.3393778332093371,71.97566869607269,95.04220615989912,9.367510900025525,382.09159045591935,46.61036579921485,196.63578882996194,66.01083872588744,75.17789620643788
2.4392020387970272,0.35362853831682284,72.70420794942902,102.65172025382523,7.569701879121911,416.2541411910658,50.33046703567875,212.67751165863945,73.36571179532194,61.38498121546699
4.704699968827777,1.0443824295812987,63.965986477317855,91.97348776788327,9.293075036418823,392.62964580138186,53.08245918166511,213.05070249406214,221.47929569714265,67.46617692990876
2.82926663717327,0.6688911744143331,75.54031780244567,100.09488067386157,7.827322207937661,409.6781479483729,47.892988765194865,215.78663917771104,143.88949255320702,65.5857403388232
4.370875954611055,0.7203475723572418,74.63636487661515,95.88955077154027,9.162313082196535,386.17618471481234,45.62769032883075,204.3522352029241,145.9732012227712,75.88338783869584
3.980235441943487,0.5983986973672992,73.09526384699836,98.38169034551711,8.890026713336926,386.36556718590117,46.49670141216572,207.4776445695684,123.55562055426317,72.31660539096828
5.252006510240905,0.17874864231960835,77.40119823198981,92.18101392115749,9.853278149057035,372.9009431679459,42.66542687185495,190.77911224589818,33.54998047261373,84.14658869275341
3.355628812913599,0.5789915940646615,66.8589349606691,97.96100851984521,8.254424578908083,408.50842187358614,53.15041407776877,210.4179528264632,121.81473590469975,62.271028128456045
2.2315781609205416,0.7145859229014693,82.32424377621106,101.3821139148282,7.302834214783323,425.85371956746485,46.1258822330255,224.5631215230974,159.01469097696506,65.99216749666705
2.067044199429385,0.3293201051921777,71.96661573187727,104.54033998802184,7.2798213954922675,429.90320848071235,52.44857368358086,219.78336833230185,72.95919535167708,58.553827715145665
4.894004963404636,0.6930653334322253,75.14358379122461,93.45397589725637,9.570667575492548,381.2868050160071,44.781625113518494,198.356321367834,139.1348288258873,79.70816354119142
3.8365747318150127,0.6408672419708158,69.77690862751341,95.89353489713912,8.627432138040657,401.5118722520865,50.32933453548404,207.5256789954522,134.42552674141643,67.48609663111543
4.713354181422322,0.870408008962734,75.77575692995309,93.34073527195484,9.38759356025559,381.57155545414525,44.48477857977369,204.74830369607278,177.6305192112976,78.75247035611415
2.8204896000403012,0.4164433974972762,80.31938697141476,100.37643561332192,7.847116355913276,413.97769793814757,45.83486578237822,214.63059500129006,90.0501493503575,69.36138516054069
3.2077931092963183,0.28047780354485463,79.02893277831575,99.20776944057339,8.162736169515437,399.57204263002,44.881144832429285,201.90067396953376,57.17891137510264,71.0880510199888
2.1053635527396164,0.42767437812549086,76.79862501899032,101.9115326393747,7.207081661648729,413.39408640015773,47.626801266692055,215.05249297835053,91.92891603592332,61.27001697661297
5.3652231360093925,0.7871141986327247,79.17026252154763,90.73036668946673,9.893371910085742,376.27404514573055,42.197256630797234,200.5135643459867,158.00407915635773,86.17721029268061
4.337537673452847,0.13431882383160737,73.41233257033036,93.49627049301668,9.025588818732032,393.49409290846677,47.17457008850416,201.15354712559252,27.701751656324436,73.72179717778644
5.266217807157572,0.08632485691379355,69.06864553340557,92.40004750663233,9.878228820480626,374.1730332056257,47.32255506356714,190.56063025319824,17.333494944383094,76.4894744409986
2.929237426001753,0.5178790557863227,72.50989105186893,99.47437423557761,7.906483633866889,418.2391639441446,50.68957898407879,216.57089397806115,111.34585782075636,63.97423174572765
4.140122639289813,0.41148214144516876,73.7887898444794,95.88262808183228,8.932377951934985,388.17943793877595,46.32832609938356,203.5331505512697,84.49794803390107,73.26194984284471
4.3747498890242325,0.5015455786351369,80.49367206518528,95.82618219527625,9.15589005364567,381.15726744059674,42.11977022725277,195.8535852195845,99.89596225020806,80.93350255443754
3.1114239509015595,0.689062354247173,75.28066095338097,99.28591228574369,8.084728722806599,403.97247254404476,47.36976332358376,217.10276059563137,150.47952097160368,67.52168353917959
4.968382322554705,0.3894861307762295,84.02361642658339,92.52028549029929,9.588255278981,377.4635577253261,40.14561150389929,192.8164994633347,76.63581524108103,87.96118997137329
5.315065120150868,0.12539883381387584,82.36552084437191,91.5524092609791,9.87568486155004,361.6253040451766,39.15154710754943,182.59762906644107,20.314010385265355,88.9454528650253
5.096992911936015,0.9088963114399888,73.83391344680274,92.21107969130414,9.678726762869541,373.0570913299779,44.49954391866763,199.02761373936323,181.49117306503817,79.35722741282936
4.586734415787804,0.3005543425122448,66.52843531584602,94.94336154304504,9.325152045995775,388.3341600699267,50.74377366624638,197.92181319688754,59.750511704130076,69.9847504486973
2.9711263790373392,0.2881925755975805,80.4932278245522,99.84972839140035,7.977371882800346,402.23451583455915,44.44912901266041,211.28725387627122,61.91850258276604,70.60144796210682
2.985656147369711,0.7207440027445193,80.37971349299738,99.11468266854288,7.953967665471893,405.46720926505725,44.8626349425718,212.61932329887426,152.11847597768326,70.32027435714842
5.371761121561133,0.4231021757916964,69.61505539136223,92.03711532004783,9.966430903540049,361.7675218870813,45.43958678528168,188.93251032500194,79.43161510452374,77.63917079415586
2.035995735774922,0.48732202959303783,79.98939498206741,103.85840240987446,7.225171307121633,426.5298491117481,47.397790505952905,220.1039491771968,108.16203996745504,63.67545285056077
4.506174906347505,0.5965580248120637,77.31799574057959,93.15772332632736,9.159411941908314,382.4453868988905,43.79914857816134,202.0441646808017,119.47139924932456,78.19288881746897
4.471861568943417,0.7167166206219991,76.16966137336037,95.57471161651252,9.237262828314547,379.29047263365914,44.01670687671032,199.30766658941758,143.08943151947486,77.82901120662311
4.179413393324291,0.43330786136364563,83.0892123432258,95.66382254193176,8.953116201704646,381.2268773988239,40.952852409279856,197.62532080718498,85.61566652736015,81.3572459690416
5.46538096130403,0.8039904011828598,83.28188301971791,91.09778259555317,10.030081586275696,363.9945475055734,39.02092622086459,195.3145263714751,156.8350737473765,91.22465053137726
3.091578025173038,0.07284003025303887,76.96654839018366,99.98477661717158,8.095855734745411,399.39548801456107,45.925185649847265,199.34672155440313,15.09311987096373,68.90645625148743
3.1899015232763688,0.6519574473906155,76.19396715699156,98.3817635557293,8.111720589648133,416.99989972998407,48.379244335101866,223.79476342430246,144.78916191411554,68.5021959746023
2.2762879103129445,0.3320944883964685,75.81351694502733,102.79632392525744,7.402752640459209,409.69581732695997,47.742573887213325,211.19120807589462,69.35531941816622,62.22233566327656
3.549793477903081,0.7744542633215983,72.25946500407106,97.27430245154893,8.414515632620867,400.5528055970218,48.693825759406316,211.44127483930012,163.6123479460028,67.82447905509285
2.913669841821968,0.528408895766109,73.22089656152475,98.62219500985483,7.82174114261983,414.81135316944983,49.84461479128407,213.93734098751514,111.84521174917951,63.812992601676264
3.2018534576217546,0.36541893359811967,69.3306383761734,97.9953078750383,8.110046878286276,406.18991206312234,51.20214842303849,208.75968608278694,77.51566366898327,63.10505080409789
4.921001265894697,0.6325682186043265,74.24000264037905,93.23011303569115,9.585092666686625,379.66280429658144,45.069182383263175,196.88792940612868,123.74627963169917,78.9921368910363
5.274195797346235,0.6786376694414503,74.49586556347082,90.78394003729245,9.79994047468986,370.2048364060836,43.813366954386254,198.84657377236343,135.731105001335,80.95766077819368
2.6500657520181496,0.6283788245717277,70.00355205431346,102.0128307664882,7.766871545917461,424.3116205782911,53.036597711340484,222.44400020252363,138.90359607334764,60.98781181739767
3.3037812604371304,0.2940607520733879,74.64827002576688,99.38819235122175,8.255229231406531,399.4417222910138,47.18840942282979,203.95580029178493,60.67959322967473,68.42896500621845
5.250206967403879,0.40319657527558306,74.68034410738177,92.6910269469128,9.890061376572014,360.57051511886544,42.580190116094926,188.42516189727988,74.36353129828365,81.82764957215633
2.216329612412279,0.499185432575713,75.1707691366546,102.34266922029896,7.339014791117013,416.6588972707313,48.92041031145456,214.37420056782943,108.42109344456911,61.25482124129806
2.3232618483898246,0.49174806946998795,64.67631115159895,102.07487282447158,7.41460878521988,427.76977370903137,57.28319558268272,218.94918872370462,108.80297387200844,54.41955422116392
2.569768462221803,0.6499490950876695,72.51694818412966,100.05084089882827,7.571932000255116,418.96495882350143,50.773200905178435,218.97144969460828,141.76771207092324,61.27444552851534
4.083244919444062,0.09701975349867831,75.55765210422034,96.50526959007178,8.892140120526122,395.6948012877,46.24890837416766,199.55778424526935,18.535406404141327,74.46888698782455
2.526652948520991,0.5668654109107006,71.4788373390408,101.4605814442062,7.5712182775680335,422.49282259657787,51.85307453990133,220.810564875135,125.62767410386743,60.52221953842254
5.388267335077567,0.442003729112672,75.60395730304693,91.59490882746233,9.957334014181368,367.4303350465279,42.922120264345516,187.39266762708957,81.30215167774134,83.29804096390122
3.563500845404821,0.33229987672320954,66.3499709608365,98.87839649024544,8.501254420494472,400.9895057367982,52.5199290439134,204.56661735920878,68.01221381694332,63.694288634422826
3.7553128612255824,0.35150264444608004,76.28876095681815,96.37163459855246,8.580337152961313,395.95110867978036,45.886753302429256,197.08116442024425,68.46696202931071,72.459570545383
2.8633051553189226,0.4570924670964073,76.67399609921806,99.87751871648192,7.857855171993627,421.5950285379235,48.64146658881545,215.28920293359567,98.15276279285835,66.73518941178756
3.6483608835215673,-0.22021702089190365,76.84571953124471,97.49207364490825,8.523900020360841,402.2378233537221,46.316367176738964,199.2461794308833,-44.52124882943648,72.46192375394854
4.316697714229541,0.35974208584169,80.37367255428637,94.14320967582964,9.013713981788188,397.03468583841425,43.932560735530615,205.83552582398192,73.24933276734652,79.64729898348922
4.6291199793391495,0.32483703507074135,76.5625920041195,93.64800101529151,9.306219917063311,387.4544617187951,44.76003464641588,196.31577731483262,65.47542919818272,78.79662802844733
4.638538289484695,0.6065566418645248,77.95965185063632,94.15947583517715,9.337212815144861,381.75396598224046,43.40103194479376,199.32612352093935,121.68312760207142,80.28007159459068
4.022618894429309,0.3388946634978959,75.60759636559943,95.66049685239915,8.793393996978969,388.7922740792525,45.41562788643892,199.53076930235065,66.14004993802426,73.6563050988945
5.1652592124785,0.456977239965902,79.63606465293667,92.96878428410854,9.807761432414056,372.99794384628797,41.612485475629114,195.5098508003167,88.46773860010661,85.84983502353091
4.8609274655713826,0.8084553255322604,67.94696477802505,91.77801422104658,9.450573300474675,383.50540221821535,49.200812797566925,206.93772072512556,168.15735140307027,72.19695683825518
4.649668401445189,0.6988703039630847,71.11169724184417,94.6243775871285,9.375160895607372,383.5838667644238,47.29081991968715,202.58115245210422,142.5466384351986,74.46882189733986
2.1946193258816122,0.6804542799886906,80.5680414762234,102.84778073926717,7.333773336150721,420.05182130199995,46.379695801666976,219.71149153966587,148.11854208521177,65.01867086191318
2.0240728677687727,0.40002551391782964,60.1267083308415,102.46068209276403,7.154056120516088,422.6058807194606,60.263185137067076,214.41593585109644,86.47044977969855,49.35013060066777
2.7435654701841554,0.6086064558579305,72.59138891509427,99.65799399977146,7.721457625985821,422.8384909969191,51.196437855235274,220.76448080545063,134.62371735845446,62.550810458055565
4.3223325786970825,0.4532204399092812,81.04817389247684,93.20760988076626,8.969373406425518,387.9409948684123,42.608322416938364,204.9186490358259,90.93165029656701,79.79182527056929
3.4391912110889105,0.46078135786461244,73.66072612559786,97.32669075125774,8.31116028386781,397.2412382922614,47.4824038337765,208.11272461397454,95.49126611813803,68.09760535241887
3.408421907547591,0.58193706874931,72.06505093180361,98.90826464758582,8.356493636411965,406.4529204444074,49.52813844984651,212.30523284596117,123.41212156616785,67.22039139767809
5.0960541088036475,0.3806012823158135,76.76237331464088,92.11894203816429,9.705287805693587,370.91011371723926,42.75011154572109,191.77083171075705,73.03671626525156,82.28069087107083
5.134469968461436,0.7986006208886407,74.3957630621415,92.95973981469845,9.788715345771717,377.278090974563,44.703439756421076,199.241022077707,157.79342115042414,80.80503039658645
5.18211342418755,0.4679739720804126,76.37278357280977,91.36670615884394,9.755015147402826,378.7588659253819,43.85164518937833,195.6847712863441,90.81236419033281,82.37821508474366
3.0985732678025957,0.623672113251933,70.30138273876247,99.72067849077617,8.084894479266119,415.2797397725192,51.715141833050716,217.29014993620729,134.89486326089533,63.691242377211424
4.418695344587416,0.7911200958514597,80.84580651328352,93.9605674122765,9.140638241829764,384.0443289248172,42.274304523749485,204.1902345808174,161.00332223684856,81.11996987961933
2.9507161344602935,0.706330754915035,80.65718396668065,98.9000335244211,7.882868123218329,408.0108753088686,45.00590658748294,216.62189884396594,152.487711894334,69.9104997916455
2.6671344157605743,0.21821617946189503,72.53360968835457,100.57932777110145,7.6902366315307615,414.0541316927196,50.16794167323839,212.2244744037708,46.17818108178512,62.22986789881732
2.646213600715792,0.5889791790019768,66.24300921740274,100.20627918843874,7.666200903784511,416.5659977950462,54.63661548394964,218.15882014297492,128.8006393949597,57.398865854871275
3.197376673022579,0.6701438788921295,71.21763615606012,97.5749239251912,8.077548732203095,409.8758205724595,50.46635681256234,212.99177611321312,144.50936074114725,64.32924574170845
3.5048516692293763,0.6783726044321498,73.28587870256044,97.5871673971236,8.391789269425669,401.80314781850376,48.243850467552456,209.15433233337052,142.75545790680252,68.47245518517157
4.908322098692739,0.27734103317707376,78.41768090294732,92.90602098772044,9.55532071237413,373.39999431222765,42.23137165541522,189.08432971320076,53.75770674976332,82.53165613367912
2.4196188271544923,0.36859295259653524,67.863476476732,102.54602099415614,7.560660442373899,415.92247679281473,53.416890127825866,213.96117326376873,78.38382490928768,57.788098694997025
4.57224046588213,0.6989116471483243,71.6408769658478,94.746602911119,9.299495502881747,384.8099586947331,47.13447147998027,198.83601194507915,137.9648814706962,74.34460938942979
3.860092199662569,0.3476479258634708,77.18549132888911,97.46563186056727,8.746798391585001,392.01884754702513,44.963771101342495,201.2115925165354,70.75221807360673,74.60027197583827
3.007808699365974,0.44006078866713716,78.30391459943696,100.0489555509339,8.021966441844713,402.53227045692165,45.584872684623676,210.68433249137615,92.69770257607958,69.31650081402537
3.724868545864886,0.815175161900394,71.36187202918444,97.22905029663288,8.574218169554227,404.1237428643487,49.66991697528663,215.62315093004153,176.50095476899924,68.38466185973374
3.0497972442195795,0.490440149923042,66.99367142330851,98.34255372005396,7.973231584321154,422.59836349837974,54.88741550912005,217.95432877614394,106.01125345676299,60.29039970148309
4.08628684333407,0.35464517243323135,91.3241352184403,95.81789380667897,8.876751134345653,390.74826429563194,38.564184481144075,199.2972989068149,71.32840203505226,87.66957145250743
3.5184537299933547,0.32447652862741894,78.1386656614356,98.16284696688791,8.42053025814656,396.73298851411437,45.01236608664725,204.84507275602184,66.29216862789514,72.60444133424993
2.5754193517760755,0.5665438659170376,71.75548441329613,102.15198262828008,7.664132291292903,417.7640119858739,51.09920331142111,217.99227471379706,123.0412850719352,61.455808359724344
2.4080407609449384,0.2333703983045582,77.23480529078813,102.12088817007816,7.503977032737675,426.7286819873686,48.91725046727771,216.3720320630872,50.12807153887928,64.14941125298455
3.9134348872524556,0.45053280722071637,74.07383871613084,97.29528464230074,8.785280240769339,388.79636148427346,46.244630603464635,199.9781110926352,90.58713319050909,72.29784524932481
5.158445616501362,0.5666461069980043,80.52591918530257,91.11984202915305,9.722576130651621,377.2510853462727,41.673267583625005,197.27800025748095,112.56095215859726,85.95199302379066
3.2038519029518993,0.7598299641095335,74.64158827242339,98.52538423874987,8.128014010083632,400.34266844863805,47.29857704939493,210.96271015798803,159.9293743300731,67.3723951464852
4.565500375279181,0.6335096160739991,75.93495994117289,94.36422925745188,9.291881689583208,392.2085703690233,45.640164449661825,207.17568856545503,131.59210075139114,78.13770977250401
4.305314742289184,0.3571869764035642,74.59846834959308,95.8601605545819,9.107775370797219,385.85353262046345,45.60999036365171,200.76690914824263,72.05214163488304,75.39729731152919
5.260442200083183,0.7356838635127441,69.07562397278437,91.47226938303773,9.835602068821334,386.8029276570786,48.91557071875973,201.70222212554503,149.1274069124583,76.21749327330222
4.873433560546993,0.4400969924905045,85.53859476962208,92.8770257707662,9.510061512846802,384.22365082842435,40.21659013877332,196.26164115651207,87.36107320751474,88.65339276650886
3.9831184061691207,0.25285939559011816,70.07207248606423,96.60879782321045,8.8179688384578,395.07964168851134,49.34050405118103,204.0288241534049,53.40182654566518,69.20470970208001
4.299606743819376,0.4655917281469055,68.35941021103027,94.05067973491609,9.007010577641768,388.9189974972005,49.63271117659003,201.77501255613177,93.47960640634994,69.18447467854978
5.144352633044122,0.7876338402291404,75.10892374587111,93.28068942420431,9.81512654815784,374.6277768979493,44.017449687950446,196.86509477883405,156.51762050738694,81.67986112488776
3.398315746054272,0.5330480100129851,69.27061982771258,97.40258601432389,8.277099079470489,405.8489756462724,51.19790617612779,212.88671118665226,113.59591213131542,64.3560715134992
3.143781470502221,0.5025043728659573,73.5139738118013,97.46189331439479,8.003254490502748,408.52148584729656,48.91654260973133,212.4816787164153,105.6781715034864,65.49935642852066
2.0378387927231874,0.8274423289405707,75.88422579407667,102.8756178322869,7.176520391883876,417.82533557180034,48.64983432156843,225.7307942438585,186.12872961669578,60.39359611063503
4.892928759670125,0.21372903058911458,80.84802901425026,94.23351630305503,9.585618361365997,373.37565324870707,41.09892721944909,189.42315872865916,40.95118820642052,85.0149102092646
4.803432451411777,0.24288017718944555,79.83777254980254,93.65714892432567,9.493759858011614,372.6372982110655,41.47891111219282,192.17925975751186,47.400293373966434,83.282008194854
2.3655908133505297,0.17683070580663357,71.31054870209223,102.32130458767605,7.479532928254528,424.64336048619873,52.22487946084566,212.07647195193334,36.48536436351327,59.67385985078034
4.019000833964451,0.574529637296011,75.07076013906527,95.96660569097011,8.821639259219932,398.49426734296236,46.84268327819609,210.65713333124847,120.2648821500014,73.47774899926782
3.623935943584106,0.5332986254230249,76.38811838678839,97.19432219963868,8.468895266084138,403.77026734321987,46.73909732995987,211.7729331693776,112.40509750417228,71.62867119279476
2.41548183428189,0.8085472734559552,64.1096410814279,100.3098860843389,7.444985946995765,427.1683000756511,57.64004437780238,228.92105400725242,184.23012603232937,54.23362183315723
5.431988794712533,0.548695015427354,79.37131005425434,89.18053021218279,9.87907191367548,366.40550236908416,40.99811249792037,193.65433705096987,104.37708446550845,86.18830924008344
2.7514356061217438,0.41916856810413944,66.01522628942693,100.5269932493266,7.7855309016318985,418.91029531460083,55.10873488945565,215.54457980711115,88.1301991673919,58.12711791861274
2.235319630316964,0.5003589745756214,82.88411655091281,103.22642064936281,7.39782016449403,422.85377580797615,45.52487459749872,216.59001939454868,107.99095289207195,67.23706869427784
4.081965828256683,0.5235414836921917,72.87578357069954,95.98842656496406,8.879492728729623,390.3286541251291,47.098034830904275,201.81334351721935,105.90973658351334,72.05950218764357
4.586033369965614,0.16564774533436655,74.57886415798579,94.44776282676196,9.305719910237592,384.6489882390288,45.478145405279825,191.2869095251337,32.34183088157601,77.0133084506005
2.113552061165154,1.0420663288669787,68.68772697720891,103.86954182243359,7.300648522193672,425.7846308188934,54.110678650333554,226.68151228008395,234.8548372497476,56.40474789801773
4.305511735544577,0.6039742036203823,72.01676392337505,95.19372240674683,9.078149817650926,397.94213142568384,48.51960896646265,208.88240146556453,124.81424295808462,72.9524801030704
3.8630215658300906,0.5420016616045178,86.00609372471231,96.38130043934859,8.682212716141043,396.21104886361684,41.26936463009438,206.1400435982258,111.20031755036176,81.38254825505744
2.3614275310626693,0.6230327968557161,77.53556148039169,101.08018379676061,7.402744505597168,423.976683354642,48.43479337818772,220.8866533498923,137.62297187757102,63.489515151685396
2.6038335693122674,0.641882196117321,65.37858805743552,102.50435255778474,7.725211595181157,410.76086420357547,54.493043023118425,213.42245921165255,138.0008584199317,57.18220551844906
3.9879100406062817,0.47188930289951364,82.30655655215368,96.46355308120096,8.81237108493836,391.6941423142092,42.43405419342016,199.38061267888077,94.80330039790519,79.47114765060029
3.037251647296509,0.3737517727518599,79.61091335246297,98.61473786172675,7.9769665931973,407.841235650446,45.512451596860814,209.8910606429754,78.07932782893312,69.94548342258285
5.2841050502796065,0.6198901372643408,74.93486374889409,90.56869818978039,9.806493762563454,373.0778936963239,43.92517715685175,196.59561929206436,122.22784073314362,81.43732020710179
4.865590803194178,0.5771421681062905,77.3721936739822,93.97288317036352,9.55885719615431,370.0569112436127,42.35408265293547,191.70246102330728,109.79603474717304,81.59142005944706
5.442485222797821,0.3380219801821184,76.45626187025202,90.12134836308097,9.948786962223345,365.0029128959444,42.21821589322439,186.50490561037654,63.117103263748376,84.02327921088533
2.908847936326449,0.7838071222734528,83.3535170458264,101.3020995488592,7.982687161968882,406.6647625027629,43.56180413675629,218.1737549936621,170.94371976414212,72.84888127270135
5.394032714792919,0.5586704072645967,72.49138831279105,88.9157152605522,9.826130932464569,380.05260491654457,46.0717915760443,200.7253544743885,113.54361782236515,79.33512900398554
3.5093185442704526,0.6459638724535262,74.94123530200318,98.8554612532854,8.457145153244639,397.9279799651089,46.847444418520766,205.6845989458994,133.3583751229691,70.33467989775642
3.2163157835981413,0.7783841775359839,71.71885228535375,99.13241060633608,8.168295688613659,405.946851678064,49.67603439418602,214.47991572761023,166.1769877556203,65.43317680652308
2.1762233443927363,0.504377764232967,65.44626599018201,102.47809383307091,7.296883710228799,436.78927937578226,57.894088414212916,228.87021751613014,114.67649378448588,54.11749571643856
2.184678402508609,0.5633904013968231,83.57980535828526,102.21325884318645,7.315357102119229,418.7768238684621,44.750768850726715,217.40642596056836,122.1516020552785,66.96066732090398
4.422039395813291,0.6620054477012233,69.3986143794639,96.0354459935287,9.22184700324421,387.1596665640623,48.7615142392459,202.9720286207352,132.8041226734522,71.74876539558721
3.602751480519098,0.3550277832399895,75.4239477140618,97.95601690490412,8.50809926326739,399.0922117387688,46.71900824282246,207.0569978714704,73.28096658048857,71.15646945954919
2.79282569112637,0.5108103325692002,64.64788779744997,99.50254719394134,7.775142189195471,411.9104753650881,55.18045955737803,215.59153115963247,109.98272252110658,57.00669842174798
4.148896072138314,0.5251097173302297,72.98332259035051,94.1037357826928,8.842282622131968,396.82000913829603,47.81924810328565,208.15725701986267,109.77192527290244,71.87318132172653
2.8850034138753893,0.30878828966332106,75.57184820381775,100.04432582195399,7.8687657617208595,409.131564891134,47.81146761218146,208.67363729216856,65.04810090942179,65.95500212026413
4.021711140205479,0.9635273577347757,70.70238347073476,95.92315410245088,8.826078666252192,395.0471202014636,48.95110939873543,213.30224649930352,205.62146637775376,69.80259301033209
3.257230614439416,0.2185413113015195,76.84268599100557,97.38379841956164,8.115585073493014,409.1730889558265,47.11658607590801,210.85415517534648,44.45035087875473,69.01318825833322
4.8824327931413665,0.24037921926256844,74.51371389232924,92.86717040361935,9.509149483776623,389.72431271271284,46.11373642971399,198.3680972483578,46.46252181201376,78.65958057849987
4.872436562683728,0.7628453151407159,81.64733643721354,92.4873243241476,9.507064401039552,370.6109271815924,40.43881050874767,195.9413240752796,148.86781618969638,85.02710162736426
3.6707263934284047,0.6426532501593085,81.2136762388152,97.15988967764594,8.518526609972946,401.4689082303461,44.014113319939234,212.83439814574194,137.43100916269626,75.97447390621193
3.2278668826725543,0.29480703650384443,70.939716455557,99.28320479996478,8.18430194791395,412.28169074036805,50.936883497330605,214.65383052353593,63.89998362191675,64.96804616297541
3.268959287956831,0.6214578030203386,74.30641544251297,99.75273045012233,8.27633954201384,401.5595691188216,47.630962247782655,214.33166137184753,132.94864512075276,68.34006951042134
4.820000839838762,0.7935700889994619,76.70127214016767,93.85710828965976,9.496258900707934,382.39183237003414,44.104523835801544,202.3504445204591,162.9389906769483,80.50837328249608
3.148628189791642,0.4939473884806028,76.87510030492346,98.40264873586509,8.056197766170827,416.3431853110735,47.9243400985723,215.03272298375202,107.7764195407629,68.55775740062352
2.731707807973961,1.0197645800149164,73.34995935079007,100.7341547751545,7.763818565306948,411.55878890748284,49.37720331396678,219.01753848769206,224.586247549654,63.42685889332188
2.296409196563574,0.1551876378263929,73.7067458325905,102.01305350922111,7.394659303626286,423.83146458011385,50.63289229135207,214.47965150628244,33.98524863368055,60.6994716670524
3.6334259230954293,0.6387646907718204,73.14307873373892,96.21730610546128,8.435353775547316,404.05969981525703,48.598116159402245,209.4630824062908,134.25616281520837,68.72008008185247
3.6874623462194465,0.7333056672442007,75.00115415032343,97.41246801598575,8.546499196045506,401.7404486937283,47.262940451756165,210.8165424721122,154.97854137973866,71.14101191600675
4.943180486410175,0.6782687803210493,82.42151755136787,94.18420616789857,9.667490738049423,377.52803702204443,40.84850011386303,200.34030981216273,134.0795484570743,87.2133718373231
2.774335437561224,0.45912885467087033,76.55961873113274,100.31576725188533,7.792753661396539,414.35260342087696,47.869042111647786,214.84318935078034,97.589423103666,66.07348185872497
3.3334694578393997,0.4419117035977701,77.50644154662412,97.05751075378177,8.19219668297058,407.7206706536788,46.59321799029412,206.8675682704719,91.19506272678366,70.18075403913166
4.829420086127918,0.5888290342174515,79.41065572403139,93.12124463543918,9.48411006613429,373.99616813708303,41.829037613976695,198.97110417835205,117.28783560592987,82.81813042110099
4.882682637621407,0.6631508973304139,75.0901752757405,91.93964100914647,9.482559237567322,381.1327626065551,44.79162974708518,198.3396525889303,131.4046620677091,78.92521010402332
3.346138765925689,0.6204946872564727,75.60950173700849,98.97939872476911,8.30443771877524,401.28573860128927,46.873971984328904,208.02842176173374,129.35280728271556,69.60885603429719
3.606934081503383,0.7080115781586779,68.90245250612534,97.79562270811826,8.486752226763842,396.55482993650253,50.2588724863422,206.41974433710251,144.0442684014801,65.65619614232226
3.06150061797249,0.29622600858665293,80.01783902315178,99.1480197943165,8.021549967653495,405.0161422904848,44.992875488414946,205.6288945969142,61.41829099934879,70.6382714407089
5.263942074467592,0.4544458041752731,62.401928327645,91.31127132667876,9.836466063935609,379.6571893512201,52.4374416704944,194.85166898090748,88.61166096073461,69.88517680187627
2.4152531800955312,0.31199681357524917,72.46256185443751,101.37682642837319,7.499542474978034,423.20311214051526,51.320636010260166,214.53664139150857,66.74729855052827,60.66114552618001
5.2681229805051455,0.4227774447827717,82.02622746235754,91.56818916370584,9.866011348488456,363.52698644067397,39.502541445521196,183.17661078861568,78.37025148770614,88.55151419398408
4.393532581423701,0.703044178362861,68.45289942956173,94.00484794794382,9.09447357679071,386.0409851087368,49.20671994479189,203.82601001391893,142.25315635584636,69.9276818419972
3.860502534403559,0.5215967841450457,76.63150262936853,95.3780386647864,8.64079085713975,400.1548632039237,46.190456249603265,208.36551369976866,108.4458870199018,73.27020669442119
2.1143067127457353,1.0213718326299541,69.13333582239974,103.51088566274565,7.263149316549303,429.6244198031334,54.29120551259795,234.6216008668004,239.92031286329606,56.436214080285126
3.664586671377029,0.5386812734379434,72.5534876797081,96.86562586898283,8.523390793919937,404.9463023599498,49.05259774499955,211.5260522768752,113.09211189719846,68.95777124597963
3.427118367509563,0.5119383761159473,78.84224684420867,98.13872019705184,8.326795540744948,408.76634258330034,46.01035623289692,211.0690688939531,106.0510123997932,72.40348789885144
2.564265841912929,0.5212365838880433,74.06740363972126,101.25329511423874,7.624519623134987,420.57208162936473,50.02796130492691,215.70315961605615,111.27933794178504,62.84123463533724
4.297433612252299,0.37243826142801284,64.98514099528094,95.21659874084112,9.062674594138025,390.67841358327274,52.100777353723906,200.73322779345804,74.69601378298488,66.6768267755119
5.399028175789001,0.4884326775244813,71.5967061122888,90.16434698705976,9.905711101468833,373.8213428161174,45.81328838221552,195.13460734971105,95.06109900184482,79.10075009612797
3.9676608387258376,0.7255576054223292,79.6378716809148,94.77251493281808,8.708251119162423,402.2793144490225,44.87827599042309,211.0163240672081,153.086232746059,76.3574745266771
4.50163646755381,0.5227941336255545,77.64667735202957,93.77331834380807,9.206179314426477,398.63998775958555,45.48261266750171,207.28393793687323,107.7075499040774,78.95320418986182
2.2395765839810586,0.3413080540233057,81.4281697633987,102.47805118199986,7.359636942627592,422.5514750708005,46.21677062597833,220.19006653386748,73.8403792913834,65.86273065404947
3.4618344853594816,0.314983075904273,82.56743935249787,97.30121940726237,8.316026217557594,403.33027060190545,43.57150564206699,205.62166118543848,64.9043515709436,75.25222799506261
2.4072546980757354,0.4099596216668313,71.17747998695691,101.29067147377555,7.489922910337499,425.35909163345434,52.39865683214093,215.05538903214466,87.99750293054487,59.66267682651042
4.144785424377787,0.514772686882176,87.48993153460079,97.19508894567741,9.009807513831705,384.92684133862247,39.48375337631718,201.93198454732672,104.5869051356391,85.66687765164231
5.284687553749541,0.7387173070952524,76.46402341375901,90.02725445403298,9.805272666204324,379.128206822123,43.84808754594601,201.2735059091204,147.936537491878,82.88994351278771
4.316222063650734,0.23190227172671263,70.36612380433576,94.28919558049404,9.039318141781225,396.10741410630544,49.28785853485886,198.11425710653756,43.92229429361076,71.20090293650489
2.2688106691004752,0.43603474442224877,69.55437347336768,103.57644591300748,7.434397020830715,425.2621924297827,53.45553913162891,220.02690473577766,93.33491519403317,58.05778488079663
3.24133171744779,0.5288620038870158,62.60597253449025,98.61966005133657,8.178768566732188,409.7921401215321,56.44055520733741,210.8332730207958,111.10023804135527,58.348932429743805
3.9273218280429805,0.13325884647411307,82.74788123489799,95.68958546945044,8.701961620856677,385.25813315202157,41.53821392170644,195.5105940778513,26.18142540240082,78.81152450317302
3.411227146466383,0.33328034340671875,82.06728252097898,98.99572012097656,8.361087470539607,403.6134053188875,43.83896149285364,210.62043482895308,69.96333832630408,75.26148853138402
4.917754036663103,0.3640222920527627,70.82376764992911,92.83204522086403,9.558599153670228,381.5628014427543,47.209232202019095,195.88779643348212,70.74237419055991,75.6536809310562
4.851348516484962,0.34080592522990033,74.68219677787242,92.74163347626742,9.472253552252004,376.9932115905404,44.51859138461194,195.77523707179168,65.12997839419694,78.45091816418984
4.141408570361275,0.5383779090043295,75.4477280049964,95.65896514536554,8.916228722733933,385.8467330183496,45.155879743904705,198.54206050853497,105.0012971812889,74.53649984790036
3.307102807964468,0.4678880780996405,69.16675810884679,97.89865312461815,8.224087337196966,411.1587142594382,51.935777601772436,209.55884000853837,98.41735768137967,63.877500788918475
2.8936773081713545,0.3889427794797927,64.69690261344982,99.05813657108979,7.848967910774256,409.1356991310501,54.77277970256583,214.43673220251327,83.17601741562,57.57814099920265
2.3705601137459524,0.585592525310527,71.79288411761058,101.61216205978137,7.449412255388392,423.79280718240693,51.812918905394284,221.29592149797404,129.22571919615868,59.777179466738716
3.2421418922029392,0.84461494352925,72.28517312334729,97.84370580922891,8.152456084863795,412.25456109922965,50.100710182775074,220.06984458487625,184.33252840162896,65.76987273024532
3.4461038102270183,0.8278513033483504,72.19326836732854,97.94719131364262,8.339501022808458,407.0821366289826,49.527430252523686,218.2628824704073,179.7229551257845,67.18849301889621
4.365380237864258,0.11544564558753273,76.35203659844193,95.00469442145457,9.114700755317296,385.2114713824851,44.60942515737209,193.28179075545964,22.358645463588196,76.98161678319923
4.303559385041507,0.6154144367670279,82.31186955467977,95.61999051719602,9.094466939462537,378.93904096650283,41.049871787294165,200.35096975428218,123.58349516052445,81.95622087919949
2.2453784887443993,0.4643953419872323,71.17899058803465,103.04351527780805,7.3935468946486385,426.59256207078937,52.54962632334908,221.6092994898208,102.75008629205117,58.89923663582034
3.383407604009052,0.5310310685730713,74.91230411841767,97.83348418466252,8.267616605848655,410.68536169542693,48.36582471283433,210.71853723474482,113.27733942208343,68.78015582406194
2.6362260352607665,0.4203433932914903,76.7978238610376,101.17274056293857,7.672325499254089,412.970693696788,47.57846168562356,215.81646837059174,90.14153274722382,65.22325890430973
2.54884446860882,0.5235177259774404,75.82932799489433,101.47306311683421,7.613132641316704,419.9401569771725,48.92734998486218,220.43656541020692,116.68932136733862,64.03424410572384
4.895557524080361,0.5302814792144037,72.80255140665723,93.12780363837152,9.542487428539042,387.93680646021534,46.85082764599759,199.35519094024826,105.93123230215674,77.36296906086694
2.1467032585069012,0.3842096485302154,73.05792952577846,102.10297106646549,7.253437478784863,427.4023140961994,51.45833956329813,219.86487465897653,84.5823396591527,59.097104281084164
3.467140065657425,0.3207264904349638,76.89826717963417,97.04255552022772,8.313163259011533,400.9930272235268,46.14511200719376,204.84525149446196,66.63182131056571,70.70765895148962
2.588712795182814,0.41026086347610313,67.46469866666548,101.3411067281134,7.677348321697056,424.67142179970847,54.82128364393323,221.32623879184766,90.17736648917743,58.406941127034365
5.077655754874659,0.5468518528913531,82.41088195983214,90.86271480818425,9.610215205981524,371.1435382256476,40.16231966998984,190.95332289395688,104.09397498114619,86.65131856643937
3.9496417964626227,0.6197992683368528,81.8975146818257,95.96198216632618,8.761747371647507,385.5150866190545,41.95054544769933,209.2593623830011,128.47525813157856,78.64360654111076
2.809832227318968,0.6706697954680293,69.75789739556029,98.12268239186473,7.71816387646348,421.79516946823617,52.884439440064185,220.60866332739477,148.8907796337646,60.41603613372681
3.7584955050823172,0.40116199538661745,75.47854469783962,95.77614379352528,8.555370435115705,396.67036210113224,46.40583944232237,205.82950131372777,82.90647889768256,71.58742315987593
4.5602022589609055,0.5567689134605474,78.68363399410823,93.33758494287889,9.234541702052208,382.2531072912941,43.10300447506349,202.25308401156087,113.70602318106616,80.03836251147855
5.353413031218018,0.6925005183906597,73.69602485581785,92.14043375684037,9.938252363756911,368.6218396047793,44.042932772470344,194.30642889190926,134.76216613743173,81.3325563699457
2.771561014858966,0.7331189790288256,75.73394244627123,100.85002286751703,7.813946631445051,411.0634034148201,47.946401586796284,216.29860262165187,159.6756529345384,65.62336335854451
5.101636202452708,0.48823342917369555,76.93824157440409,91.70112554434172,9.684070198297457,382.55846654192356,44.00347414601429,197.59707292092997,95.72620738259063,82.32082334188244
5.270064399586216,0.4558136550120775,68.98448639130945,92.13827043755205,9.865648140516907,383.4057364620564,48.541904110456045,196.76914180394712,90.6773013762174,76.35043825842935
5.207471905862231,0.5382248467672784,78.54477286692747,92.48394670018651,9.836265501243716,380.83167400907774,43.010068429609454,199.0329280016335,106.72665224786832,85.11601073349266
4.223950249016685,0.27005850542051885,69.56802821746484,95.08764224974183,8.995497764662552,397.7134365256506,49.98407594551327,202.63706248378318,54.72639417352502,70.17152440040628
4.204372290521476,0.4612780977928984,79.74126100693601,94.17719446780387,8.88650197747283,392.7048123466352,43.759671742999394,202.2528292435601,94.02315586002831,77.96688303522437
3.4112372161433795,0.648917279694626,70.73742928370261,97.89433989544527,8.300609514157227,398.53141004370883,49.36141930446069,208.0975363212064,137.36592842365874,65.6862665823697
4.633392588063257,0.6283894258887402,74.75364393737017,93.70481201764089,9.306175527304166,383.03740836446684,45.194211194921294,202.0970124783508,127.81567851881148,77.16580202489345
3.859529064228262,0.4459464791272222,81.49282944430679,95.5056847625369,8.635531080617485,405.47601905304606,44.31779206258629,207.83207965473028,93.59633030666792,77.26547577917889
4.37103324929903,0.5435436402174333,77.72714813180306,94.99502106179737,9.117528089557398,384.3804710623676,43.81545271309474,199.84946059766082,108.08152535420813,78.2006993084424
3.499602663470784,0.3350699319418625,68.80215359829222,97.97524016129414,8.39230789940792,412.2037029463861,52.30868499453285,212.9252352358992,71.5018420701574,64.89262289544246
4.560237624150987,0.640698429645005,70.39770229498576,94.3952024753869,9.286892816203622,386.378241853086,48.05836868763147,203.29404831135668,130.15431024192716,73.14253234652452
4.885650311615922,0.48443571277270536,72.86626643082047,93.12336238707823,9.558180243980404,366.299176618798,44.20365395906871,188.31700546827236,92.63514890579759,77.45288813409489
2.5125268981098565,0.4448097096607724,74.98825269451517,101.7900302847075,7.628641598862811,420.6342947632825,49.493227761161954,216.9415508890589,96.35177406911538,63.55046847307461
4.915254004509798,0.42765523278132267,77.6898038800756,92.65314856191728,9.540515142120977,384.44504908644177,43.841476668394435,199.51139627722668,86.65063446981345,81.79489358136624
3.891037861266075,0.48742122662002835,70.45373391020495,96.54279557146549,8.69996888432117,397.57414890629195,49.416494373030304,208.0769372349189,100.11946927166342,68.60617279541552
4.9563306818157855,0.41042447101360835,70.11154939010714,92.33465038624833,9.578655165468987,386.5475319570045,48.25116164895178,197.91937571021657,82.62973240425907,75.17803417654115
3.509555972193551,0.6316286072005126,75.61938419206143,97.24895472482501,8.388108555788033,393.6509376353293,45.976847573709634,205.18283848027005,128.7379496442225,70.28966328129749
3.3266416988406227,0.42094329039676387,73.08266970965794,99.42735375866748,8.306146286444404,397.71618506775195,47.869933219240245,203.78192191238705,86.63451689059741,67.59757167744092
5.2027125638102785,0.8185928192054763,87.02933451381102,90.15549106544282,9.726550587477723,371.6815759853496,38.30610380332403,196.82863988197337,160.25818075889484,91.9750191813522
2.8790924364194046,0.7930421006962762,73.63792920651868,100.62458446385548,7.908066792906157,414.7690660983571,49.59102527206404,220.0901739910169,175.15912118177565,64.83405822867003
4.954743138501501,0.321691302029099,85.01695590470318,92.16196631488823,9.556745709848181,381.6411977841165,40.1655887783736,196.83494668226206,62.357503122527866,88.59943432998493
3.6940720037829147,0.5139408538858561,68.5809684140178,96.4707174446453,8.518762235089193,405.38699026635186,51.58844418033873,212.50441492722993,110.25118140363809,65.66833145766634
3.799334048929409,0.369868675732761,66.69313616090675,96.91159281599938,8.641608157855709,394.52243693169794,51.44168783291981,202.62689878368883,75.79058818689631,65.0114145888705
3.079638985213194,0.4346704873622777,68.09514111962817,98.02957586187301,7.9877487185202485,414.07219729211573,53.02150573719166,210.74551004693308,91.00416613724668,61.22570295218327
4.005647702166555,0.9004854935289595,80.75242614986719,95.3274145848601,8.781716109189595,395.0683445827019,43.53253806463444,212.38039502320026,191.82354933733137,77.90658688299622
3.1382391869667394,0.43848571657684016,82.54639497282776,98.33685112840601,8.06556258003276,396.29902041672807,42.821659399383854,205.0450833138318,90.8567729357459,72.94051830501294
2.137442949845783,0.5720452074154857,68.65403427005177,102.34183106899168,7.259640430003412,427.12741034322096,54.30457754737872,222.2643222414748,126.22192126406314,56.06753643916539
2.9519951187052462,0.6082642588016557,71.23956399364852,99.02470693400309,7.905688688672155,411.7124879094064,50.678815551200515,212.41340086010558,128.16947698945262,62.98268882392863
2.022326651923067,0.29987412550335185,66.58188743124518,104.20275166678069,7.24040850215461,425.285609615681,55.53344581608806,216.7492449631801,63.92618555587654,54.46760761271525
5.424241754698999,0.32898090511815903,67.45089087004686,92.45276707175186,10.027250189210065,374.96852512654334,48.41371363380374,190.03166656779263,61.303786968209025,76.09027814397692
5.380115234369116,0.2587955257183762,80.0481967701261,89.55200186150964,9.859821034967938,365.0358929598012,40.53783485433475,187.36380934256775,47.41282269339384,86.64843963449273
3.383043541153068,0.32280585322044464,75.17475376419449,98.59480576977684,8.313308610213614,405.7483238500682,47.63715842060179,206.85646166593307,67.69926481138704,69.35255150131728
4.5492979901887605,-0.07000602186343652,75.5115975015959,94.7643877856014,9.289648183428547,386.7998529768352,45.23361324990056,191.31076736773693,-12.835055941792614,77.7190943769556
3.2103213444364873,0.6089164801587257,66.85210292750689,99.19826345638518,8.169358281793205,415.290809744438,54.03766376258745,213.7048411084218,128.4323974534283,61.64250413267966
4.348826049800916,0.910838768251214,83.4183746689044,94.25261803122343,9.065775506296706,379.7000436925411,40.64511345206795,205.56679510940685,186.72803946539557,82.65736530672596
4.819005150660927,0.5295641478073054,73.26602249054575,92.93820552295992,9.460169397593583,373.96403196013733,44.91196057822964,194.40834893471953,101.79385504151674,77.05536958984764
5.313646856422842,0.2167462281318785,79.04450835178979,90.8036162786979,9.865122904652274,372.4742566029336,41.830121081851864,189.6622832641205,41.97011471288687,85.79252702052023
3.400742965473852,0.3714447234200104,66.808084532345,97.76118839591444,8.29353888304371,405.97463235684927,52.8557162737065,207.0880068483397,76.47210169119667,62.518273489656075
4.741542940346167,0.4082246309950006,74.73722558031521,92.43662768585467,9.36488118321774,397.3207374159877,46.888570483040084,201.48258805298556,80.7057277370272,77.69832049689053
2.9307495772124157,0.2964830445573249,74.97377177384782,99.6505454224489,7.9063016826285,414.17695001910556,48.74174011263272,210.47246950155815,62.57168362109125,65.83219464029878
5.466163063277769,0.6720365276790313,78.19477176619985,89.66618790948375,9.957625627604035,369.8603872999603,41.93677016143798,194.26765888962018,131.1614550286462,85.77569429107461
2.090193595675229,0.6620520088750668,73.28147503099339,102.52421477175419,7.218470931247883,425.45385158426285,51.086253146444534,223.2432259670871,146.84492778602205,58.9623187449046
4.112350822753923,0.2689096412364681,77.40743344754857,94.60790676908145,8.835191327272625,386.24289084833083,44.18879214433259,196.44502522093416,52.56104533816892,75.51717311992519
4.308270935779645,0.6450162088895016,69.51732284277078,95.08650481420437,9.062029561065732,393.77188740635,49.520264683074565,205.12448911712298,131.40622483608226,70.63249779822465
4.4081594497594505,0.805362532715453,76.27665436690964,94.02790627708761,9.115845589806243,386.77670132575736,44.82982148112837,202.4621098593258,164.2994449673397,76.93236790093216
2.4213565257618117,0.880511641045912,73.47441624831556,101.75771643813329,7.514758083056674,419.9235034223931,50.30565319237758,223.26633331773073,196.15724740302673,61.50635154719622
5.284854242155957,1.0730424046171927,77.50018851156246,92.36827473514597,9.908138068591338,371.3093798510415,42.43526627396648,200.1572056072369,214.05533100898492,84.70040401092685
2.63414147667529,0.31960147011136053,73.52269585860626,102.05206238052024,7.737669909618713,416.94358611376947,49.91979507218064,215.90742817608654,68.95300595919109,63.35791092065116
4.179636911339443,1.0648440852790406,68.64950042404034,93.34886713909556,8.85733846362724,386.69715232825143,49.16714667523202,209.62153076598753,223.00669785333338,68.27391606035171
2.7793662769307974,0.42915872229824237,66.7462407717721,99.60486275564318,7.771987379751073,422.04687112812434,54.99251388523471,218.58502207860178,94.49616218265183,58.58181261149247
3.0752574595744484,0.38150690892389716,62.61896802206658,98.99413002979982,8.032337187221195,410.07344717266983,56.46919232562787,210.26174988761503,81.43235749048247,57.31502507558576
3.9126048960484354,0.5654144749755691,78.78279842448461,96.67414511853566,8.740437639226661,392.9879668583298,44.26397611161029,205.37776113333425,117.34718223388452,75.8856625591637
3.460176964976018,0.3835877331813975,78.29049990664721,96.56909701926033,8.278051198766128,409.55230066534506,46.38690471776462,208.74853569885298,79.69147025306657,71.54497500253939
2.560789603417772,0.5798088281293052,77.29069898021193,100.25156246259762,7.5679283288779375,426.62239679170705,48.873751931854585,219.6518931664539,127.66122040637264,64.73641138579775
2.5982774084729687,0.23598456245253968,74.65188270247482,101.01031483247029,7.668329717576251,408.2701803743531,48.2293089462991,207.70512077866178,50.503701956394856,63.595252990042795
3.4635067585697987,0.45224947958731315,63.4906120216932,97.94563693822703,8.363605564619425,407.48286803730747,55.44692809430207,211.6659595228656,97.25281884894027,60.37575644347462
4.650490423964253,0.7571164468723359,70.44703604983077,94.0253782412612,9.373023754302576,385.72527641984635,47.94773000473493,200.32776137288505,150.7955367458344,73.86271392296257
5.14287626396726,0.4885877417137688,77.02352860472627,92.35487365762508,9.75941796341264,366.4645791588995,42.11097677082664,189.5628987235482,93.21035381669762,82.9598692650832
2.29444681790784,0.5283191573479765,73.43092619544838,102.24031168381525,7.403874265393673,426.563101036038,51.12769574638972,224.89058209401543,119.23720840017799,60.58621086365545
3.3758636764579038,0.5950517209434623,72.93729534598937,98.33940138570253,8.292093180376591,405.5645316411433,48.900139551121164,212.66649673806347,127.47395241544656,67.39417799781664
2.3508594730300683,0.734132325863532,74.66561738217732,101.81658366305585,7.440766915382328,422.28921271795747,49.87729680299387,225.2318833143127,166.59362392399782,61.75948409526601
2.0580736822140926,0.16895505756211338,72.52794695708315,103.32855258403018,7.216764802296924,422.06576057951855,51.14216167270036,212.2991162496138,34.8280333970451,58.41624565403649
4.316015389253848,0.616904810367487,75.78307079486143,93.10248800436015,8.959651306790189,392.5581787631584,45.76173073844698,204.61685000710264,125.5384407465896,75.2150175753593
4.108573046883057,0.4463721721516474,71.73496099209959,96.85546112548629,8.95635946942918,396.36994599652627,48.49454152609664,206.81402222122685,93.22363308661569,71.72572186270925
2.5705668983521015,0.5333275790623677,77.99473520863047,99.23943021506338,7.543087416281245,418.5768470095526,47.568396679316194,218.53537790146848,116.69897479051983,65.0085644842598
2.8183449158257243,0.7119900339524753,71.22815585558894,99.27246334108638,7.806417895886708,412.810700235215,50.82113411132076,216.89643147477526,152.20085640234015,62.18645911930568
2.0829771377558144,0.26116266971763114,65.84632715020385,102.52817138053453,7.205048577715631,427.380150995374,56.34816701789696,215.08248392491444,54.50523326918434,53.694737063037046
4.922315219930413,0.2974711117113821,72.05178319982285,93.30998704311543,9.584288017217544,380.5955049113498,46.384793854446244,197.07352305579946,59.28625313358633,76.98117139294959
5.41141708616993,0.11291400805723872,74.75136954659402,88.66382668576556,9.836896127513697,373.6055165229916,44.0825344205905,193.5169246774098,22.68988251480876,81.51978822699544
2.474108378781418,0.3901682116472447,77.93894399638194,101.31812121511157,7.551271713830733,422.3230987204296,48.024581548057384,213.87034015832995,82.09592043968323,65.05055971439072
2.8101632481785437,0.7660864688757634,73.16085590564029,100.7983446629077,7.858230355871891,411.16975908268523,49.442704094968086,219.88341487397793,169.5488764272781,64.05419257772115
5.039433333814269,0.4758825623053061,75.11657890574887,93.15759782447284,9.688543879219168,370.090587839613,43.480435021879934,191.24693006907137,90.81393178320172,80.61159693708774
5.2426232928466465,0.23197502086904281,70.04783082760284,91.09295474823878,9.788249049388856,378.0128170677843,47.22336797381827,191.8190965448515,43.47476479428484,76.7280211396561
3.468695839823836,0.4028642510849906,78.08984795693648,97.61889633105255,8.359165803962423,399.19309547298343,45.31658354866642,206.17879047784322,82.50176812541697,72.045928632656
2.1771786529417594,0.2024276593018754,69.35285361341319,101.88695621158975,7.275358425033332,430.67009979914997,54.272792998379686,215.9604182308231,42.493618738270776,56.68755221172817
2.1378714179248677,0.27496277965376764,72.06530640680316,102.20331031444209,7.255620820777084,426.09915417402505,51.92195981841867,217.09974189193025,59.07843750933958,58.41835611054926
4.008824531241537,0.5777637820527427,82.21150482189915,95.14365290007187,8.757179491461741,395.24587426382965,42.862967590348156,203.06688660710162,115.45579444490585,78.91028022804606
3.3751328811261265,0.2652253347387942,76.59397611259787,97.47563318608184,8.230137291791117,399.68807848548454,46.1565684390992,204.7745842433806,54.23757470294992,69.75672464538978
2.100283496521791,0.7225268610406603,64.37906995725028,102.99650929979643,7.2413593113448105,430.1381171063528,57.83053180868982,230.37440554471266,167.03881479025733,52.9450365942864
4.041383373093948,0.4857759418339328,66.00210886595038,95.96045049278938,8.846283565033529,393.17716911602963,51.732402558658016,202.5961607071965,97.0689158120185,65.95862430938055
2.0395588780615785,0.5171189407889051,72.12591840307766,103.25481313285685,7.22341011449077,420.57956208357245,51.211550538692215,217.7090784770364,112.59850833279663,58.18671599210989
4.755801853522455,0.44432540647842117,69.64325914985292,93.52590502443208,9.427802464848783,379.2811076527281,47.622499593982084,196.06647857139487,86.31266575985126,73.5418251109726
3.0725148794618002,0.6545695677087446,76.92975159351914,99.80966880280177,8.085756878420657,404.79057633529993,46.56525170209715,214.18676887126315,140.86894154435976,68.81153930230764
2.1409030105323126,0.6566319775554021,72.78039893746367,103.20941066166091,7.309671741290276,430.91787823432827,52.05554500406123,226.11956351859877,146.16292906588296,59.369256071257425
4.059232773441037,0.5670108703824343,75.69800317324855,94.39931199706349,8.765268050277122,391.5607357276949,45.69076538879313,206.12622294028785,117.5876979260653,73.50778634784942
3.3918954505156913,0.6129578211815296,70.53655863240706,97.44491820286359,8.266281699036982,400.1020413149064,49.679555236658636,208.23291730477138,125.82023869195328,65.26016588788846
5.4083014467500234,0.4575820660159149,85.19688001253355,90.88584417038288,9.961233398053288,367.35396714640416,38.58886626305805,191.40785257308042,87.37486028583639,92.43251832803226
3.9046953187629576,0.6084406013818098,88.89860302256784,96.31542436393977,8.69621170797442,390.6622279348729,39.50128879431462,197.72211152229187,119.59324232462183,83.88082309389392
2.963337133629529,0.4324244449052386,72.16308094157186,99.09224757324222,7.924394023870774,410.1866220859048,49.92347139192581,212.91460286050904,91.7087760273661,63.83069197526594
4.483036026218912,0.5004463244324804,77.1448394735377,95.03899284502445,9.246712880268365,383.401689275987,43.99591434125142,196.7719540868902,96.94441041740355,78.7894943451508
2.9502220088994897,0.44507125012674054,74.02735312600096,101.25818166348427,8.017119773315015,414.92779871328213,49.380086754736666,213.48478034554233,96.67607571193692,66.02858537653414
5.1648515199264775,0.4085562921361608,74.89938750670642,92.07194924472272,9.7678317700558,378.0371384231973,44.52766380597683,196.63741581092947,79.05089042133949,81.10680105809267
3.311526896775818,0.36217764045564194,69.813479937467,98.4771286870432,8.233654065297964,410.3226777534226,51.41019763514961,207.52182381830613,73.95211088758982,64.46178675545784
3.9245399697167183,0.5935380207717771,69.28460802625769,96.94367511007496,8.769410501943549,390.97955282802485,49.31342445415625,206.57171232203314,124.40298586414198,68.14603127917368
2.177005863384801,0.7621211825626927,66.93442070843415,100.88780767399044,7.209636449046652,443.4662430442699,57.64211115918024,232.9163296379979,177.83317021794858,54.52106560582502
3.491424332832808,0.7342203943339118,76.2159093271451,97.8027899874359,8.374688593885553,407.27612544280197,47.2390917895905,217.55759960898416,158.48097005178704,70.70636273968476
4.913272388813482,0.24868693281091292,73.297554475558,93.58677529952682,9.588445213333301,381.49721675906517,45.79932978356619,192.67322405362472,47.7865254487819,78.16276811763119
4.819770818771697,0.7578406102813746,62.892260731823384,92.61627893653817,9.451719709060864,379.9871426540673,52.12997084177032,197.7356050325604,149.61634212294663,67.59898242950923
2.785114955987342,0.4363682996764142,75.56642905017642,99.27084919012273,7.743089267916908,419.65029358526186,49.043801201424166,216.31277785710108,92.70438823421047,64.93091265109071
2.791276748536969,0.6201466030291183,73.15822568592358,100.08188689204079,7.78667980071403,412.4974711598534,49.60392886661576,216.72508676105792,133.6430637520428,63.473050382952536
4.860568592746329,0.3187569335905578,82.56604731830133,92.93946157882631,9.515139380278903,375.6994394439216,40.58717535513063,193.9729476034396,61.80384126571904,85.95997446026443
5.256394470592639,0.528395982774801,78.17328535016621,90.87569752739338,9.803885486681787,364.2490797460013,41.31059405345325,187.7795033427682,100.4883531196036,84.40099569265115
2.333763224455512,0.5627446365793815,65.40714788779512,103.50875773524646,7.50380881584994,417.5535490981806,55.37320543133325,213.9686779575412,120.22089607336119,55.580341384505445
3.5752052379917885,0.20307904161606943,63.14186308194024,97.10382456222239,8.435459250817786,408.22680224500385,55.81301665609347,206.53493879893983,41.82927222390825,60.61252786970326
3.1810899763748015,0.6216534332688379,70.21994604996009,97.94325760154693,8.07372127751529,415.4687694060626,51.7912052879359,218.09207418301506,134.7625200136332,63.54048984866387
5.047409594101038,0.7691870015676631,72.93135440945298,92.25916936538988,9.660998712665414,381.0320060818857,45.945470057155305,202.98538162867044,157.22960783823305,78.41331050173065
2.292337201380066,0.4650704108636744,77.46660064665691,102.70310830533337,7.437243057193963,423.52259358117277,48.42106477786848,221.88160562648577,104.09289124330245,63.734775501779666
2.7389407989531307,0.7720336261656027,73.24237429729588,100.42763860286263,7.7542853181646,415.2935116329911,49.88967639844,218.48034980614477,169.46351147974877,63.28011117169217
4.633639181552731,0.4620613013095185,81.22880950835582,94.17073800060064,9.330451965504427,378.8659018097381,41.529194982538606,192.67407754806243,89.13907386553839,83.1191396793345
2.1795284714342547,0.6699169062093234,65.99126888720794,101.67444187451359,7.2617992193297205,429.8119837763494,56.560706258808395,227.34807835788303,150.70574772424416,54.22463571263114
3.7238738325000122,0.056286006809780076,79.29497052090225,98.15659234337276,8.618068799506796,400.02767741700455,44.798455622241974,201.2485194388705,12.414145434437458,75.27472267017663
3.54737462137902,0.9837555558626927,77.86179531280943,98.03355764750818,8.446278018660921,399.9540327763258,45.520812698214485,215.2977255471051,211.8576634195036,72.61530398077345
3.17040412646062,0.7990916490485914,63.71331439459676,99.74174681248992,8.154685092291981,417.47223249588865,56.63457625322701,222.25667176788636,177.29485883356548,59.06792089218254
3.381003103616233,0.44307489914926423,80.67029293064334,98.45861764332331,8.279297144543342,401.0705936177958,44.23395807539606,209.70870747687417,93.3651234779312,73.40906614816606
3.854792054255815,0.10558219467123636,75.09304292393874,97.16813504028767,8.718505157907645,390.6912849957913,45.913422716004476,196.8833354496638,21.011564354796754,72.6070234526575
2.564785754359341,0.5576056736610978,75.03796542457373,100.32480781200053,7.5791992472925545,418.34901767411446,49.1955581939667,219.89169720862984,121.54365996093829,63.1679509889849
4.001985573992575,0.21121489058524862,70.47790212664897,95.59992215767433,8.793800646404012,396.46268761255806,49.2635465309024,202.50383969334132,42.45102848243577,69.36267094600879
4.819013152549952,0.5889707075114976,82.1590508476698,94.21063844252,9.531700394473893,376.0922214350722,40.809038067971976,195.56950654759257,113.2806178465944,85.7421873610958
4.660563254265557,0.5823131438328564,69.66341425892432,94.93582216789771,9.414710448363598,390.24370313356957,48.98656513329799,203.3900717799406,118.52273875716648,73.50037874181328
2.538649666428208,0.31171936619959506,77.20683969158358,100.19707368772602,7.560403738346579,421.9356992600552,48.38332644002195,216.87712816981852,68.93492870358531,64.5967873772535
2.522373144095159,0.7241934047228755,77.12988515245755,101.37148284995799,7.589630115765351,410.20073868060143,47.07922407596924,214.54562088265604,153.57690851792546,64.75295597283876
2.9386102871071964,0.6611149405612347,68.65549520366753,99.37010895473664,7.907107502955389,422.06748693041664,53.66026694479912,222.72338577789975,147.3743860199646,61.05592195572999
3.26376154219363,0.6951646674577127,83.83338184774523,98.0192094268304,8.148986581301248,389.7798303307311,41.53956967715294,205.63375217892565,143.61779748533905,74.6672011760601
3.429594534929689,0.501771540733779,75.27315584300322,98.22429088403045,8.353204456583555,413.5817703953901,48.500816734968424,215.08069478690138,108.73772858903965,69.7914360913563
4.378940258916709,0.21689518661725865,78.52419136205516,95.58647943968384,9.156807256903685,384.0176507493199,43.37996708478543,198.14326382101913,42.230130422591785,79.23339835837731
2.198381512580424,0.6955744544422275,65.00245383841772,102.66699468459586,7.321673941306737,426.61770095524065,56.88049911997929,224.45560104940614,155.02335151677795,53.965597247346146
2.1213544647912324,0.44592572017284177,83.1342753727923,102.31964941329547,7.24473416032088,421.5515254495973,45.2627696690865,217.6074722352219,96.44971680636047,66.01482701112087
3.3716869703036814,0.2220439713614662,67.92323966323896,98.61098454788524,8.280438385778302,409.1479635833393,52.50653917259536,207.7394644358754,47.31816672180529,63.317952450449475
4.440072922482932,0.7704078731948651,80.45251967080917,94.17176383244502,9.144368371876451,384.93030868781307,42.55606257169171,203.75195852226804,155.26255737910492,80.81411248658611
2.677023700347689,0.919881504100502,68.23856985075875,100.96010848936757,7.734112235228186,417.35535141094647,53.343939211447505,223.100496995388,204.0100537466352,59.397113581074585
4.24526568439688,0.4917503742041594,71.99937480703785,96.2587426649755,9.053825599125997,396.66832964144584,48.374555363975844,208.43706640201813,102.04023591668386,72.73717911575498
2.9093984827910484,0.9318242309206584,77.43504839877649,98.15537758279066,7.809988142421096,415.6541981908217,47.53862504828649,220.5809100385524,204.56696563454088,66.879816970268
5.101301380847307,0.5182629457222699,81.25932522539256,92.78324700586646,9.7363021831695,367.97620697459917,40.32203898788101,190.3871333957917,98.62892384590772,86.70258378033981
5.134914804933158,0.42390881916672973,69.80547652034927,90.79655424547757,9.654643224562351,382.6883144722919,47.9526382346344,200.27286931404294,86.31196148147748,75.47538346615718
3.040505214984643,0.3739083091629045,79.10096710326654,100.34089391598931,8.06470469510194,409.6860542725713,45.97997839885979,209.31935789401211,77.0624287384067,70.32776850936105
2.8049781388713417,0.8274164815985485,78.59087624231158,99.67295602605202,7.787397079754174,410.08933928008577,46.29024530228367,217.88810659672652,180.1378443659352,67.53038608141543
3.4395639022318094,0.3439712237224456,69.43770963845371,96.98738924010348,8.286210118137037,410.4614059136886,51.670851007893994,209.20667638304926,71.95282551698263,64.57403648703176
2.8418605481305206,0.6470538619949975,81.40347062571217,100.60970346321417,7.86965903512714,409.25756804105714,44.774838990187234,210.97562303374062,136.17800542221465,70.35999665053747
4.353343451520963,0.38816723298815836,67.93972400058496,95.05463397019057,9.106215948015137,389.5914240788378,49.98624630437667,201.0146709208252,76.44888362528071,69.58158123619518
4.891226395918999,0.40793864748512737,72.74560876121473,92.08135809191417,9.501828674221429,379.62061742392086,45.87803789315525,198.15972421228943,80.1991843590103,76.94626801969738
4.35582245818926,0.7060499387939134,77.62200007028706,93.75222159060289,9.042912902307412,375.95235164097494,42.90615956488098,198.44281519881073,139.47570117366237,77.4311487271661
4.885226565372723,0.4239926307421293,71.59444045493424,92.75172183120245,9.509196291451048,378.5448013243323,46.39345514397,192.6689729967856,82.32372867892897,75.95261434234995
3.3894725677261595,0.41904092411594135,75.38646250966809,97.1735764528215,8.253906551582674,408.33315017510733,47.82176684376318,210.6703301153936,88.69906911306347,69.03362744417474
2.5471093974810133,0.7265609394349615,74.26191167099368,100.23593873047754,7.563892030914933,418.905338498785,49.714672998926154,218.83918056362614,157.44810486595458,62.478067277408535
4.582828315891573,0.8194794586443246,74.56402262945629,94.05259752671664,9.28751346220957,377.9981895547473,44.699646232661436,196.052276490547,160.2736770464441,76.82035997187867
3.261660767995439,0.6289379606568467,78.07599561454732,97.81149000461188,8.162987681295645,410.3330044042283,46.58851728454994,214.43880416851977,134.368448971258,70.38553523642159
4.349447888301963,0.36904604487521014,74.07753350267416,95.11816382296436,9.105659866214312,386.7627884769271,46.000729608061796,199.95245329936776,75.74635733694407,74.92927088892309
2.94725379693618,0.3978783001404841,74.69440990039244,100.87672658743016,8.002203887197581,403.9702808425838,47.69739600496489,210.308725879663,83.96959153801296,66.38245197630775
2.2843037218233544,0.5159830527480075,78.47352385362754,101.88609264169779,7.3926804641230275,431.78704348444353,48.80409694077531,227.14697701336615,116.12655220280763,64.09239072891408
5.4740362842071715,0.5641860123851316,80.5222745911778,90.94499385486337,10.027109105805584,361.98304507497846,39.98828428801511,190.75618407803924,106.84517291019144,88.55319393009701
2.5467052777570975,0.3024268179720456,76.98613278737956,102.70100891411855,7.674276387244246,420.1174766965918,48.297063363362305,216.46227543508778,65.08545177162671,65.40141362005441
5.459473478872184,0.6446075879159727,70.80547016356273,89.94176193004547,9.955253718189434,368.7261670665132,45.6313373735905,191.46306645184006,123.78091301590777,78.71879196331109
5.4204797639825655,0.5171026659279198,79.12853859428569,91.98130898220562,10.031933773433432,368.3890432664862,41.33233295155866,195.19471322525442,101.42062752997707,87.30098785570995
4.778363363678139,0.1568583362723741,71.34154208156625,94.13241430545649,9.470007800290269,377.55232234472726,46.41568289498765,193.66375657959233,30.578257296024344,75.40592519864843
4.307980367286992,0.3142147035078539,68.76250154185426,95.60552258583455,9.084336959896932,384.61173927895135,48.83183389935492,196.28485922216043,61.465823597935724,70.1146709831855
4.022324675878796,0.39917426526966726,74.4682578796297,96.95526191501031,8.866658123264845,395.4905471062083,46.82120325836439,205.09620778272486,81.73312772707386,73.32896776411346
5.031355408822421,0.485428462231789,71.51615055732896,92.61471604188843,9.653439104913303,380.3512104044744,46.659613807079815,198.61916850261125,96.28642830956504,77.04001259813464
3.013038325668208,0.8778557591007992,77.56873458500174,98.98802226368186,7.971168228351488,415.27238882006486,47.42244943792876,223.7444578176452,194.63245096481978,68.36097946918976
3.63688424369707,0.5476342612279257,78.4369383909131,98.14656378003671,8.547980583409315,397.4937033239691,44.946569901249724,206.65915003608364,113.11233933435804,73.95042688373421
4.167864892782757,0.331845622020275,65.4883066891821,96.31874664463066,8.976691641448285,405.37260346599385,53.7000525306638,206.17152078790102,67.8398625029327,66.52470505700917
3.439166665543219,0.5441261608614326,69.98548730076742,98.84716779179337,8.387580184335246,405.59593473017327,50.70869084100483,209.97986303868544,112.60270651266461,65.79103763137593
3.4962025893159376,0.42958245050922383,66.89650974758914,97.79889260324961,8.384563057131736,408.38400836451564,53.10826326253635,212.42933290662393,93.67379596810369,63.28278276170989
3.1559963362572954,0.5649516479067084,71.4740492205443,98.3810572122088,8.066147251135513,403.29528906353585,49.49984601499858,206.28217843008386,116.85076024384865,64.41681399007793
3.9748113583958764,0.6161135374071229,77.04565197941918,96.24125004890372,8.779744676738634,390.516424097847,44.863403882617774,198.50576823154333,122.31519431913294,74.75752354594708
4.977010848052906,0.7418461294447876,74.76097252677154,93.33424604586911,9.64808366109412,379.7323362699889,44.80037509598553,202.7823580906022,150.06217947860435,79.99256210189216
2.705349323022095,0.4951427008659948,70.29762298429084,101.35075880131065,7.782277361872845,415.81426475675886,51.78413124858097,215.88388381967994,107.62355176656564,61.305961902088164
5.270515635637045,0.8277921055199666,82.82550139683016,91.20945437361067,9.826120671988031,371.28580167668053,39.99825436863833,198.0967090937461,162.8205916580814,88.98669339106425
4.411806788118804,0.6816045325072383,63.76988228276112,94.8109745584861,9.157799929379799,387.2535797207287,52.494807872456626,201.239764591996,136.8532313746513,66.2941123832791
4.8814562443801055,0.35851209103756243,82.04210696084725,91.86788050108088,9.490667811009924,377.9795358628207,41.065936922066015,190.9476697677832,67.50487748452383,85.27750661728417
3.9466674242050406,0.9419711331496928,72.01455944326862,96.97462409768704,8.78280992352569,396.1307072101374,48.300046954973915,210.92586243531775,199.40763650244384,70.57073818765261
4.728308454984222,0.5653989026540195,75.28342509541712,92.82427340217518,9.373078823821368,376.5228783859796,44.149596239212585,197.46581293153946,110.82021279732365,78.16633839615136
2.056701390688135,0.33297509920555296,69.83122498022522,103.42974942024877,7.2364954186135275,430.55035085904234,53.932574749503445,219.09829049207005,74.05560282399777,56.71817961713274
4.864331486728373,0.8305826102460844,83.55163831176964,92.05539613453857,9.466149795289311,368.75602403491604,39.41737747082546,198.63695157163332,164.88512234008846,86.36631023251121
2.140486006798783,0.915555517039689,66.41369072413225,103.33343170135146,7.319540423974913,427.9649056338373,56.006312687980326,225.80766688847342,207.5139453064292,54.95016743101794
5.114696817270019,0.4933949472560879,76.19631802933371,92.35602929157315,9.75448665223129,383.2597032127682,44.46358173702269,197.99208566890627,98.08815355010371,82.23068919100739
5.471869615335251,0.39926994792488074,79.20343679770228,90.22337018983308,9.986471678310767,371.99194440379915,41.70152605750062,193.39142353014154,78.27462843599369,86.99658678113602
3.0292361176187224,0.4655250085092676,65.58006950171662,99.95075869319889,8.024438154955888,416.65070533038113,55.127060358275784,214.55439775986045,98.9452612468313,59.56819751115684
2.736114947000278,0.64294634550354,68.68384708416956,99.95130833205477,7.743450191679636,413.170323957996,52.510183381859825,215.5746572409059,139.50856124116535,59.789812369312095
4.678771773503143,0.7555713310061027,74.87363346071263,94.2239428226951,9.398389603241677,390.9280648166457,46.060012854004114,205.51062546611678,153.41534816610127,78.07252988617788
2.8855921932208863,0.6140974661727148,69.02938545844319,99.68113814342233,7.844460790842821,422.3826204727777,53.44627419567667,218.7448907473739,134.3738099083033,60.8556591608843
5.029468341102712,0.520344641694354,71.9574031532275,91.02002310563678,9.58044214082364,375.39024580775833,45.8030917726772,196.2086472370869,101.55019631161286,76.84117424674729
2.3599490725511685,0.7996023540608855,71.08262557167922,100.95424525368617,7.403715340568087,421.1188267508922,51.93699929938897,223.52086127564863,177.32326547373026,58.897254454949866
2.440843187327754,0.4374327053896956,76.17691848302417,101.11271707740305,7.500446098113046,425.7935908691628,49.40923838591874,219.9125828905294,95.30343395804661,63.354297337058426
5.427030442852154,0.7061838676733814,74.79884764703186,92.09994466901632,10.030091093500033,378.45937596277037,44.630249875337455,198.590078785379,139.60045419194114,83.19003350773762
4.358436143945016,0.44238744032974425,80.62225434509875,95.46638840061583,9.130903803053098,378.8095920254471,41.80094555835057,195.63762381784295,86.3510759508651,80.81302642584522
4.964105285501335,0.5862045916021786,70.96813742930483,93.92472063060305,9.651709189436877,373.56000739091763,46.136667984623166,198.76494213633384,115.99207207801105,76.49018715784501
3.1351528207303128,0.4772874870419097,67.50257208250912,100.34987330026779,8.159991777927948,409.0802018263265,52.7827904073713,208.85724646459278,99.76497628911791,62.0661564439472
4.367693123322115,0.48882956346943784,84.8729587765922,94.28527342469987,9.098507216771795,373.22520200671465,39.33947110109522,197.71682701625616,95.81967192533028,84.1803846517712
4.07984639558009,0.42452269650755803,71.60602503636855,95.56974812766262,8.84985708247107,394.4556741370783,48.33658715288303,203.7951172083876,86.03879499137722,70.75634013081365
4.111025420430314,0.7689708062361389,68.37867046915558,95.28238708902947,8.861174224650318,401.3537648894813,51.20701365397954,211.85119175832972,162.6183156634488,68.12237259876173
4.388863608382025,0.353414792378293,66.55636662119929,94.10176888642205,9.0941520849014,384.3012265723135,50.198467290621956,199.3585918494345,70.63837156962751,68.26168801156537
4.013757105951845,0.3519535494902583,80.19202579618691,94.47865436169938,8.73740326742646,393.8106591578715,43.6635784240829,198.0501006831729,70.5532831941833,77.04001026075439
3.501718292559331,0.9241987131690219,72.49553937777091,97.73218780162887,8.400037010501977,400.0921905138755,48.4986453245354,216.66971510363257,201.0995348885412,67.89658961158463
2.9657294303319137,0.6955695129308663,72.2903266410663,98.59149451886941,7.8830122067516,421.62335495231105,51.236077454321766,224.96067182801528,156.7132689238152,63.6277112623365
4.690034658196208,0.022977260261392685,74.83203303190226,93.5575411910858,9.362532166000257,379.96758415656876,44.790578579400155,192.50439671712348,4.853476641437332,77.68975276289
2.7919535050111515,0.3869482521579193,78.41505862936228,101.92077938011136,7.866515441624051,418.898633154517,47.37865242057335,211.04896962180584,81.97689683073304,68.11418676027196
4.42324007154045,0.13760213248758912,74.41023891596895,94.11118367254385,9.14254909152976,384.3976472489611,45.53922038197664,195.79119120739534,26.626643256559362,75.5142508146352
2.8166648792726434,0.30986186131694893,85.1002667492903,100.2974921270482,7.834044931908288,413.13487368878873,43.44203100690796,214.50736188018598,67.36823342100064,72.82559077718905
4.188655594840588,-0.12770293324680804,75.69518958407986,96.06502412670537,8.987272472036048,391.2362028174606,45.654394921852536,196.78805498549968,-26.044892942066216,75.36581197837681
4.614773934951601,0.47260208446121155,80.84665255673352,94.07252426124212,9.305177433227797,380.86642698017914,41.924101357760975,194.70606626255494,89.9703473046224,82.56502918655234
2.7654986111728874,0.27161163616773765,77.3447976229295,100.55474221124874,7.780930961153553,409.4908188824873,46.882107466809096,210.85229764696572,56.22844816686482,66.54301490717572
2.209801553014579,0.5119810513592877,72.46952526232731,101.97577261749852,7.312732852887419,426.3730099439102,51.70067471440635,224.4573615479027,116.32103676573128,59.163415540655265
2.4584081004796094,0.17497574822349504,70.01523479047322,101.21006926827238,7.507837313437221,419.63448350264173,52.44432320938516,212.50080941196535,36.887054986459276,58.95008569764869
4.120989385448589,0.516582370634408,76.60500690537108,94.80852873317967,8.86245587633906,388.6600485870297,44.87731858409744,199.1733574074515,103.1635741429393,75.08029322124146
4.9730624217900745,0.41701674437593456,78.51816856218446,93.27111753084627,9.65704774694374,382.81539134313005,43.247098032106294,199.3202520226539,82.8459325701077,83.5504852721203
2.1574888743239855,0.8003905930377191,69.72605640855615,101.05559561457477,7.206792778823276,430.7113729975781,54.0239154424493,229.46926133165834,184.22670348999972,56.41269960009652
4.569529406645762,0.782271372349125,76.31512961772819,94.7835177474456,9.299090849578297,386.7103259208788,44.8021485495693,204.81081721702446,160.2883517223139,78.51278961982452
3.1946152608251825,0.6570691206020566,80.0145632042882,97.69588787931566,8.083229726845493,404.37158758831356,44.9229072711925,209.66038369146,137.69277192800513,71.17642657471681
3.674849294718329,0.43467724386775747,84.75955784901039,97.90811328774717,8.55799704169787,394.00634429102195,41.5795887227366,205.48707497159967,89.93433373415263,79.19064580001996
5.25100842445948,0.8970760790520587,80.57305671109847,91.33841649342207,9.835129094433876,369.82531209012757,40.831713703752094,196.83117949960115,176.10686480207534,86.95029117273425
3.161900266575459,0.18939294443203586,83.10807875179196,97.94785411647943,8.073329169084715,406.9763796800938,43.71010390677416,207.12377745960518,39.59985985765742,73.48795887504029
3.6286792687882015,0.21928827408726748,71.20754406651356,97.76306147530501,8.515190626363916,404.4221871053288,49.801061188857545,208.6167503739993,45.5724854741308,67.78858425674424
2.047888451662384,0.4832433800221871,75.96687740229133,103.57540444724226,7.2176857422102545,425.10827734332054,49.45024062627985,216.48519317808902,104.50761022292296,60.81830164112541
2.2855955200169342,0.9508076217842238,79.43531216692668,101.6499527614579,7.363835459362075,416.98594097508465,46.62430653753414,224.5706128102442,212.70485278941078,64.47581248847678
2.905070568971744,0.4595322186259825,69.00441801790612,100.40874144754204,7.922550985227993,417.7500653734105,52.87679801384382,215.3548519054554,98.74653723859754,61.429897729867825
2.0974828428737604,0.46335095135814364,70.08902885122347,100.83074245420636,7.1428556369011496,429.2742950625293,53.59963795540161,221.22610523366765,101.96408377502954,56.1586932273936
4.2098136411688785,0.21161792877763813,83.74130017857891,94.20917522411163,8.930668725667473,380.68592352136403,40.610267064372934,194.54586356141226,42.29931287788414,81.70531244691303
3.4923942488056787,0.6891859170540757,69.31537881963212,98.8105472735551,8.42255648617585,393.14624499823174,49.567467349840136,205.3681431920987,139.85276043568052,65.48274274677522
3.918508209548077,0.6906352508658707,67.99655968817915,96.10628584722339,8.733931597562675,399.6122300507772,51.23459696791484,207.81560551451938,144.41404273980737,66.8175133993437
2.6112651506371534,0.657815040279982,80.77342604896214,99.37080131161088,7.585982072345812,411.8236191391104,45.36830183284891,212.2106456296936,137.8510967220489,67.37547997810543
3.0357621030281563,0.3741558654305275,79.62673064853598,98.81573969504785,7.9714711928724835,410.87519453011816,45.84293006751883,213.51346066535544,80.42452929392292,69.92047193336894
4.323385661984538,0.35865864632539884,77.3486640143003,94.12942980503405,9.01899003327947,384.8026421843708,44.05363797222736,197.03785641684846,69.83160062311273,77.03109783897594
5.378559532706399,0.2413755499190059,76.22571766601854,91.04227225034927,9.93183547239679,371.5389323481318,43.089108725917264,190.52998024756573,46.55560102248185,83.69558048022972
2.176458707607732,0.5167745003521867,70.41912792110436,102.08579373632682,7.270152509587052,424.53729100000675,52.79058626655357,219.05019885552286,113.07819805759381,57.37901491317471
5.116345122993431,0.2839185341442997,77.54935851663737,92.23593745267351,9.738378804118733,382.97228456233694,43.7435854529487,193.42139928658307,53.483566801697165,83.35338218410492
4.019084204589229,0.2645166989501423,82.72193583251483,95.87763244264764,8.80172699900029,395.6282639760815,42.66824893418008,203.08650769217115,55.07839115588961,79.74242287238333
3.9737184836446833,0.4152618566178648,75.961292811084,97.17977671127322,8.838184381139977,399.588279753706,46.484675449434654,206.6789928735706,86.60254861444503,74.37420303665239
3.750974873227161,0.4021687649631568,85.33596618410742,97.21122682348067,8.610730050753045,393.77125135689147,41.30353602295934,202.44435884491824,81.91997322741776,80.15069816719833
2.242879300664642,0.39240429423560896,68.20174523259642,102.51605973662863,7.363076038652322,429.5695858294894,54.93094617668893,221.2746494551618,86.18875290729667,56.551046255555406
2.314568981076562,0.5932889193680523,72.67907900565054,102.83113426534764,7.455097379280751,422.2846712001305,51.07515423233855,218.12070027809804,130.21967917324807,60.45442192122243
4.1031920198068015,0.5158095604300559,73.05853708544859,95.32781293033254,8.88038249801977,400.5168920425938,48.22103857073136,210.11678897685834,107.09699693952987,72.26062881922394
3.193355000024454,0.44236879389777645,68.40631828421768,97.81375554522762,8.072120203195897,410.83225829611365,52.397851000588254,214.63645033359242,92.72082153806394,62.10525911014884
5.210438233021883,0.5366025856622965,75.48710721457799,92.7290424441292,9.842768789676425,365.96233461883634,42.80906753579203,192.54881523702647,101.75986625320799,82.22230802882301
3.423066880758153,0.30169459177907354,76.19432676521198,98.12793931583295,8.321946410902928,393.09023344958695,45.60511674049504,200.32656408329223,59.515452937286845,70.19134563339443
2.5014851054592437,0.5210557247819356,75.62293302631124,101.3562830972118,7.568913088984347,426.71412060761116,49.83642880774538,221.29158976490143,114.55041280900694,63.5324346825344
4.501515917257127,0.5301204985689267,86.25407999543133,93.73803035237587,9.181570625950792,384.25947785356595,39.92137038469483,203.2192193015864,107.29583028609895,86.21670050236273
3.0267369750435344,0.19939062812850383,75.95442171867003,98.91293632086476,7.954702978662906,413.24545598948254,48.07727720419555,212.17591985189117,41.91545669839203,66.98099501325687
3.839146075745626,0.6991387508740724,80.35765930929283,97.24036660590698,8.690613030571651,401.49291487630774,44.43374451544875,215.2212768822824,149.81969639871076,76.79797460937435
4.442414749268095,0.3237132589546009,75.6613689306166,95.23927301607175,9.220755950257065,377.0616587039823,44.01770172612955,191.82549052968383,59.980139917762706,77.2316977499212
5.150924389207246,0.518061959841287,84.57138726931167,92.59882336237197,9.783332839438707,368.71178222734216,38.98766771574987,190.38639594331613,98.82407277712426,90.20856412518292
4.772669181805867,0.7328823481070541,87.71944944610739,93.93002714803585,9.47129415974574,374.30598787856707,38.304144159653504,198.41496973605356,145.15015416629768,90.19817611475466
4.367263737554534,0.6851353515427738,77.89614213994518,95.16980054836694,9.122927641072796,390.09436648860105,44.38128420556915,206.13800503203473,140.5360909594018,78.42005225204505
4.378716138383003,0.5068666777137671,70.2911642888017,94.77971169972201,9.117185469128012,386.07662377641464,48.0845715959136,200.3567337237947,102.9521732715344,71.71158003052373
5.310736254112303,0.4275001994235863,73.62885839104892,91.27211936315015,9.870044103041497,367.1407058651766,43.901197855460964,189.20348706827127,80.64236308876853,80.7037480509077
3.0353843412378763,0.6895023817151135,75.05213272551126,100.34441388562067,8.05787432082932,402.76991723822357,47.355651684606535,214.26228471049674,147.7928873520654,67.11665048967978
2.0038923296866558,0.634938995561724,74.68716097187722,102.68740014970436,7.139270425714467,433.0868174783199,51.13960752824606,225.88602949149154,144.21969882853674,59.30086654593157
2.9518409578936953,0.37632699599117403,77.03433482139428,99.96454001847667,7.938355276715943,406.70650006810786,46.729431655072936,206.5677321380849,76.24715326200749,67.64339274396507
2.762619828693604,0.3410212705996619,75.61613220058254,99.68762020120899,7.749538083785095,412.00269802245606,48.12208720865957,208.91728989635192,71.22262959702394,64.99786105148195
4.316421047898993,0.08552896366080032,75.21462983875848,94.36508710287316,9.010087983809937,392.88487914193735,46.105331899621774,198.2195026761477,17.746056495266775,75.14918557671415
4.217990599179352,0.5308063683367175,71.88059651300458,95.04810924858648,8.974534653605454,388.2623412815146,47.418113425669695,208.09857113563143,110.36871789786566,71.96632809475774
4.0771148394665335,0.4834604509963203,76.898229113681,95.0869473604854,8.817368638922439,384.3685934623007,44.23203986809287,197.4843160086048,94.17251389553432,74.92740967828729
2.056852051233088,0.7272382749285085,81.74315924888299,103.43929928106684,7.22785646442473,414.8371011433277,45.217224318376466,217.69737655824534,157.83538913973499,64.87587836359586
4.550723190577266,0.5718110186960733,80.56051085583148,92.99404143174354,9.188478986132482,383.7221789514405,42.37190971264618,205.24786430669346,117.55197702014746,81.29278146081347
3.13235644369922,0.766845838834538,76.43234748062005,99.1161361457576,8.088191482982433,410.14987349992947,47.45328403719378,215.60906287280585,163.23203478887635,68.46534305171073
4.327695961523209,0.36052715441676586,80.34106977294161,94.95907061214251,9.081432277323097,385.22370032510935,42.64103815610219,198.93067916134896,70.36725068913452,80.16268846787551
3.948024499757537,0.7276300661935237,72.88230925520479,94.73327458819287,8.699716500019676,399.0049598165699,48.141148986086364,214.16875234637027,157.80916034230887,70.63795015229968
3.199558238997675,0.39421672417906894,71.2981441563806,98.44872710708925,8.106581017802023,401.2849343513691,49.359667248920175,204.65276067656293,81.16213113580254,64.59631306663354
2.471016934864377,0.6555192123584545,69.22629480000734,101.55600035841319,7.558571682341748,413.4115307283215,52.18110120786353,215.92003310549444,143.02320059444142,58.75772818436116
2.330466141811683,0.2082483214938613,72.17012625632684,102.18635089829436,7.441095213780177,433.57972480333694,52.766101813060395,218.94485535680732,46.46121632927925,60.00635914137502
4.910314165892783,0.5470270598732377,73.78234751552594,92.65045465249513,9.538330226989293,385.8843778146871,46.057957225796024,198.11180407950775,108.76650135497016,78.21615815943495
5.214391397285453,0.10306241171081798,82.29864338000323,92.29114067308548,9.836546995990323,374.1944621876848,40.54170770929826,191.78189916088192,19.456425811057883,88.60448007351941
4.274258163675048,0.44657250281164906,72.75249270799912,94.9526434213485,9.019531086231622,387.2097578384957,46.79131046901585,199.13265778448286,89.30838325273693,73.0771015367064
2.3620194020116916,0.5880707987755827,68.82081470128945,101.74385442261912,7.456387428306655,422.1538945996989,53.55868195470362,218.1455179298394,129.7349731691762,57.694630436953105
3.407095259108843,0.39580628975378085,83.80140020508377,98.27648968830829,8.310997046392977,400.25111240443897,42.6700573263667,205.17378277238535,82.03461263705347,76.17314967435046
4.5512872003680505,0.2899124742488065,73.20466848503494,94.81209450169915,9.285561955130046,391.5786240719677,47.06209774063295,201.99566196002414,58.7278724512029,75.6527023382677
4.729373094035239,0.6692236938591868,76.44288999909405,92.90661976894422,9.384140083010397,383.7539561723799,44.393929469086665,202.1411205680935,135.10528031821514,79.33221301283179
2.41376517801881,0.4793074420306153,75.15313233733963,101.16236437891953,7.486737402200491,422.8335680274933,49.655668138244266,217.02306303334515,104.51909279163252,62.493379418428916
2.0001075159588386,0.4020858705938657,66.71666342454654,102.46450650076069,7.122982522005345,430.015409514487,56.05241290732382,221.85729250598158,88.67363999757494,53.6873392390993
4.492479660582117,0.5083791842308553,81.56839444021388,94.01056301504904,9.165134922081013,388.03326911649464,42.37633208364773,203.2675117172073,103.8354461978441,81.98888875275715
3.2480866159517197,1.0273338283891178,77.0832991411982,99.77268425063279,8.234730335657275,405.9836873675316,46.62015465322042,218.35432193379705,223.6248260065616,70.2048578063852
2.890684660663911,0.7307005699563087,81.2607416522006,100.34078394314017,7.908048118999143,409.5548546228653,44.87744096839582,215.268414003046,156.9428319181309,70.59634167386226
2.045141144263339,0.732514733637568,69.0580596870255,101.93713419894324,7.1396701204435695,425.867952855387,53.86774663346281,225.95344930902147,164.48652526887108,55.41610298976082
3.8910479236652487,0.5871092637984728,75.16488647077911,95.9009746947007,8.68946004401694,395.5769858208414,46.44836648218485,206.2367613743709,120.64375009459388,72.4440200467904
4.979027573990936,0.5332970545154294,76.1716118637601,92.87161727045284,9.617839338237605,371.7769049708441,43.14377982840039,197.10429131573355,104.43141033254558,81.00100525094473
5.351710761954058,0.020783542333916716,77.74149538609498,90.54380610841459,9.887289775981568,370.9569112959959,42.278389451154034,184.2749390388261,5.521801387702471,84.7480352873621
3.9801073271465124,0.36420393070737356,67.50305504969002,95.4893523223354,8.742907810535971,398.58517855922906,51.428318316443345,203.19382130870355,73.10949265885372,66.46777128642721
3.8006146470896294,0.4038851173595051,75.11491946996865,97.77381646812562,8.70167395756945,383.8979611375919,45.10348638384645,196.19966376901982,79.6269595228539,72.45775000576621
2.297697349212344,0.1250215871904934,65.62491726193609,101.46735877497825,7.386566076200867,424.8670138757057,56.18082363040837,213.83113783233028,25.786625923193505,54.88392912763362
3.9210548053990992,0.2685168419569133,76.49693612246352,97.04004163392666,8.76392628971483,388.24329873369504,44.88520820945784,198.15441011893387,53.25469246164726,74.15321375563703
3.329926776378881,0.10383270581547316,63.35266650906206,99.34951483429866,8.288266519837784,411.386799627203,56.08341444225206,204.599618581688,21.534047408104815,59.73159579483001
4.1249734830925195,0.4923352328605255,65.69203400825809,94.975823136241,8.877871593042345,399.3515532536048,52.760050444678896,207.25431965553864,100.1875000550357,65.94844649403476
3.3605422175679136,0.6637531941697632,78.12539424328148,97.52613219326659,8.224976623133815,402.11861075168457,45.63027651729812,212.14631166296067,139.41509050930202,70.92851297874508
2.8410469320762837,0.7213549037248658,70.67506404251763,99.83543006854808,7.827892406792665,417.91723668274926,51.80252927503066,216.84795878766155,155.46966524296928,61.955576912935044
2.332378463299318,0.5829568924158482,67.85956378779797,100.96577320191348,7.391692392959553,427.97766130736505,54.96789867379619,221.69084118715847,127.9329669814727,56.52310160651771
3.102214556061135,0.3073207317602862,80.07688557265111,99.23907615658823,8.071544431535317,405.38977794317435,45.00486172073623,208.43967140512945,64.14191754604349,71.12556113354627
2.338256920007133,0.11358696829600806,74.44403939065063,101.65157925049232,7.440637845948645,429.0810622012851,50.81247478182475,214.06549709333083,24.557631040364242,61.61907540295043
2.6191393278839437,0.1486262601196996,77.50341817112965,101.12147636511524,7.676920987615708,411.83483829420146,47.06500007677183,207.5148560050693,29.779085011943902,65.7780819407505
5.455676555028411,0.2462034845491003,75.71560150442994,92.02268682238682,10.05070251612497,376.0565375919944,43.872589235993296,193.8976882021013,47.862484918304865,84.23031638988587
3.554362449173165,0.32222806039286506,87.66337840850781,98.21371941251017,8.465560854915203,394.4974343923768,40.3935887556815,205.67250362833343,65.84937330653099,80.68017628691834
3.861551182767558,0.46805030040168266,71.6112921165221,96.87596268064343,8.703843433405643,393.06198271914843,48.16269569141812,204.43157628809772,95.58478465966475,69.5883313373449
5.057664850580254,0.29716715637460633,84.79167556749574,90.72533429259478,9.59256599411796,372.47426751162055,39.293984970906315,190.35613452977415,55.93916790706908,88.67288739983867
5.484491151717407,0.5677951787336523,76.27455918156133,91.15898175467098,10.04220220237,363.1491861413289,42.09226793927699,189.08872471039777,107.85132297592081,84.62811848279141
4.039500572706386,0.45354529944010546,66.57484871268393,97.23985012409129,8.892175411822489,399.44934161542267,52.164561645324866,208.349358496856,96.13080144454813,66.81092637380362
4.8436583736546,0.5021091423482051,78.22663377712607,90.63877767915808,9.378419435162211,373.12711289552897,42.291890432780754,196.3620063812189,99.36949282946519,80.83136431288018
3.1442935851783633,0.728050110534241,75.34696510948984,99.54647848625622,8.10753087681359,414.65863918877636,48.585047945972,215.9371996581665,158.60649292826167,67.79982796877799
3.070103851065519,0.26395365315992597,68.42751555008248,99.12714966146551,8.019293068059714,407.5637964100404,51.966939606773224,209.56205663430697,53.911845629226335,61.705916022476586
3.409463023480961,0.5837409156584736,69.48025924250358,97.38704341539828,8.277626406619477,410.8386350298388,51.690651105744635,212.9613386463441,123.63853771899805,64.54216569382504
4.353775419357772,0.49720535430478535,75.10104228780438,95.40268889937737,9.101314331200086,388.0544257661789,45.59925652306494,199.76618164975676,99.89005095807943,75.79102264782333
4.387670912392846,0.43330274380606093,77.01394417111133,96.01091652711091,9.195906654111841,386.6303656645666,44.43315026661302,199.50743558227336,87.95541342239345,78.25600319221567
3.103338021273078,0.6770512641731921,61.370689211130696,99.75850150861443,8.070731551605325,411.0868764270544,57.59883797828631,217.6824336612498,148.0326073255528,56.61838934860963
2.4662347344782005,0.6758028309114015,78.22508894399286,101.07122486831707,7.5264918548030355,419.9441673280078,47.59917755306511,220.72793677735427,148.142340449995,65.03621077568936
4.21338689762928,0.31070184080231433,72.58357440808024,94.49836999877098,8.925377304668547,393.13389558615125,47.60436907750094,201.79213873469197,62.26253162948591,72.19244722147481
2.449140517660676,0.4635678832284152,66.28023119920194,101.54371029521927,7.522276845514605,415.7528152691805,54.503350177775836,215.53480919101582,100.24841969530772,56.346288390518026
4.024723778802655,0.5562423365168131,79.53500129182284,96.61200220809599,8.86051519567695,386.16319555506556,43.12985871262097,202.3605488626657,112.39684499656313,77.53491540747358
4.426977448197082,0.4453986503954831,75.19428304074422,94.19593651032324,9.158755668908038,384.0426128504925,45.078448828171226,198.47398374612555,87.601272041421,76.33400314023332
4.452140237380581,0.6170042664575597,81.42339716876796,94.18520277584733,9.162564895950021,380.40436062286017,41.60908174530336,200.72102183907745,123.55547239908738,81.80133197293141
4.637152387308589,0.5562384035820551,77.75434417966908,96.02756684429066,9.418704466241127,386.7882277302281,44.07624845766201,200.4183255268948,111.46593342090902,80.81959197278647
5.0550079754798265,0.8665122480712025,76.05843705583555,93.1703936425884,9.723064608935603,375.1504039181913,43.59251884562928,201.87490098205473,173.8421529736341,81.79873462614192
3.7498564718767593,0.19394417281404247,73.73617804135132,97.79560529114625,8.637317552385483,393.8658209975504,47.03651757344933,201.5560437866538,40.07512926041022,70.81995824916288
4.555872163353499,0.4755128020505205,77.88061039880489,92.88621870341571,9.200882165068872,382.3762634190854,43.510879326378166,199.71909692943444,94.52937258135584,79.04132642810708
4.167104573780429,0.3182994976975618,72.93286919448985,94.84938304833373,8.915152356495993,390.0014897745489,47.0261662911888,201.27729501612606,63.993885675246084,72.39642405599251
2.653239789291889,0.6208214910878088,68.92102480341777,100.77340604904178,7.669656312174921,417.59821647510915,52.91343054848733,219.041161884332,137.0205134343611,59.40699310649178
2.0899137570429285,0.1765656219908911,75.55744212172473,101.88439180404163,7.184198715722363,420.71640181326484,49.173560052753906,215.35357106718104,37.899038557330435,60.24109571679262
2.995894849869268,0.5692625420449773,72.87263461262097,100.79468586456899,8.031532204198191,406.15064651800117,49.00901828649563,207.07103382171792,118.8581419256742,65.2284749638069
3.550617972181668,0.37399031373033176,74.42857980696304,98.70108694263668,8.497890668373557,404.10378926556467,47.86338822582412,209.36924125386764,77.27286736109875,70.2781764535797
4.159870805500297,0.35316762677579716,80.4387441473734,95.01361591084172,8.91782273867577,390.3947630843698,43.16676074672228,204.4458109981376,72.63659778908172,78.8255972689168
4.974857656761219,0.21070035929186254,75.40044614943476,94.01513308662173,9.659344291864489,375.8912479702354,44.015138669474425,189.8623384245779,40.84338527776571,80.6587092200888
2.6868600084715797,0.40698481075979875,73.29940163787485,100.59258829297353,7.729115681643747,416.1110397985506,49.953664926369875,212.6928323439473,85.73288412298794,63.11951000305004
2.43942426464467,0.7169001060581851,69.92906156031894,103.5335268476549,7.6205958579090165,419.388654434815,52.470108649820794,223.0204668342279,159.70502673423752,59.77155318255929
5.372179816160147,0.4949622632941041,78.60031544930143,91.31311954785951,9.922363377578591,369.0669507450494,41.655263739578395,190.1044306429777,93.93684366865469,85.85145360499592
2.378155957817425,0.6255360835748949,74.60292671278134,102.13740834790175,7.485583906247441,423.03267538347603,50.00213252901174,219.56593032021053,137.55605135613246,62.08851335512393
3.674718745375162,0.832928364393255,78.91353815340298,98.25840714412259,8.59798736371985,398.6906373934814,44.840262312542144,212.1791412020351,177.2048266571164,74.7800490095508
4.049473050776557,0.5527511169645152,71.96372347589748,96.8489510021283,8.879780162157239,385.7600925003602,47.06473499996594,199.5734105843417,109.40321941829036,71.26773541431295
3.894810473176034,0.38824008558753187,72.38468771986031,96.77674899679259,8.747423696374117,395.43984005502733,47.99919147592999,205.2935703153138,79.64313845148611,70.59463071114041
2.301112549615301,0.5934504430365579,76.72202205526571,101.83319382079137,7.377645952913594,414.22917512291804,47.765165676019464,214.43473996249304,128.84770960674518,62.66842642815331
2.199594199012668,0.3911407707371416,73.90057805562951,102.71272646345015,7.327318250418706,427.07128978665264,50.902067623835315,220.1240231497968,87.15335686419672,60.29215018105586
2.3691919961136247,0.39911546334056613,68.31193976437288,101.05488067610142,7.4125073215647985,428.26341044720624,54.68686023303432,220.68740209970463,88.87359858769328,57.00636832843128
4.0495568935541435,0.19602144007620304,81.39223861093748,95.9482578476518,8.860739123252621,387.1744276023641,42.36403807226892,199.85531154714204,38.98314637841436,79.11282598871001
3.9052071067201237,0.6852514982168785,66.19399568606289,95.44432910048117,8.67251340037869,399.48833894132747,52.43042254763918,212.3535456765084,147.64441615122084,64.8426085284023
2.8180927721286047,0.42279948487011215,77.30313509287308,98.71196998548564,7.742063101376277,403.68028244971396,46.238921663039804,207.12307841500134,88.60134504708068,66.15981291445024
4.2322094964595705,0.5364196491631724,68.75259121576049,95.22760817370306,8.998042013933864,397.40207230547867,50.46209479212005,204.21834607724244,109.58415242336716,69.48493949718926
4.870236257194772,0.2928076142786721,85.27322609106136,93.96399541235563,9.575047837718481,377.93812151046285,39.66886994560599,195.0371126533664,57.32876236742352,88.98146415182424
2.1455263594630782,0.5871895259430945,64.85163299682759,103.23130145515609,7.313766793168824,433.5344372465801,57.91916887971628,224.26827984292984,131.22913527030417,53.81558890116577
3.7434548024181487,0.34761175237298325,80.25339902226551,96.832378354956,8.582360328513689,403.6841545225056,44.72786165348927,206.38490007104005,72.13518846817557,75.76481269290181
4.412586442359416,0.47165825565963515,74.88693193077508,95.95353921028244,9.212808745883908,379.6685058451279,44.726378632078,194.7894713773312,92.46713732442139,76.49443135067953
2.883091744743905,0.6755652062478252,71.62669724449897,99.45392978071906,7.849285902917567,418.8038240520413,51.30721175666157,220.89341398131168,149.93051285961818,62.84622792575064
3.0771981685260217,0.6581518624465059,74.61962108457004,97.69554028072051,7.978723199341404,417.97420980143625,49.394479016126404,217.5663966045407,143.01104523886318,66.17591032942182
4.147732660462843,0.49559398549661193,78.13678088834448,93.73725465301928,8.846037444700388,384.3516493955083,43.60854180531301,199.53965110359775,97.41695161740775,76.21834170961563
5.1427735270530786,0.1463737934586563,71.64932572080934,91.05533990283766,9.706370090485366,376.3568118427404,46.09429514821102,190.3350066914651,28.101845303588306,77.56902381327123
4.834735471060148,1.0985621140121284,71.72274393942931,93.73172564589926,9.529262912700846,378.9086342540642,46.36513851454878,206.29987007704185,227.34001489819315,76.23159371929856
4.040955766848542,0.8491717940546273,78.09717124578268,95.34881266925619,8.813593733371302,396.76656615521836,45.037378674540825,212.44413699186788,179.42301560541625,75.95869751399918
4.555776012150372,0.6445349649776597,66.93021644633244,94.42355087095955,9.26450993085685,375.96800947260965,48.87130529976996,197.16638846718126,126.98979870747095,69.84295551332885
3.2768786457272956,0.3493592436818058,71.01110890891233,99.84795144682164,8.275609230430934,415.16316030897735,51.24768268210974,211.3391136459427,75.17473872897014,65.75847779683991
4.243379348345652,0.47728156765960705,90.29548998881198,94.26809471072798,8.957926736182685,384.16058395984857,38.302877228348144,195.5204262273075,92.11482048117384,87.55802650395715
3.6316355689464492,0.3913159140446966,69.51789785978934,97.67207529412414,8.527872974502166,406.21585337612663,51.08483301361794,209.1829246574691,81.57287301509197,66.50990312121912
2.664776477601463,0.7527711878192778,78.93674573192052,101.10445278651946,7.72807330875126,413.5626493437486,46.50076252962286,217.75889440792741,165.40976074960653,67.2840245437478
4.4560839585703995,0.5525005781703668,72.41754690671542,93.71511575422511,9.147343550983184,390.54673547254856,47.38635765446771,202.1399307485878,111.84014396402644,73.83207447838332
3.947626230720877,0.3431672283280334,77.28237720085077,97.266676932673,8.794117829379227,381.5976012389944,43.71989094211733,196.07141396872277,66.7592718577648,75.04075251542416
3.25517553683757,0.4058489801750436,77.17798909718617,98.37671997662892,8.173121530302932,403.7419618910633,46.31237380813763,209.67068099338707,85.08760046066263,69.74564698022044
5.189687165275208,0.7242376285139809,81.87240827424499,91.52909253680636,9.76056286951649,376.27858535669054,40.956647640440096,201.22663327594935,146.56181680990434,87.5353727090142
2.073269412393566,0.8200195693640957,71.4866541608084,104.43284763135689,7.297435453203242,426.9002910051803,52.38898263790797,222.6801642062028,182.39858682311277,58.350565315924044
3.105206029373236,0.8056663126972492,83.67067042902215,99.54999229108705,8.078550161213164,396.7765231404941,42.358672284847884,209.7515336586751,169.5873268203168,73.92705717380531
2.199084892221763,0.6514064130107955,69.69221904774021,103.04343531697222,7.348497200309441,425.46029284409815,53.38793396996801,224.42329304200786,146.4257624752407,57.48506226645934
4.682845606775695,0.44947502623947266,76.79051679612863,94.69395472150254,9.422133681899888,376.74740801424326,43.40882183006524,198.30791146975977,89.45153212171394,79.93376757895102
4.457376089398274,-0.14830276506582418,76.57523596836596,93.87880448753867,9.14699493263952,381.902910703996,44.11225755636875,187.0923865696938,-27.084776740041526,77.43491853859952
3.1597327655771097,0.5594320047616443,68.18183871894546,99.94079219812306,8.157988290879002,401.9640273282582,51.41398998983277,212.13013959401894,118.37756118047619,62.56378934201724
4.364820157724756,0.4996342482311799,73.8084229143741,94.32161415596522,9.065706746614273,392.25600901150057,46.803888603447774,200.92232566474874,99.44316438349475,74.38888448583393
3.3857802916858244,0.5279964192642708,74.87050384621503,97.71407026762898,8.263159790299673,410.35367487519875,48.350564245354036,215.39335285280333,114.20131464505286,68.70879873171188
4.64688826997852,0.5107794694066413,73.41566070832712,93.51829107722867,9.329363259511984,394.6471861972437,47.31092253493921,204.42177247531077,104.28204036732762,76.21065312333066
3.5896428195784713,0.23474756761016857,86.51219121077683,96.93859826351938,8.424270811587478,389.539465325225,40.36168492688081,201.41659270805252,46.83394398862996,79.33878790242403
3.4429790474108293,0.6114817113702371,69.93845648889534,98.60729848018782,8.385801222196251,408.14545376664927,51.057459912720084,212.3168901213676,130.35428061352852,65.74709274652686
5.271554704209054,0.6264432628063701,82.22298798575301,91.76332705938437,9.869465050731286,373.8873606431776,40.54166632520487,195.72054781016365,123.88516564964276,88.8281228271073
2.8780768496174507,0.6364677564119319,77.73599128528487,99.53375149464524,7.852082124996316,408.9614375998697,46.61273345280603,213.76094988770615,135.89737380049294,67.4441175945861
2.421565689987979,0.6893154007146773,72.83656815546422,102.06412411156593,7.5547592366213,415.18229607834166,50.120653875851644,214.8567787404452,148.11253607229284,61.35684989078666
4.045900896408104,0.6208103289843246,70.5290358064285,95.61920091266255,8.839291977819716,389.57383451619967,48.376815966434386,200.5741268513474,123.33672245720224,69.74035896823293
5.392626342994626,0.41799411769221784,72.6298750096347,90.86335150322707,9.926301123088923,369.78526131706656,44.752005406513,192.18285080999794,80.10860655148835,80.2281740898466
3.322437248045153,0.48583263041678193,71.39708820157163,98.41041673976319,8.250419825570313,407.44587618724483,50.056566541821056,212.98735224458088,103.69749603334125,65.84068930660632
2.2171286727007353,0.5182249734506754,63.73184799750956,102.6108179300804,7.348328199867954,434.3412568561712,58.908228757651905,226.15915803552795,117.18087956990085,53.27618880260466
3.1875684355834863,0.5215398898213237,68.80775499370372,99.15538859495975,8.137570744422879,415.2521748041115,52.69179090779679,212.94123452101854,110.69519215765456,62.935951513459656
3.7707607901184543,0.699643531194346,67.11253037132393,96.51173788878314,8.58564859312595,393.3649312676081,51.01180435571465,208.1374960918633,146.3478944097942,64.93320334793874
2.566730523212748,0.6287337506044982,79.80945164374387,101.6941321347069,7.661386063296977,410.90428183356033,45.75289953484356,212.90273922844023,133.91714542764694,67.3347828586013
4.303357763197722,0.9154686879139906,78.25634127777836,94.76033250794426,9.035394933948695,394.4877666814621,44.69795155453474,211.79121907588825,196.47703255748962,77.99808628894037
5.492122861535702,0.9412937959769345,80.52041792817015,90.25358239373807,10.003783217672236,364.0607043123118,40.218628310046206,198.4123573862148,186.9720403176584,88.35772837025193
3.5810881659350535,0.515929916522785,77.2414655568318,96.29177410021343,8.38646661166346,401.0895107269472,45.97464154997087,209.01863781798542,105.09246550844901,71.6072263461915
3.241549948555744,-0.2673311096918739,74.7246980549377,99.44111796485412,8.206124267425466,397.46119075644515,46.912081114614416,197.65769653732832,-53.952082963198784,68.07502089136783
3.4024645839206333,0.7473664932254533,81.38635916135046,98.10128601723298,8.306259592781569,407.0854315573932,44.545535602162346,214.4532382343729,160.80728389933566,74.24124508033421
2.403011624383204,0.3919247322025891,69.82980067060116,101.7581572014672,7.494801307383806,412.60831255482645,51.68600060237621,211.74972861784335,82.34664588257803,58.695237539701715
5.091457604991783,0.3397032156337986,76.64309740282536,93.01654071508837,9.716401049110688,366.800687152723,42.33466925211308,188.63059440643005,63.497189218949565,82.24321641249063
3.4518897943247318,0.4203109450021266,77.8775618923103,97.53646073458519,8.328882029045658,407.5254199663462,46.37422923336778,207.3820919906075,85.92573321713746,71.64720569947083
3.3554604399869445,0.4106713906370787,67.42050636870368,97.15636906126639,8.205817682924415,418.515752191863,54.05748061098228,214.61204480425346,87.65829441657948,62.375973651677974
4.30891595525666,0.6224539620210785,90.65364362702074,94.97461871837386,9.071670517709855,380.85207677137004,37.837882767825526,199.13258147652107,124.14479206342006,88.95862261877994
3.547116973258932,0.18811284417475488,74.39936918179865,97.83145983525797,8.468117491481886,400.6435884383287,47.469974280889595,202.57548699521192,38.49288673314331,69.99584855241672
4.268817140827461,0.2844558508416797,75.83252782187093,94.84886075417559,9.007667388186704,394.0550389064325,45.909755765811624,201.83093955016827,56.39209598442096,75.66691970916301
2.2150620154577565,0.5686317108394833,78.94246457692391,103.42627300835879,7.369153380268564,422.4871856373461,47.501178165795984,216.81241024161872,124.09181788024004,64.19169574637705
4.848031703027797,0.6245888060826617,80.39241470868447,91.04295578522563,9.401348261988264,377.94997797987764,41.81213425904486,196.05259311345776,121.26088597233951,82.99608113671505
5.291763835077909,0.6283083289872025,76.54050669907579,92.37487188754714,9.908453136160333,368.7874664902346,42.61443346670086,196.08249737320227,123.63822237718549,83.78220324039434
4.27067885155785,0.3425927442133402,75.77546181235962,95.6855469398389,9.074669705039808,380.36243138683506,44.3439677677174,191.30561040849,65.87696082788943,76.12177766893181
5.340980751005837,0.304346870146752,68.88843424646711,91.67198399363994,9.94124584412159,374.78441827958244,47.50815780025023,193.19015432973816,57.86246062838931,76.80819494332987
2.5300131002948714,0.39867303324241615,70.25368683110396,98.47623290939268,7.462478495470471,422.1893712478016,52.60685059071621,216.32766176094168,85.19068956239009,58.77194927953005
3.670956663181238,0.547974550456945,76.99119907661229,98.17876270548187,8.574027857643205,395.5337323209276,45.468246962843324,206.30672938064487,113.43312772920635,72.98138968463712
4.106323568809065,0.79709547385451,77.14705247778531,94.80672022065956,8.853437245503851,387.0633601209969,44.41496862095976,208.60430973898397,165.71766860088573,75.45620470347656
4.036078265974154,0.09051256284584991,80.94912266918942,95.46757248638376,8.812106953884026,386.87555758817655,42.53757993855143,194.5331016650454,17.417190244745637,78.30450833790556
3.4051162268116513,0.4558542486083267,73.48363418105735,97.94561907432715,8.304810412561004,407.6022226788905,48.82420688525517,211.88970107958167,97.27815629139043,67.94005152721103
3.183295432781915,0.23346431179495925,66.88352195218397,99.18440041298487,8.12693315494548,415.1162463622621,53.99287595337198,211.17722179341925,49.78148191400307,61.34652765893623
2.443884078926466,0.16955146452930203,78.21631304859015,101.95794815751141,7.552399440186574,416.0299051953794,47.16020096716435,210.3394722261226,34.74742104916496,65.24109036091211
3.3710985769679738,0.6933913290689633,81.22576502327165,98.91542742406753,8.317948031454463,398.98833549537017,43.73636498346585,209.4286870880388,145.16245649484642,74.1849330188895
2.569312852869198,0.6089249148998678,77.57439828772418,101.66008782302062,7.651308830544784,411.6758238409436,47.00869567934566,216.37390234098228,130.8207448676421,65.61017377589674
4.570279867722764,0.5898867031894525,74.66616748697987,94.20636222634083,9.274596414089718,389.325704941285,45.98362208861718,202.0479492862416,120.05533764060708,76.85313789028196
2.730908274231065,0.6842051679461987,78.49902018846018,100.77455916743735,7.761700067606399,413.5213694207675,46.7260957850343,214.75971585247422,148.47622431720174,67.25102458509335
2.2049785684958687,0.40405622064677277,89.79052667223611,101.40997203760665,7.278649756188991,420.350299103962,42.123266919375084,216.3849428085448,86.5865868808953,70.94969422904197
3.93328148236032,0.41347249673329434,75.29569935103477,95.63269336628366,8.697424522655922,397.72558045693495,46.629030945639336,205.4504456866439,84.91694162905836,72.62772615932073
4.083304064517906,0.9371461233445149,68.34128141619586,96.4248039531272,8.912439249770767,392.8761943354366,50.149319392446834,206.8469726870881,194.7632995905845,68.45614479892323
5.051695714481769,0.4506857891480851,73.13060960961737,92.98883258869675,9.690596289546649,371.109029866003,44.641682721772014,192.29382691300148,86.68830613891967,78.79349693917513
4.019435643461886,0.6470264226108182,77.95070277367451,96.51101478103894,8.824399575651782,387.3510615990649,44.041838141514795,200.9271732962657,130.56669543056714,75.88812279072101
3.20918298803206,0.501276308192663,65.82699803114815,98.35632613256257,8.14521824781945,416.40426349438894,54.91504006572154,216.97496258498006,108.81601454635093,60.658162839510936
4.810541585342122,0.13034829398431697,76.61966527697089,93.89149815685752,9.496535622691544,375.7929998611279,43.38425906628826,186.24435462853543,23.219830182152613,80.40534380915066
3.890976126155974,0.09107419923974636,76.57085460296658,95.45258799646982,8.656383934364248,394.1921678727866,45.534050654881554,202.3123485847157,18.544360160843286,73.32864216642716
2.277480996209171,0.38420315601201904,80.40858589451426,102.89070436115772,7.433361597577138,413.49738101379546,45.73651682775466,211.83534101380636,82.51509021161975,65.76603823632306
3.9804769610963633,0.7112202503339978,81.32754663358713,95.85963399516602,8.792002969859832,385.5485893547365,42.216023923382714,201.7126745354036,143.77643094841756,78.43720997197147
5.178064908975818,0.6576583313272008,80.53660184952983,93.22410914365715,9.823940350372641,367.4607272675916,40.58698026664449,193.02929368296742,128.57099746459772,86.80390455463673
3.387094189243772,0.6828154328448067,63.251117974519886,96.92801666399441,8.223933341840985,418.6629218945946,57.154475381553205,220.68623415723718,148.91646263994284,59.20534816575224
3.0371403066493,0.3025907642127369,78.24983400821878,100.78073216346226,8.067350126600807,410.64325082065847,46.53190064724823,211.64142705199015,64.41978860037612,69.69641096579198
2.50214309956307,0.8231744980244627,76.53013864977692,100.95332768819848,7.559157500599952,415.57085017097205,48.026139407098185,219.58441993580328,180.10828666946452,64.07531873998187
2.530059326773751,0.3070213399627231,74.31579307752024,100.84120895148247,7.58851109562717,423.91784482920843,50.27739517784727,213.6868616844207,64.73079544565415,62.73534874311565
3.514700195196366,0.5425648797339937,65.56652960350822,97.8544203720012,8.396618688180645,405.07952002850163,53.60567994241932,208.25363894301634,114.32552917585593,62.2883603254674
4.084879384565353,0.4979295420184527,71.01798571554312,95.14525902378071,8.85628978913407,401.23871016606057,49.524646487117465,208.66107361078855,103.6435078424092,70.33173983226303
2.282153918093606,0.46522523593708276,66.90447085404199,101.95459808563054,7.372793481259846,436.84099378516737,56.803068655690204,227.37352969066083,105.42835873485167,55.71916000707519
5.28849006158808,0.7677184276591213,66.27114587637024,90.90018377222503,9.836860479228786,381.89514076120713,50.070722862906806,204.69829729865864,157.4942308317445,73.55778431896694
4.642967661058186,0.35897789596680785,75.55698543619584,93.18876236151301,9.28969124213956,384.45613575884335,44.93568044722095,197.94892146974536,68.90676888506177,77.74955682760141
4.053183713992819,0.23007894885761437,70.87470984957748,96.20336576126559,8.86213269792028,397.90401146934516,49.20005428265829,204.33778909989965,48.36868966787747,70.2445087174794
4.899535348286468,0.5039990972412839,89.00597031928832,92.13037388475455,9.504942915383467,374.3741096610264,37.813286254727096,198.57173972431644,101.98440787280082,91.68006331574631
2.2806536488423967,0.4200346531426947,71.89292468142133,101.40315684104722,7.347659907831606,415.1096401509242,50.689316783565566,216.2360352980751,91.7417415284007,59.008024289868615
3.6689360720659354,1.175476583816529,80.87148906580892,96.0604907479721,8.475810319277738,394.86207091706143,43.45280076032465,216.90726001858738,255.38139475222408,75.28830485653667
4.205325944015822,0.635301495287995,67.20089600935286,94.87821465197554,8.939166367966074,389.57835625867136,50.46293196020343,202.70558619247103,128.56258658416493,67.67017749101551
4.900285171414012,0.4181318849562751,73.22989427567248,93.89828352383009,9.586362114623649,375.5968447881037,45.12763689739398,195.99563990925196,80.87681403968469,78.05748582477841
4.7421434601724375,0.2887776861625827,76.17506153237849,92.72575097731409,9.382809730487635,390.8421379404931,45.35443676981214,200.67519921846278,59.144583516255764,79.11211246429974
2.9697423739968984,0.12394231788624305,69.02292110575793,99.02059507886106,7.93419248124971,419.317730646976,53.06279808181158,212.81929134851592,27.293657883911607,61.53857557870681
5.293080593457216,0.29495618285251335,74.24069328812493,91.62935548008498,9.874320230520986,375.0217420815385,44.51788410606585,194.45742634144597,57.80653645591406,81.35450158649783
2.435210445008046,0.5229883543518263,71.83249800279197,101.18012629543222,7.499253467514279,425.3436462008544,51.97735087915103,221.23376411244098,116.03631110967399,60.20987763116404
5.062967665174032,0.7854657303189538,74.90602127098437,94.06213671857061,9.773655301205535,365.1039180379662,43.00094534788148,194.12885231244448,152.78215317143983,81.09825404454605
5.398290873616165,0.7243378284775838,85.75354191351613,90.97595957060241,9.955393904032622,370.2316237193888,38.665057847549825,193.8411476715363,139.88053925421391,92.92313814396164
2.6200373312791894,0.5458189663292758,75.03517622469258,101.09804401749673,7.66540428489566,421.37596539322067,49.55313601982767,218.28223455625883,121.64375246147354,63.893506614710894
4.5272312247132485,0.4353664668595031,77.83023028436241,94.90970574134309,9.264946409478354,372.37024375825155,42.396591988049195,193.1413234163437,83.80163203981985,79.49910799112222
2.1409993157229947,0.5537624712824308,75.26747305059294,103.2461646876598,7.29640680416655,427.7910584653289,50.17048625464737,222.75720498226596,122.92787613346817,60.99878696119586
3.4189798879870423,0.3962724005030848,77.16590775227002,98.22020045729126,8.349276248860544,395.02774370854564,45.31906497563644,203.94571045915976,81.93866256800348,71.20600901424851
3.806991547191859,0.8436727991527752,74.1539549372559,96.54662759547969,8.639404856357563,387.7002941157162,46.0703593081015,208.4242587646718,175.81267203090866,71.1594271433164
4.032258290683719,0.462161963744984,73.23497809142623,97.50631881171039,8.912207388473089,399.0934520782656,47.94780526522118,208.20988489574182,96.20769475928027,72.66523173063207
5.275780368869958,0.4827324283506546,77.16501674023533,91.45496048870373,9.852190750836982,367.05493304910453,42.11034963063022,190.6442764668989,93.44474390209948,83.88461813508633
4.352877405529681,0.056835514995866365,81.00747263120297,94.41157699710332,9.060248321348652,382.8123108236239,42.063832755242586,190.56416392183803,11.509427641804738,80.54031363729688
3.6844728292673294,0.4609130306954472,80.05255833730271,96.58766590692913,8.533238029321558,402.26223879243446,44.66971802019358,208.81153073020408,96.97337401978817,75.16138882893593
4.833862626930612,0.6672968275929883,74.59864277387467,91.70003824357745,9.423656414417355,380.161223240841,44.93703572254477,204.58273912954624,135.0997023072374,77.9873732285275
5.326864873340432,0.286455484592291,80.23145632134907,92.01326554509822,9.934759751721893,368.31139556837707,40.81851391788224,189.095015603631,54.56784450733399,87.49916929086646
2.077231520388018,0.3498559331014374,71.51975450926727,100.85123496096128,7.102138055546924,428.3389025531649,52.544184551545825,218.82544236835759,75.55177139052168,56.81517135750668
5.438824452896135,0.658542203546733,76.69594209065158,90.9595361421396,9.99459769852673,371.16766304807874,42.812576240301524,196.53363688217468,128.97070029669587,84.67138409120729
2.301462486722881,0.20466855529638933,70.39413807629647,101.7809927890528,7.386950001674244,422.9716726540432,52.6122529297634,215.74733717399,44.33233707800634,58.279039347838335
4.850353727440664,0.7115602015083837,74.91219877839762,94.81573410774283,9.577912603080545,379.04749879882553,44.63993445606762,201.3664536228501,143.24814451482823,79.54621011575034
2.981171633929944,0.3935712219653796,80.28405630846433,98.10057829827429,7.8766629121849405,407.83532860585194,45.172464029799734,212.56699302249805,84.31446949939964,69.57353207390446
2.462628802138551,0.4222863559017594,73.41726029926245,100.65991656292758,7.482975688200398,422.73268006568384,50.67688372275893,218.47282128527527,93.02879121597684,61.2130248509193
3.539494738998422,0.2752243189748812,74.9238062295597,97.50289124656021,8.401821459375286,403.5632634801932,47.52062836059315,208.56082099554052,58.24664376262236,69.88092697655988
4.253848028066647,0.5756092520855767,67.86852873739019,94.9535084317914,9.00212892785986,402.2994391362676,51.66393222774417,210.24432657689246,119.67437863302064,68.76720490693825
3.3333314575821626,0.9919743970058761,72.45377821093494,97.89370422581439,8.224149040985566,404.6292531475462,49.07346417921752,220.219239063879,220.81450514152112,66.45698153253073
2.1909789289894466,0.6562994478921265,71.4226001960637,102.2667834210152,7.307658793661822,424.3569564593132,52.11783404576514,224.4364403395177,147.27293301292377,58.38069078362017
4.098113988805508,0.32714294761189283,70.77201935934958,94.64895085608492,8.847321290320435,395.93888807953664,49.01931277934623,204.72018707705251,68.1856987897123,70.03292047663494
5.158411466387362,0.7271241170982952,76.29842081818265,92.2313141708402,9.768682137793098,378.9291671384386,43.9091658394055,201.9498167972195,144.32826938905808,82.42501318664176
3.341253780815381,0.4366640908131501,71.86359308584018,96.4484234934841,8.141226062550002,402.97211574877787,49.22482639214615,212.63905459072703,92.5865106444639,65.32002849745798
2.7571647217078947,0.7748969962855119,73.70857694226738,100.32930798932057,7.771210539058445,415.6102410507995,49.6496603134754,221.58181064701532,170.2423974042063,63.76735135843158
3.5490207107648537,0.6613352804328726,74.8663399020125,97.09814215691216,8.41586176297444,389.19709859943083,45.86000751874083,202.8199444969595,133.27061950131733,69.89817445192669
2.169269488670733,-0.08862831309434671,67.82435159729165,103.22058714385774,7.3294394511386525,424.9238107546983,54.60036634208026,211.6242817838706,-18.705347352723322,56.01497880629135
4.871706545680961,0.2991840734089945,73.85253894240121,94.35327594662327,9.60466364954904,383.7293465825555,45.76240044993048,195.82300085595813,58.25237362473771,78.81527190489116
4.892192838325654,0.688877044567078,76.25750281979495,92.61248333085993,9.527346420800027,375.31935827434484,43.511502884386076,202.1217874392745,140.55107658091364,80.33423526497855
4.058001622003699,0.5303314544290035,80.79109910218807,96.90957506630019,8.885097677974736,390.8657948760566,43.05111390226982,205.8907443736543,110.95932991412361,78.83752438491807
3.2358601112843632,0.2952488104584299,75.16662799751994,98.4215965860004,8.158035763088767,404.12810566729866,47.45146252345072,210.55668703976792,61.19977716982735,68.04524295437787
4.799241775560242,0.3732820969012375,72.44941423108516,92.42975256703588,9.423699416854683,378.24923498180385,45.87652180543885,193.20385988795093,71.63177678301935,76.0403493654724
3.941404586759285,0.11875267598212386,76.7247093003304,97.60180685209099,8.83229848737657,397.5215765236769,45.837176017165675,202.74542775867025,23.045473851250385,74.96244474139176
4.8907630799250565,0.4823253424947208,84.40666014251886,93.29895037604952,9.573906964443648,369.5329032048912,39.142673053684376,189.27227377379435,92.44671445211738,88.13248761120244
4.2101057740405725,0.9421379452031529,79.63565929179379,95.26818060894584,8.98259205968495,389.95872155889896,43.504864541627796,205.9271652892208,194.17083997182024,78.70690433409735
4.7454191562447905,0.6609866781464652,78.43213563967186,93.94077493322216,9.446862700879771,381.2316498303666,43.11008063672058,199.7367128224321,132.05563748235625,81.6467120710551
4.09497047626216,0.9380834002376847,78.5419154489262,95.88697536118657,8.896081127037272,386.402613694491,43.64064316152955,210.29730812580218,197.5888802782119,77.00312441035302
3.449493738754832,0.676479417957996,81.33916269364894,97.87139638800487,8.341383490090582,401.415091405517,43.94775248289291,208.8695068902206,140.98475155922077,74.49443033659055
5.352810509741481,0.7054958686705384,81.80150658177807,90.20401535405843,9.84838249907633,365.6370081984223,39.82908579748718,193.36731843562274,135.56337426639575,88.1952912298024
3.8938983870759567,0.8948157375490048,77.50647997007944,96.15492625550513,8.702059660713442,397.5651741722452,45.432655308290556,214.5825088857694,192.06286070752643,74.50868018851142
4.117813314891885,0.5754526518684453,80.2845870758207,96.08625773664518,8.925779104998732,382.7958544964826,42.39880436901283,201.72254334858658,115.81476414655413,78.72915600376386
2.7717067379516225,0.4625545356986239,67.91779260422163,100.20080927661986,7.769710625523497,415.7406429318822,53.35631683556665,219.2410126588462,101.75794889378341,59.426110503797545
4.189777762995467,0.7065315033244024,67.51640705389315,96.05763843842017,9.005925901311475,391.61106085392373,50.51976423283613,206.41024696124762,144.20336351857122,68.45567421942114
4.000626773190303,0.790768047424377,75.5862453810475,96.30473031292738,8.825917398991496,398.8119305588044,46.59766634033447,210.3842269015065,166.5514828985047,73.95070866870584
2.6469343928145874,0.4040070714575582,73.5197248196302,100.03322057068063,7.63487780719574,418.5947692867926,50.11927065023177,213.1685285531017,85.43234694185213,62.5188871747227
2.208554840736003,0.3556861835319941,69.93071554131691,101.21472049115829,7.282949188181817,431.1437974703972,53.93968946112274,220.1711916079437,78.46315580413446,57.153551477545726
4.115257619001699,0.527771206486176,79.06757249194058,95.47085553354992,8.885717251987097,393.43208120593124,44.172314367446305,202.42541078188646,107.73939288118675,77.39090370751718
4.672922942726122,0.6662997733863324,66.29318959901516,93.2253869419749,9.326407374173682,389.69609168139914,51.07875207860356,201.2496518816753,133.53634969172333,69.78785700660589
3.8319047982270287,0.6596182097323123,71.92442447758341,96.85739065390275,8.685567107849632,395.8592221008237,48.32004919474786,211.75066935908072,140.87131794802582,69.7132686393184
2.7937041886187597,0.21516647996248017,70.92766730195443,99.64752521282416,7.775569905132367,421.22206439419523,52.04920374419622,213.9363429950856,44.29116727328877,61.73969402207203
4.3328269184256225,0.8823212134126643,67.01788337661345,94.34279192490642,9.068958367879313,390.0328272452584,50.64185227449293,213.43416556627741,189.86132077667878,68.49466695331164
2.280370043133608,0.3717670141206299,80.21009908810684,102.8611606231083,7.4148991938501565,410.9688490881036,45.55685596650509,209.38235288251627,79.07994619303305,65.45314378602484
3.546417966806841,0.44698700062228414,67.45969521685159,97.70609949107838,8.414406366121034,403.6540587485042,52.11149587129902,207.67421716617835,91.94108580178046,63.95054829324532
2.5717836543944705,0.31946912800243604,70.14444009873493,100.43657555727752,7.590808049446685,422.3934449947927,52.704023444972584,214.43802139391866,67.62810229316786,59.70330259492208
2.6456066787095915,1.0396657671874174,77.71462680347717,100.75449007150445,7.6912234072754195,407.05655253953665,46.406918363973496,217.84175064759407,224.98765485939177,66.04021085994316
2.7080288220537128,0.5484141340575934,76.4798613036081,101.62502811721335,7.780008798059025,409.38236772377434,47.338462568359155,214.66460336116995,118.6464813572534,65.88952675433246
3.3534746996539226,0.329804983863687,68.48329615716098,98.49786790183106,8.265067090917476,401.15239751789926,51.11309248717089,206.6559214494337,67.82574202628365,63.62223619686456
2.1790257196713916,0.6727847099924892,76.02727690990886,102.84777062869024,7.323703525132933,427.0486042569226,49.64106962308532,225.36689162918415,151.2196289265906,61.75970199045283
3.392277043251844,0.6538271558620066,75.51965484519333,97.52524271939659,8.253902307119997,413.0784051045852,48.30215999495495,219.0311530745266,142.0857008971549,69.15536360400999
3.790976064901453,0.4624545952840232,86.21434908843908,97.5527192745526,8.671678955625218,391.0321854810539,40.64177424529701,204.66762175812224,96.4614560823314,81.43038175639595
3.6915299973821383,0.6681213425566767,76.44953807720009,98.93412681753357,8.634830107746536,399.38123442953054,46.19819183682394,207.69545786423143,137.7930072215241,73.06612760598395
3.339744351410642,0.3349416078338271,73.30148411635011,97.67772065605247,8.22857504909679,408.6355022010228,49.05500862748942,208.29423809068075,69.79057314733984,67.17585292233566
4.937013128247633,0.40141634501014956,71.64190596830005,91.7749388716357,9.511921783790172,388.8737866690763,47.631639910521976,200.70110412983368,80.78067336902497,76.06029838533688
2.5086434234717645,0.0979566690867874,69.28915527338826,101.36018181291695,7.5896341456320515,417.22889045824064,52.62117991037227,217.5394619549485,20.910769905196364,59.05529566598553
3.769938603234809,0.23520978315608743,70.39508084654098,97.50561892855369,8.643389204812557,397.8747887413408,49.48994199045693,204.01034140227446,47.38433744720326,68.112311448565
2.21714495934794,0.8615261611341372,79.51606802077714,102.166880904642,7.333124231259089,419.82724491938706,46.89965211853843,223.04989249351917,191.7940561769501,64.27281214991507
2.249044876072684,0.8282857255444629,72.78870342636958,101.28577781691148,7.322932521531108,424.8027043990313,51.3116750012689,226.1721875261741,187.90052777584845,59.466678121137875
4.008530473869837,0.5131577297297925,77.63647218851744,95.88327601203126,8.79111982494774,405.6445986362222,46.28718939799721,209.3134371552363,107.06375105750878,75.41303085154178
3.981064487107373,0.8325862894379675,82.34851538443328,96.54474811334616,8.817124467870762,390.872160064798,42.32576543733862,208.4497253959731,175.17792908909604,79.54547257338723
5.073117294955599,0.46798510267833904,64.2954200429094,91.91846400609855,9.654789827509083,376.9124821696193,50.73159044688529,197.3853419946049,91.59636085474064,70.34407346220573
3.952557864810256,0.4513179394864184,81.13743826127418,96.65185148736803,8.771449061751058,386.3435573260035,42.39131192369353,199.88355638621536,90.96514155811438,78.09841839721635
5.359268571416976,0.5113021296931113,76.70810684461703,92.17432862823252,9.987624995188487,375.82748239494873,43.343984325299644,194.07016663477665,97.47209079842372,84.6478730803851
2.170431969399754,0.4750156809352869,74.77976022148194,102.59567260771722,7.311334133473582,419.56514072204516,49.48883313964994,216.75205746969252,102.18370113825445,60.75761200683601
2.3430268967325936,0.4569607352879639,68.66961616733785,101.7770476444133,7.452615920707597,426.7977699149084,54.251919700112474,219.6141427695813,99.53874799354453,57.568313865913865
2.154230515496335,0.7286796214299105,68.80945462635302,103.12366833594385,7.306711791987449,422.9435256634167,53.66659719555895,219.6877023138152,158.9780382216741,56.53043366234413
2.64846897616739,0.5300271307912406,75.6223922204658,100.04547792146434,7.651767158881387,410.38223625127006,47.929312135380734,211.99842076711843,112.64838719872556,64.17726268555352
3.8944453882958734,0.6424963528867609,86.5963234676124,95.6056732740101,8.680002599463903,394.78741662518604,40.869818068961344,204.24552803323357,131.1168196611911,81.84310227711626
4.259502634995998,0.7062761050554662,80.12796972606971,94.87848294957081,9.003304826808598,384.72899123958246,42.6869696953019,200.48504741463117,139.31897069201327,79.28754060991868
2.159548052820341,0.5776371591309467,78.9190722704771,102.04807825127725,7.254490605177245,425.46968718445873,47.84909202496517,219.11751200346063,128.56595258877263,63.18573632627429
5.310898114459597,0.3059457348183522,75.41307138604442,90.76918301915903,9.840396418438749,375.5232577810375,43.96554902981676,194.25771750924574,59.608336321845826,82.18064275071147
4.947578818276334,0.22942682220719224,72.93607345900347,94.14784891603185,9.657109886406214,380.41469911333667,45.86842410635479,196.62708201649522,45.1127039414332,78.38340251008223
3.0381436875498258,0.529756126961461,69.74174766716482,101.10409166117105,8.082679672191755,409.108964069583,51.304238499658744,209.42866458513697,112.25623707393004,63.22043494846446
2.270156355792638,0.4657487390350131,70.28281900346772,101.77148872092131,7.347782156915036,428.3621470428357,53.35663998349797,224.32767193949203,105.46919122587002,57.904825274238995
2.5946047562667003,0.5174782857840243,62.84961354166741,100.99225851286523,7.648153402021508,417.2843549006625,57.280242765047824,214.1511633911705,110.52040363641892,54.76049184300671
2.4443054481424045,0.4967891921502828,69.30856982331288,101.29465667545055,7.508086688400076,409.84438704735265,51.67718797103793,213.8677915938753,104.29469435318518,58.415175623982456
2.431493227546314,1.0167147320333134,70.11602609275636,102.37577309568242,7.559653945036252,424.29497152777293,52.96006207753423,227.91532388591878,232.28925309624321,59.44254012829231
3.814965910330069,0.2339547488717324,73.70116822042188,97.6921357633168,8.695323584395082,397.4410135481169,47.48332932480469,203.50153109656014,46.64730342796011,71.27972164120244
2.860466048726901,0.10201074603577504,74.09130980720875,98.56655779050413,7.782981378752352,411.65345728199964,48.9531508339891,205.02540372591452,22.154058848955934,64.13792001174107
3.2534890078520053,0.566475366703922,75.71644115255046,98.99359711257048,8.207404397440884,398.209571780287,46.456615140097696,203.9772018253581,114.77189654066193,68.86852298429328
5.463268666845129,0.42471548908236095,76.48129553799936,89.83310259311313,9.946803547755248,360.2885193355186,41.660860547262494,184.90917518372956,78.08192387878368,84.00484838724111
4.395099871238706,0.5632135739459903,72.36690441377267,96.02376817696475,9.189707002831376,387.5178149189083,47.047757552256755,203.0608483685653,113.02344504352513,74.11740649101198
5.321432334664505,0.6167766044568003,66.5689255852698,91.72718525284256,9.90160705340284,383.584218526485,50.09659148205134,204.95756668106623,125.15073667427342,74.33177230755238
2.4989479426159047,0.7568209390357795,70.12219448913012,100.59500257015424,7.526601050060661,420.7263141209798,52.51058296687795,219.65602395065443,166.13120293050108,59.17781010928639
3.3374881619139924,0.19855483592321232,69.14273260586177,98.12573432295075,8.26149924349449,405.3062451543078,51.212061020532474,205.43377014270547,40.58760899527887,64.13148939684889
3.9415613114882397,0.3886564204285674,77.0602073151789,95.97335360317824,8.72646110339758,394.5248557934976,45.31632395098976,201.59411580615807,77.87496481516263,74.33244944155213
2.2686532166105833,0.5857522517761528,77.26882084340117,102.47980409617162,7.40559849724034,431.87652727737657,49.48806722762461,224.69009504977788,133.6657407512141,63.34772426480925
2.0146560526978528,0.6540927191374453,77.11044259853712,103.78223389889949,7.2111456152057265,428.6924317897363,49.212519073681705,220.2960359598705,144.69767954231202,61.56559373641818
4.346520168289212,0.9386899100576771,79.00058788258616,93.8686135774104,9.055620635633431,382.61947587579493,42.990668374074666,208.3861732595424,195.62024155718962,78.76345028160712
4.246368308805024,0.6911407942227734,74.42801329330358,96.6087145199121,9.108170895283852,388.2058962965121,45.98069777478735,204.51813221817025,138.59349858395464,75.26166731229391
3.4377608349986413,0.4886422808227446,71.51553517461888,99.25238916376144,8.414694823394592,404.7620740180353,49.654593219681665,211.545002549331,104.19560077105274,67.23870655075463
3.7137542661121143,0.3219128494114677,70.7209913509992,96.30160121453476,8.538090996317932,395.6680892003475,49.01675296328602,202.19833329460752,68.08477791523086,67.54237230096797
3.4540505020723136,0.38714202945619614,66.60736601947802,97.96906467823675,8.339378772467901,410.36516125456353,53.56732421138523,211.37096722137858,81.64263496268157,62.71501423580249
2.084017656957111,0.3814594354085787,77.46008969088783,104.07458503594157,7.275884686139079,419.4092264151415,47.95435585504988,217.68424972399293,82.22719847392221,62.3350693600145
3.1738006217611185,0.6310467257027521,72.93500555646347,99.87803269317807,8.171304158263675,399.84518577544077,48.21187182572983,209.6517274194501,132.46336078071099,66.39163494448357
2.619787893890514,0.5513994891171661,66.91204400456425,100.56134794734488,7.630874529778564,420.9983595718019,54.73763765097938,219.10558477088938,119.38329877273411,57.63763579740757
2.3444846618547905,0.23527008583156422,68.68092471567458,102.44577553516253,7.472927831125829,422.6582941937619,53.71801306620398,213.2703162991034,50.638186165281525,57.723129052862916
5.348521518612724,0.4128197061819134,72.08335854017251,93.67793331823077,10.011068965616653,370.9401677605845,45.19066645878558,190.59353234966272,80.18098498869801,80.39519423003051
4.097759037647579,0.6755095106902842,75.13243327025273,95.74197135371445,8.896379939188948,388.1962048198059,45.599096596649346,202.20511379457537,135.92054637791247,74.11175712098522
4.550296994828109,0.5703324709948118,80.79769564914716,93.5678419169496,9.225472087556255,380.04591689986086,41.8563394349128,197.1019103378933,111.77497877804258,81.81060362549661
3.103773101431411,0.6137289232025541,71.98457997373977,99.27473002666318,8.068775572219272,415.4728898679642,50.67695534953561,219.44483700294876,134.5999476874494,64.87142057830431
3.376014953229053,0.5765843420114526,62.78855036995661,98.38118934009617,8.287590697269657,411.33819398162797,56.51138700948869,217.93508074100006,125.15673589836457,59.2752629894215
2.8292339786385323,0.8252861469217718,72.44917909857163,99.67805168356506,7.794151298714559,410.35357200339377,49.77048607273553,215.06152843626467,175.97498294639615,62.99639955347943
2.3393798483789867,0.547208612764874,72.0262863175688,102.16547058492492,7.460000330417175,412.2359943925284,50.25657175268626,215.1164699578109,117.32834741590584,59.99778270806699
2.6266107310455435,0.42279544042586037,72.02733172257705,99.8033415935586,7.630134824673021,414.01428880694766,50.47272416554726,212.71369322946086,89.34737039425323,61.37201584237423
4.791299158537701,0.31684899177328785,72.61225315786675,92.6980258515111,9.42268557346122,383.2878826284298,46.396008821595885,199.19061332424573,64.47989986582438,76.20053443149384
4.371410318143216,0.5499218916419424,76.33288778540107,95.30665970742258,9.143362599161685,383.4399343108337,44.414121216929054,200.23851596640182,111.27091819860564,77.19912354256417
3.914251065949169,0.011859197044983172,75.02780685488402,94.8962245879441,8.65515338114427,393.33755860927687,46.25987346475742,196.83171585083144,3.7315790782240787,72.03567531484904
3.6628145550336884,0.4631421996334576,74.2712258954072,97.90268313097792,8.560833610025247,396.1290352466789,47.00644034042325,203.52211199352183,95.0614036244233,70.64041271960608
5.228519992796436,0.4588320280157312,78.33743079857055,90.09059493264792,9.740641131418034,373.4886672385297,42.279774707300334,190.56325396131598,87.64230719182851,84.05817957292815
2.2545723172253394,0.22710582927654382,70.55632266493114,100.72393722661026,7.296320027801591,429.7742099427875,53.35077318889117,219.81556937604086,49.046989143597045,57.69504261770265
2.982102846332706,0.3143468322688008,71.14559506709598,99.16345704339082,7.9536853946363415,412.4659580607063,50.83035717707844,211.65413866388806,67.85892365322685,63.29542463317145
3.224782487497499,0.6619315060296482,80.77035543292399,98.94275236801423,8.177108912655264,404.45936468131345,44.55853045328155,212.9135432121423,141.28197174926618,72.59470932966036
4.7384903427447576,0.5461423498149925,78.4829654598709,94.47549468289526,9.462545923059906,378.2315935354394,42.74626099720587,196.1092778096274,105.85555145573603,81.81347941049913
5.473801170566899,0.5203576667414656,80.70329170939428,90.88779411354352,10.010576686565301,365.01036542416256,40.242240225815074,190.01901082218316,97.96398091576462,88.59761822983245
2.8423468016500357,0.5612695067864045,79.54133908865037,99.85454330816408,7.830288913255002,416.04889045603943,46.46444811866509,218.02562980204294,121.10739252372431,68.63627711767006
5.060075669479782,0.5185255175897847,78.70181170649974,92.75340015520861,9.705846191207463,378.11436183247184,42.62758049222178,198.7992889395449,101.0304752332421,84.11926119274104
4.90717966151127,0.7485725125716629,80.53055898949438,92.12815212833621,9.49856900273894,388.0427959377537,42.863183467450376,202.89304242561474,152.26867673680056,84.03063758392422
2.7863008917461833,0.5246858363407297,65.44683525974412,100.35947900636548,7.815332915098586,420.5674290860769,55.74354810750789,216.88730594714661,112.5598221407338,57.92507837767572
3.397664030697279,0.20835737723624992,75.09796619681687,97.14861888619524,8.252283537746894,402.42307115729807,47.2893876484149,201.55712939304848,41.23996956277229,68.77099601054739
3.433855042523817,0.8260259929748821,73.20703374195695,98.04757976466698,8.328047971713087,399.6329705234045,48.02874859867652,212.6094039815122,175.65973366827424,67.88185798580538
5.423772339842954,0.5740680534657692,84.89694726231059,90.91292774987014,9.958431485568646,371.6373176872609,39.162199460431005,196.19835626982345,112.44331555311379,92.14945434737352
2.633121654826144,0.38214925384098647,77.79797364480787,100.14065987094897,7.646898326230076,411.8679095959248,46.91086735807387,211.10876257147837,79.96161425465625,65.73690275691087
4.797052898866737,0.2493196563409963,72.60423752467419,93.34234736319661,9.464023853488534,385.72651135297,46.69572928843415,195.27733725960053,50.20540762981019,76.53777306331384
3.1696744996058848,0.5791828441916091,75.66758019217309,99.03297897390712,8.13721110053354,403.18917594299694,47.06438246983819,209.61172692676203,119.87686168560458,68.25918215337823
4.5580462102165615,0.4765655990051249,76.30806211950608,94.98720147411335,9.29477552741697,385.3270565227945,44.645546089223174,204.4246388764271,95.93838432920042,78.46392040132208
3.47003851503482,0.8148293572064818,76.43570338380293,96.5703584749279,8.292774802550596,398.2714665211351,46.077193905934784,213.74202981851187,174.62112467261522,70.15659405572553
4.02425917090789,0.43081854386663443,69.73489865821621,95.85425377566476,8.816049648109855,399.6844743461768,50.126667378035435,207.76650967654723,88.88353219875246,68.91977025141242
4.9141412066414585,0.3325238420635066,77.69705177416088,92.19229585699212,9.516237432051366,372.4280723717621,42.467570441346865,191.84202960799897,63.12680097804429,81.53466888224548
4.814579477443594,0.6791592436471857,74.63673862649114,93.84478147548846,9.506879737859435,381.3724964397483,45.05992345980821,200.84815394534382,135.32884429030727,78.71620677232906
5.032481142388951,0.6850563785433663,77.45122619114476,92.98944565379239,9.685148432742727,374.32734119755247,42.8041272262294,195.62625194873596,134.35321289449018,82.76425285700867
2.2086606387063066,0.5337302735220391,69.02846694083672,102.67599164058282,7.347305063126745,425.9515441472617,53.89849514177503,218.8583453278454,117.03695638902494,57.006953084554844
4.422176935639107,0.6352714095349816,72.38129646578393,93.95931411880757,9.13520431288833,386.3643759851116,46.899526052686404,201.57543778255413,128.1742355964276,73.68585463587588
2.48995581852617,0.4924625758515524,78.85715708406492,101.99353110151048,7.57659764931388,414.82888444324146,46.68491521181406,212.89382109978996,104.25928260036113,65.91165228624499
3.4553649880644386,0.5467730202018494,68.88870019397652,96.6821177987798,8.292848481202782,407.3614563184026,51.63749121442697,210.66669753818934,114.43583686549398,64.17834050200172
3.92005945269141,0.7329981765127846,69.81529933801944,94.89154335270584,8.65816719213082,393.89984453172656,49.351421068228106,207.74110366131592,152.1107563319261,67.73295844597382
3.4095881966139077,0.6250636668043006,73.8335995498588,97.04574451192978,8.266175556010634,400.1029387515104,47.72584511458977,209.3768212006938,131.8403834127706,67.87611634888727
3.818640865310526,0.46614511233347505,70.72291716244285,96.60797712315163,8.65335304333164,396.851024770198,49.16212628584697,204.1769265193322,96.74423574639437,68.45985761001099
5.487842080795167,0.7704725091852301,72.1602673356402,91.33268423800756,10.04460709886322,368.25640038988445,44.82171399047273,196.6757069420011,152.64458073641242,80.72572000093986
2.4732605979949915,0.02702892544169755,73.49329257363546,98.96276192780992,7.412387170959147,417.32795723234096,49.983411166146766,208.69139975349918,6.146441626156794,60.67456699181443
4.364096158677489,0.9104146622843869,67.71158610589447,95.78385771013262,9.158405474818816,394.3683295258392,50.74768760844094,211.26978195954177,193.32528336643082,69.79606693836986
3.3860033823496534,0.1588081810218529,69.0233928842514,98.25387791871897,8.298931323393044,404.73964928628055,51.217700798941685,203.26276658860093,31.09785436151793,64.32505648255399
2.4655342961756506,0.37458143504554076,83.22911907002899,100.11641208531341,7.4691586820340055,416.19186771632775,44.64183206576322,215.10040049286698,79.8588464209029,68.10863984746086
2.5555786718100832,0.4918164929609862,75.36406970101714,101.13623222489637,7.618970151352651,410.8373274626924,48.12766412164122,211.7262189252578,104.65484496541113,63.71476012475185
5.32245587185966,0.47070386585436774,72.65413028488204,92.24542478023393,9.942044295629978,382.4556412465082,46.27181242223557,201.50548708454693,94.73125089451518,80.43674933431991
5.078605238491167,0.7012822080053109,78.18540167752039,92.70443447752592,9.708530661240447,386.6905630819575,43.84972520690235,203.41453195287608,142.98849848776615,83.70613578510284
5.174646861452576,0.2884326762779531,79.04622861867624,92.76799443495915,9.80452605182411,368.3889946240256,41.37053307463276,188.33161933319306,55.30045818305748,85.24508031641885
5.470364715395853,0.5521533634966126,81.53650975892621,89.76072619259682,9.945781835257318,374.6001912971287,40.9235825446796,196.76957307369798,109.47100989086566,88.8686403199508
2.729103865029813,0.3843575803560492,72.63914449075212,100.11693228428494,7.735285020446076,415.77957487608967,50.312666889069526,215.27885153029555,81.65309496594736,62.677964571581334
3.244037680774216,0.5590281958674833,78.7753337307935,97.90611433287143,8.125111794646303,414.0064785788221,46.63530523402759,217.22784958780596,121.44833715334273,70.61671811767573
4.342266604737033,0.4870455480404247,65.01848730127358,96.17613104745584,9.152067441692116,392.63242167765014,52.33808835691951,207.1730701254594,99.98189889661032,67.37021355064336
3.6933088895122657,0.5185871305365956,69.15043001503595,97.58490916149638,8.58472271550133,401.1441845277961,50.681238807116024,209.67467026875505,107.95726756224042,66.63368898643469
3.464363366824167,0.39001503350713085,74.97659304887128,100.15233588728152,8.46844556348538,388.144103812651,45.67659044525633,199.78830443124303,76.20957324199749,70.42025097742125
3.2523393726745757,0.3979872099807835,75.55097491124845,98.2427245689052,8.159113558314434,402.20430900207856,47.01341035789831,206.0126708199474,82.12400852267498,68.3482095175002
4.078232211802083,0.5574545028054854,70.33496721581929,95.14644788934686,8.855533054005697,394.8579553814331,49.15144289791643,205.5231386663995,112.78502451116853,69.72237434194858
4.014577000240287,0.6887431011512088,76.11459235660413,95.83471918828288,8.821409977846308,394.11929476395204,45.76684206224742,210.35882688010193,145.27732401878387,74.3408732765182
2.56510241922484,0.3803441331604305,69.9589216596335,102.1248273098511,7.663697806011841,412.66830664622285,51.61003901514025,209.26538271447316,80.95130820000479,60.11334063723368
3.651089431314537,0.32624649108541803,72.9965118464416,96.92829123889884,8.498894125070068,397.17965511664056,47.85498164687859,201.84550869168336,66.38172507099345,69.09403552470361
3.937151216734475,0.6226920331343674,79.84845046340642,96.31952081975489,8.756414040145701,395.6995740979776,44.040778895695986,206.75219405893716,128.79483243138662,76.92827236258796
3.9960042855598665,0.49349922138846214,79.33989262711485,96.09133756284993,8.802607767929626,385.2958339418948,43.12696407080264,198.38577435268084,99.43767330299823,76.86021851324146
2.7353751751932314,0.6660996267971904,68.29714857341556,100.45778429578544,7.7764111244596315,417.82156670005884,53.36357380987983,218.08473378230298,145.5936054799262,59.76708394279628
4.597949872883004,0.31884055732577044,70.23128253735908,93.3852566765395,9.268085005634175,392.73555452981816,48.9504270789818,204.76285470148866,64.42395939335154,72.87037803223978
2.0881968318737436,0.14411221491531379,70.4499692204819,102.5814782341136,7.219643092335735,429.35449861065166,53.369131495123234,216.24274644979562,31.288327601981806,57.01371632790762
3.2419114944010694,0.39339918363473314,73.75656228741666,98.50922768851518,8.174259501778293,408.6896187652973,48.79493708956793,211.06909426749556,84.99410087594943,67.08985279891569
4.730744269874718,0.3467294781469968,72.38740068097596,93.43634332769876,9.414460633420132,372.6550698133181,45.23204600862809,188.21208337887253,64.16603861627321,75.88559857262572
3.973625223693908,0.48424231998394,79.97156248243103,96.84712517159349,8.825350474216624,387.39480164060564,43.05747182241647,198.756161081425,94.86602067343621,77.60079629962875
2.9140685137880107,0.3726309571459221,75.2338314250884,101.20926262944155,7.979912493123205,420.57922673545573,49.34416530425489,217.7444449441607,81.75322958009167,66.6648340575568
4.432335917700668,0.6482033902672899,77.34922865061294,93.81447647791191,9.107472743542324,383.9150440811787,43.95173832808479,205.01662977168849,132.6684213112192,77.78332785009688
3.9858683045462566,0.44236994751549674,68.45034782073066,95.73586603425792,8.767780229018568,403.5866373390717,51.444849965652175,208.87168907684534,91.86655625889738,67.47200043236116
4.7868526330973555,0.5300948997547802,81.58067674663573,92.5860062654343,9.424347158441122,375.82658168574187,41.03775982410482,195.2526818204133,102.24327137624213,84.25568327134535
4.572588151664382,0.5315269116881888,61.3862616707938,94.14562269895248,9.282373273584797,388.40892735243926,54.40947855536028,203.16969061332009,106.04004596235607,65.06750722939697
4.135377727126821,0.5389910184824375,79.13273053179903,95.09549838904735,8.898413932917418,392.9565633556996,44.086673998560855,199.36827792264884,106.00128113178674,77.55484821318413
3.708621863587849,0.4951741779090053,79.12190492465928,97.21166094443612,8.588076571426368,397.09317168157895,44.556180886984905,206.43244119646064,103.83493988853384,74.85848238358908
2.466137439836332,0.6021201380820627,70.79735899141379,102.25142048892867,7.5669388322321725,422.24984201379647,52.26035198237956,218.06450187791418,131.29215373838142,59.99094274658874
2.9146655625988434,0.34086897323483845,79.86214976135572,97.77800518226036,7.814944923459908,407.6642903526246,45.36551723225482,210.53336573928297,69.80192772917067,68.71214140475138
3.4668481552097985,0.7798835853307766,73.84473002148003,98.25945536844627,8.376517289007177,397.2504112639207,47.37929398331295,205.9388615955601,161.79242367840274,68.78097351245339
4.09754750452236,0.45269252332629295,75.22921552206404,95.29043409505344,8.87142270746778,388.0505015698663,45.5302209685842,199.55888668300898,91.57364993173107,73.98546492172228
3.797977493253567,0.23769017242026363,76.25521692892536,97.07541658800004,8.651336115219888,393.80960021672024,45.65632250872673,200.3882010184481,48.85954000674421,73.02288379539485
3.008645840858353,0.5376146713983546,89.5432495680853,98.7525640067956,7.967544086587064,403.6854115307375,40.55377067579313,208.38334347043215,111.60741141526285,77.40287490581147
2.022625252263987,0.329763903510503,79.1493198431318,103.87782040772154,7.217817142012682,429.1703061256927,48.14061474398972,218.7806428151276,71.877148175511,63.03691576784201
3.7368372766528486,0.633066906901775,77.98986073554802,97.65169402614725,8.613016835716651,396.98042627157304,45.116610363174765,209.79508544066616,132.95195368682423,74.14246337708603
2.9996909599678507,0.9419211152084755,69.03560671895545,99.95576335894663,8.0016778741431,414.7751853420988,52.479534549156746,221.46741737014202,210.00588325961976,62.05920547503731
4.571129052486873,0.34268558168843,76.20330399038171,94.63562889054403,9.306149924821257,384.1036849703229,44.557884348978085,195.33096460055873,66.38220420681597,78.4612044674616
2.0838119284466923,0.566474466644797,68.4349538449041,102.11016187669884,7.200700993222739,423.0348273299397,53.93447775419634,221.8953307966574,124.94362591942657,55.45055538622677
4.046897339570268,0.14889888225907444,78.96683104389838,95.34016030775264,8.818385882943948,392.1318975535899,44.076190300641656,198.8013937488234,30.296982189103108,76.71390076612965
5.295159831271229,0.5907810458882694,77.05652667619975,92.06888955120469,9.923354955223155,371.3642007760147,42.657824169493466,195.12879103550137,116.48764598471672,84.41050034138495
2.6104324348902486,0.322857240040062,67.50991052379882,100.24930316366924,7.621783551719688,424.35998086279324,54.749125369264455,215.23782698154133,69.43830007726427,58.01669354854658
3.6507732176270835,0.3750330763131035,74.78655077824502,98.37880177563169,8.568717106910864,393.3680972022674,46.39510554346077,197.21433140050613,74.63233730596563,71.11831285446104
2.3199769713599836,0.2797427020320344,68.53688501705045,101.62120774321524,7.3949984980202155,414.4832217070337,52.775612582170645,209.6254889172846,58.75364744858151,56.99800810812765
4.189886692914734,0.6464302452109472,75.78394513818542,95.73691208668693,8.977588980632623,391.0159614079259,45.58148506437379,203.18869722605618,131.09607476582786,75.35999725075442
3.92686088208679,0.7014608714946525,70.41684647667788,97.9353865281003,8.825940799702634,397.083695423218,49.37817296011208,207.83716686966733,144.96036200289052,69.56657977865413
3.425779334744913,0.5046770429317016,74.24837336849795,97.44479364513833,8.300831122301389,403.3871041749878,47.88069941844383,207.57999639948483,103.60699885321831,68.50246147270396
3.8248195751580942,0.3271146589328561,78.3421327998652,96.6681408876225,8.65889849629416,395.6252814578047,44.78330655136824,202.94475763098913,65.77143911290165,74.82376029060666
5.138011304641536,0.8179046072207725,75.90035360594432,92.86030696546447,9.774928440747486,378.53515163558654,44.06677455276411,203.29789986819628,165.30222975463647,82.10381275929171
2.6870300580887347,0.34991797444906875,71.26999473384454,101.35641670779066,7.746034242197444,414.27728937987575,50.975429583404626,214.53973716137966,75.354792799405,61.74082821483537
2.078975790968715,0.06759354001451223,73.51115205444977,102.461332483418,7.19829067789126,425.236521409602,50.919728796501964,215.30658752174594,15.770880206456,58.95593368676986
5.015827096446854,0.5916778019914137,79.5049056197005,92.03122081241852,9.628803513670132,376.0171497017863,42.010786682403136,195.08849192914093,115.63353944982467,84.17877308275484
4.019909788357673,0.27904506527169665,69.2879753966204,95.7438069947121,8.820668134948194,389.7723737465413,49.159077627697265,199.18966443898577,54.66218957513747,68.54298204021961
5.117304594116448,0.697721758699835,77.44404628646575,93.24772013351352,9.778920955427722,372.6844762516205,42.61976567629432,199.93839620264788,140.35674651116184,83.55047254552763
4.089308281946105,0.4237724606653162,81.49487403342233,95.46413632810068,8.853099268686465,390.02134842623076,42.627672046825175,198.1977924571493,84.28764770409951,79.14467017214234
4.835563814858959,0.6207426481088393,78.67096139421433,93.13801920198041,9.491653038854812,386.8837657368194,43.6313940498296,205.44948267889256,128.02608195139865,82.27765564838984
3.503856771743018,0.7803000693104316,74.49339885942776,97.3950721221607,8.394527032203754,400.8215215240115,47.438205461572316,210.12305512888284,163.43966676970456,69.46390902511223
4.624509759508941,0.2582282270758556,78.7480992449052,94.37865469355549,9.35343217253988,382.43217305096266,43.0918719730121,195.67704050678734,51.66271182183656,81.12727428353844
5.195645134114496,0.3868125738215189,78.4972564414508,91.9396620606662,9.798135664063132,377.23147216910576,42.6263465487972,195.24349492581374,76.65090449234162,84.72323340055297
4.002430373027722,0.48486578546858733,78.57092199343234,95.1887466457964,8.771494554488067,388.95431648631364,43.91444818821635,202.12997109832457,97.82184005867356,75.96020449160092
2.6327480269683283,0.8075102638068687,63.039639577447275,100.01032261438286,7.648669823800884,428.68944962738425,58.69271153410131,230.9143245592003,187.1841389881877,54.929722119820404
2.940791652605694,0.3683234564119109,65.7616693148105,98.10834476263567,7.834680228722006,425.82107885992207,56.2053453561746,217.8337274751971,81.33476057882649,58.31923514743379
2.6952560191409205,0.38109926081019857,78.25845297038529,99.90154680570627,7.686412960739263,414.8238781588173,47.001036637024384,209.84945224171435,79.50809890465389,66.42580779275679
2.863999596585065,0.5956281151111616,65.91040363509488,100.61115805485801,7.889270282999598,413.15330257867316,54.42643996002469,216.2239671510577,128.70783534840746,58.8072781637772
3.072454072728627,0.3845542548578858,75.69463806587038,100.30541917585963,8.09359617549232,415.9858183857574,48.54280591814906,213.42114304629808,82.15179999228982,67.95782286349345
3.9429682536361597,0.5305051765795233,72.97131362420193,96.74805780284719,8.781972252684916,399.1501838604617,48.10701029374007,208.64227199536205,109.58798518860668,71.38137341998807
4.057970703123415,0.18969251580637464,69.88861861576811,96.24080829958059,8.877574231009339,394.90291395682516,49.431686365256624,202.06103519925566,38.77112862494163,69.51542146147249
3.492749115346514,0.9428659885113193,75.93954772415319,97.67415725666427,8.371388104681056,409.3306379147961,47.63006657059172,218.74092944165892,207.26590548149392,70.46393054279007
4.153972729372924,0.2304581539381193,75.98993479383036,96.08102709112596,8.971743604436014,396.77411493649413,46.14192531809688,202.71655063860345,46.57379601665798,75.51146042651612
2.2855122396397807,0.4356494592019583,83.29432794804963,102.22972973972627,7.396305389544601,417.074876260097,44.70527688375038,215.36065588255195,94.16160332296506,67.4935886062414
2.30725882970356,0.4935037928315811,69.64465457296484,103.36815327362724,7.482611948904505,423.7335484592198,53.203011643552905,222.85310601023303,111.37743385626659,58.49552666378069
2.6014031112518046,0.8825376268713592,80.32223433384803,100.81633285927728,7.654173819204899,417.67159232199265,46.24238930784192,221.3327370583314,194.92931663759936,67.67081457596703
3.8132712431412066,0.23503084381345196,76.33804006369103,97.72795711599468,8.710820342095891,395.39202728204504,45.79580761740326,199.84733590220458,47.33055298859252,73.60037340332352
2.7489813754440977,0.8967408270957502,69.99366824281935,101.07785645139995,7.806482482098114,408.9185301063886,51.1188621660809,219.671839265853,196.41889463123607,61.24875350710045
2.9914954122240207,0.6514353642204045,77.58602678225505,100.11812068617925,8.00559491559681,404.16239345667054,46.14462013004042,209.9943675609559,136.20065101723537,68.63053288386703
3.401094926605479,0.5834190648846492,76.91000643419633,96.48697469651137,8.24286026807077,397.587478137605,45.74703126257817,208.32934065323732,121.88520237342004,70.106227884602
4.841531434036329,0.3030732625964089,75.98905419513383,93.79799163011101,9.536567027881627,381.3376592794339,44.347232662202494,194.8757502713248,59.3029990029667,80.19567974662772
2.0485174756950104,0.6142282484076147,73.78969775303712,102.72818245194014,7.177630134271402,421.0097566277384,50.24600492874771,219.51566067089956,135.38778959145466,58.96756869525924
4.2728258708281786,0.35530267551604,72.14245588976615,94.68996825655346,9.01315479096549,391.8420121788709,47.70273884977538,206.12515547019638,73.31297797934494,72.5161005886189
4.341067858642399,0.7533322506396825,71.08034580409834,93.61993206180928,9.021691649552668,400.29354781868307,49.36998527187454,213.91493115878126,161.61415935257656,71.69597009475615
4.795295231248228,0.30578759417845336,79.55156514661078,93.21199698345664,9.432415069077017,386.66992348437606,43.17846626704214,199.96493472150368,62.81231528061145,82.55676398964941
5.264635286711096,0.4773683011087832,75.19786522248694,91.60061777396575,9.849286155646414,363.74804756340706,42.69450256922637,190.0956895792892,91.80556678787347,81.99334923961148
2.0704824713225145,0.3889453823973657,72.08416397434155,101.71090981291937,7.1571944684686395,421.62893768703555,51.36544215993127,215.2656213365979,84.06495110651407,57.6273239772052
2.538242969296257,0.302495407514601,74.4449995428769,99.93752546914814,7.546683420468638,415.40574965257713,49.19246277473838,212.76326931248303,64.86481885315503,62.458295735355854
5.101599529195976,0.6482639633815829,77.44836115895421,92.53369723191656,9.720783454216921,368.75986800598304,42.16887121940354,195.2705420553726,126.2879535109817,83.0374925782297
3.604814967654554,0.6070917494819267,67.17914560631515,98.08051171805816,8.493783456933668,394.98360073219186,51.177503667502705,206.99614746860357,125.5064642115955,64.29792415976951
3.9760672362671223,0.7418020397801994,81.20254111579484,96.23599100100301,8.789553594911379,391.67370995682825,42.9454821285672,207.15338622980502,154.1592653833163,78.33881661171708
4.320595213031016,0.14402497835836647,75.7906250151406,95.79858447413893,9.114326210614017,390.92272852874623,45.56706848327016,196.8268403421698,28.435631645342514,76.51323965635402
4.376733115734731,0.7128341404682088,74.23881342477092,94.61232610744725,9.10828775056095,392.90888981248713,46.64226308973032,207.69387431262928,148.8443030523868,75.1166505551035
5.2610914116077785,1.0010897810713788,78.46753971977807,91.54269903985262,9.838433450437263,369.47193424962444,41.763559314515916,198.70117113797585,200.18478491658885,85.0028644759083
5.489322960940844,0.40967178216461064,77.76989852120333,90.0537472137144,9.9813230520845,367.9060610482507,41.91711136129119,191.50495361572905,78.35240968011306,85.56468810840376
4.520551113258291,0.879029722421794,79.25997478335846,92.92987752155301,9.165655817966192,386.76127995295656,43.3297545615108,202.53454341048993,176.02466693583074,79.96707427842914
3.005274232218028,0.44736774558803466,76.29624743941633,100.96526989432456,8.050053668639212,407.9379998422535,47.27181215250911,213.39700323784714,97.50112517954882,68.02982207985701
5.079133408030202,0.2255180524877386,79.68419123461757,93.12807231209409,9.746264111042583,377.2540751657803,42.06472400234596,189.38647656647046,42.05757492971391,85.37887885529024
2.1722732008926657,0.43887351151864085,79.36169736970878,101.28303374316488,7.240218141691216,425.60278253246474,47.62698058113796,217.24998389087287,95.5404250106542,63.36928492000769
2.808782985060737,0.7096407935350552,77.78866232692774,100.29386107855245,7.820696067770908,410.58909159624056,46.770172903101525,216.75686607238947,154.5470067305091,67.21961213391096
5.1408500111230016,0.33236470353369374,75.3665889117048,91.92698791218656,9.754438255496558,365.48141776711975,42.8131687615092,188.8060630972746,64.16144472553263,81.36973480614115
2.8966703005377425,0.37993226819870257,67.86149858026113,99.64245996958746,7.876104222254966,422.8284741502062,54.30520627783017,221.26977705089237,85.87356248733688,60.215689528655375
2.7722787086761196,0.6187078864586382,81.66572411543392,99.96981024138162,7.776347087984063,408.37635714692357,44.55060613852332,214.0613659289596,132.07758214858828,69.7175419805285
2.4834385259908656,0.5006120233477146,71.79150936445347,101.61298047660635,7.562418336485291,421.8228227531641,51.57293538545309,218.3396821948121,110.49315984758479,60.67762102587836
5.006891151764208,0.6169245904973482,73.64273231531443,93.13042138920244,9.679723746374611,367.36547380278654,43.920788290117144,193.31920451593913,119.46135099464371,79.16148482081145
3.7502039071688036,0.5475659081516672,65.81661059978038,97.19619926013176,8.610882467933529,401.3991234844883,52.94342760894287,212.09402588709472,118.8786615686226,64.07454676616537
4.362126210689542,0.5959250639103146,76.926916979388,94.63614356308325,9.095097531122612,387.8285923901036,44.61547767558178,207.70197213503528,124.87525574312933,77.32767588739279
2.836732344262604,0.4135397628380918,74.14851183288397,99.94565542156799,7.832616411753277,414.4312773945192,49.24998296078786,213.049134542013,87.92681448295247,64.59865324526055
4.653141473539257,0.5463461884060785,68.0081950869997,94.46345629615072,9.378279407606806,400.30010022665397,51.31513423432164,209.4307877717624,113.62863981678984,71.75985002740667
4.660019407367345,0.31452539886081327,77.8583934995067,94.06068802470713,9.37504918698918,378.2000669914466,43.04654933094925,193.66913610964443,58.287272557401096,80.49766177883254
3.0940930871790506,0.7576867245006778,71.22195210110768,99.22882576530168,8.063992813890982,414.3346840165207,51.01264784928386,218.3441101932628,166.1111095962285,64.23806617453369
3.43738921553599,0.37314505663653724,87.57644209508666,97.94041670754395,8.33469081272435,400.89176916852523,41.08489309108675,209.8011616815402,79.29471511606037,79.39449764441439
2.733915971005703,0.7257694975098778,70.4338932047525,100.70751050916986,7.786304747528764,412.70715280418585,51.31010527534688,215.38865541701412,157.06797665573453,61.43103032011633
5.417963581630165,0.45327860780342694,74.32558963696724,90.66244851344688,9.959815863715935,375.1017938867991,44.48255808250635,189.6815136426843,83.62515798263347,82.14016437872648
4.25960901970444,0.5403998021514642,70.73764970237349,95.74859948488103,9.042657182756518,390.03019177926626,48.308341054892054,203.7559816399982,108.85168117574294,71.52764095750828
5.270903582504305,0.40100708982185984,82.71446690421503,90.69115061176463,9.791657629555198,375.45727673509367,40.49608321892043,196.1457577723989,79.13666298310991,88.5950871295472
3.061849402701966,0.29680091376639417,71.8103403109186,98.95436188272993,8.005417358820496,420.97232981633124,51.45710532634799,215.37797186716358,65.70990259080767,64.24409383111848
4.736618195489115,0.15104792247893967,72.05937106575945,93.91072119214492,9.436287742881863,383.20449116922947,46.69844360154102,194.87237152421486,29.379513064554033,75.81018519691607
4.680505253596597,0.2889351682815081,79.15138135391864,92.71192536172849,9.322073525389337,380.49235080530354,42.679355611418025,196.08498968912818,57.74736774989772,81.20489921165579
4.420794781532895,0.43521822935681564,68.40318906077354,93.26881143051527,9.097826729891679,395.93997069690903,50.50049308453507,204.72008093562596,88.06350431514862,69.94483029368429
5.379736413433801,0.5423758357657769,79.5812364273653,91.22138469332509,9.929860188348867,376.55356749174825,42.03487052749794,197.52503652925742,107.33993480487392,86.88591908805363
3.3774436763721045,0.7020758626566527,82.95993099465082,96.82178060914045,8.214141153489658,398.1169168353863,42.82672250028833,210.66882015485027,147.63083351411922,74.61631543304321
2.4575106325641505,0.4108485080406302,75.78205192325242,100.35966994278398,7.463717703004605,418.14803972291656,48.745399573447564,211.31953828758876,88.00790649912159,62.73824219561517
4.350981007354212,0.3236078471465652,78.41066879012467,95.3768417690654,9.10643510369169,389.8841467693226,44.09921925767312,200.02392487931937,64.18947537706644,78.72541340965614
4.552584301670222,0.21145704279945748,79.81340224654168,93.90212673806964,9.241412451114172,382.5862300270263,42.597899696173464,191.31940498958602,42.13284829311457,81.09650176810949
4.0127120071058515,0.5960127235808208,83.36379455190462,96.98389753489671,8.865573006293626,384.57136198843165,41.19063110429099,201.1495288377133,119.57996604594436,80.81048793535248
2.7238626259668868,0.7766389030658687,79.31810495125579,99.50262933636593,7.706708037134087,416.8420714162929,46.66938149256292,219.08005735645563,169.07623243277314,67.39085008897706
3.765595795842744,0.7532660535912578,76.71706356637641,96.74525282204456,8.593374895878755,400.80312523440824,46.21963760657311,213.76857592980863,159.98830425473218,72.94108318399425
3.092664077991953,0.6419865496294475,78.23065389677035,99.49534336959437,8.0593384872778,405.84903991625094,45.99864355432448,213.04314372098716,136.14840562729916,69.59508913573364
3.496132848583412,0.6277086634535198,69.76568479097455,96.82712308585494,8.319690771122923,406.0066544878079,50.89991461262392,213.3653428878832,134.30184153937785,65.08391856843431
4.258265015456324,0.8395247559418682,78.9913859722842,95.92148196950257,9.056482636014222,384.39092754607134,43.19417248606369,204.40543367623917,170.9934418451953,78.77123984752008
4.608251599417921,0.5664162922833621,70.50212206338277,94.27966250857011,9.314913335826718,380.02469732855263,47.20679251527592,200.61295557373947,112.80996910443338,73.43150075723278
2.812786418154701,0.6292259352048344,71.54023160862751,98.8678178671086,7.77280762529225,413.44243181756303,50.7041031968099,212.96495425580858,134.89288055900033,62.153838630919374
3.4186387622643366,0.43584322762960015,58.689555639001014,98.00457089510793,8.32296539501623,410.43453159495454,59.752101724460026,209.9639093076786,88.30012930794882,56.22904074788804
2.9420654984707024,0.2275913258290485,75.53762689500216,100.01153614435945,7.940927848254108,403.5909461695705,47.18285517377986,207.78195721543858,46.859489489580646,66.5150824329979
2.695210648516542,0.36323021990008475,70.0148927226781,100.09471739136966,7.693535393809581,416.0032703784763,51.990730253215865,212.57879148947507,75.88080303108114,60.39803319002407
4.741855269985434,0.49816819229306897,81.24595240000482,92.21961463064393,9.337889299315687,381.182983706648,41.7753307056969,193.77235072737824,95.66266723989274,83.21255372928024
5.182384430529473,0.5121570745002606,78.16982436966238,92.08442152470477,9.772926788995257,379.2468340228543,43.01322325797284,200.21105568215881,102.78325848437233,84.20995486151307
3.2958126498960185,0.8852571709710786,79.57545465338335,100.23365008558999,8.301273744629796,400.5813814720481,44.71999422410052,215.72342044330983,190.76547224881398,72.73263614824674
4.629476235308184,0.5162554335182138,70.13738875900714,93.4872458970952,9.296849501342702,379.77854271899696,47.390930575624886,199.05504167549316,102.4676808696974,72.96292742252501
5.139483512775438,0.7357686888051287,81.35931040112868,93.26720065031374,9.792851826862666,370.5509392388066,40.55973470156893,196.50081196538363,145.76865364787773,87.31409062949179
4.961434736855811,0.4129845516847368,86.48300340604361,92.03314736359549,9.56686305231001,371.2366910709319,38.47690038302414,195.1346078470544,80.57396038014627,89.96579136176483
2.6398468598872906,0.4376648228469532,76.98860773152423,100.93297249840245,7.691638140731563,418.13268686804594,48.06752260693061,218.14855263485228,97.28200451685878,65.54488898827273
5.347021585296765,0.23419847255531034,80.36817094581755,91.90264247616221,9.937567385131858,367.4118572872247,40.65721962077947,190.31461786952602,45.28358458799133,87.64819455369897
3.3183675415031186,0.3515343974246856,74.83002943177841,98.37898267196199,8.256668197783872,391.38179116371487,46.13717498217657,202.35491250412218,70.16800251152927,68.55543611841453
3.1873423141084274,0.6053962782727507,71.20146687410329,98.60611338151553,8.100180689519043,427.97392196596684,52.705195908530555,223.31349685957684,137.1272518571463,64.54991997852125
2.2185096454722313,0.5015120360788267,76.46817343807423,102.8161182579275,7.35989719735833,422.9266031355583,48.911245180684304,218.18765236693196,109.70183913029028,62.3646296508405
3.7016077893670905,0.6885877239794468,66.91151479523016,98.55753682943056,8.62729882879774,401.13537505749605,52.15543811943922,208.358655703508,145.34496036153564,65.10556349186174
2.3815476547432506,0.5362507896690101,70.76908156108782,101.90505274810992,7.471293283329074,414.55945184899826,51.32650314160819,216.32757900046698,115.73973952315282,59.19171093390232
2.869889373245991,0.42950925367245163,64.58858323620927,99.54253905241475,7.840039697406598,410.04092642757627,54.97368479691414,212.6338166884661,91.6004236587959,57.43300896514867
3.109299176185485,0.9296593727573919,70.21287712484717,98.96565163754306,8.057512159233516,410.3048611770256,51.1519940293885,218.39775851605904,203.46763735898483,63.3923298515393
4.830892132220894,0.4812192862573906,79.00729601813288,95.10764365374318,9.584019036634835,378.3975575216084,42.51309436976042,197.64443011089833,94.9421978164975,83.34432306481787
5.064210276385638,0.7326001939410608,78.60401921276508,92.38318972572077,9.679450997400552,378.4799430627667,42.71588878535202,199.564618777301,147.47299841561147,83.80198056507389
3.058632111115144,0.4197581586910645,73.92492701101554,98.81925665223461,7.986607747376982,411.88506253464544,49.07779812314684,213.9737590303826,91.74981310730324,65.68907888838581
5.005443424356009,0.6419198958767133,76.85853707953726,91.56489368156795,9.567506990256302,371.9767343472184,42.825581325022256,193.85295102547445,122.14463985904965,81.20576837728726
5.000308280794268,0.6856031318303374,66.57104684763208,91.03820014192998,9.549333123138812,369.86258575277066,48.30319043290035,193.10511678382298,133.2082912144436,71.63717013294567
4.676278326347058,0.5416983941151161,73.7487225887619,93.92389327686224,9.368452029145205,382.63035863470014,45.68790386374737,198.95949777463952,106.88153662862105,76.77907687235573
2.5134328990531354,0.029103415460679516,69.60936144668771,101.72669844757363,7.597797452829049,417.5304330116983,52.44740385102917,210.85933852876389,3.543918479096909,59.35389620152346
4.416129964152551,0.5036504921712226,72.00405750441035,94.2261881814939,9.126353155248353,382.3584552727074,46.626772736476276,196.416414089604,99.44224188319991,73.26841803919667
5.307584226031991,0.7460920095519951,79.36699421030715,91.41147887446327,9.872933146336326,374.93483050967876,41.954508353200886,200.7581694361377,150.30333956608777,86.17736898341559
4.38889167568505,0.6054961666055461,70.9641333782955,93.70250976767143,9.07189308983044,382.29860110617307,47.21826630564022,196.9465667833993,119.93051838853333,71.92651879358951
3.1606589718774187,0.5891677750458493,70.76938651561585,99.04403637029104,8.104325507310937,412.6905794448178,51.09492559597796,214.68931459690805,126.85905368508222,64.20162331280474
3.7520276110079096,0.15554861320849617,64.0670869046619,97.25309961792601,8.629922049995844,394.72403436313095,53.29277157493909,196.86909412548763,31.497739798116175,62.74201056602668
4.2600376517286875,0.3559089858649882,73.64142928019358,94.66173680521548,8.985127090507962,391.51132990568,46.808302210396405,195.87450101244835,69.11044621080686,73.58092410592545
3.7869964305497623,0.5822715262302878,69.10520797809163,98.0978746287445,8.688180354892335,403.2641813210097,50.97820884722213,211.09906716350966,123.18031041224171,67.40578437943195
2.419835296058394,0.5820766553573784,73.29981699871828,100.8608914023981,7.455641978287161,419.8775670567581,50.4055809706303,218.31431114147748,127.77383031430982,60.89721690876291
3.0922241562820725,0.7429333560265805,68.95512875382616,99.40399673622794,8.055018177691421,419.76718411717525,53.16528397109774,218.23339453332537,163.48582432027558,62.424343612162964
4.808386106937714,0.4710266489707811,76.29277455607134,93.84930240148168,9.501097642678179,389.05036895197543,45.08492987430578,200.55735649457986,94.51170502883241,80.20855306527407
5.014963161334311,0.5811648173347629,75.29452698988946,92.3857973352104,9.633230685996002,378.40345048422245,44.36432955763705,198.8028479559913,115.3234252526768,80.3549345143514
2.4805501145044957,0.5032748483862587,81.336869002617,101.16729314411867,7.534320167806678,419.48577589577104,45.92732162559151,216.55571133970108,108.93180389714878,67.34968099513185
5.333353633395536,0.3026114526996886,78.88611426234061,90.1901693627559,9.840027341617787,376.9485517942906,42.40803582455586,192.6160854565038,57.094240327873884,85.44924886789669
3.1508791624701327,0.0488417337810505,64.58286563215265,100.05779612792757,8.146570833356579,413.9575689424348,55.50303885936743,206.91449733728706,10.87568708010895,59.684128950783816
4.318098085557519,0.5862019384260153,68.85727348215548,94.75074213921461,9.05965244889551,393.45025771722027,49.8939717724648,204.35355367214046,118.33513238005513,70.03820819452925
4.631388010848384,0.5347894416825623,75.83370565797972,94.22003430197852,9.362941653373218,379.78733765546326,44.246876532256,196.72483590348392,105.5973292609552,78.58943988372489
4.841811821232592,0.3763649915799662,71.16093444351586,93.59183501597404,9.512655159258962,372.8457421615258,45.93906473822189,190.81895122187092,71.90214719217688,75.56079339374863
5.310123957790756,0.17616538869682702,61.530306598169645,90.91192735411816,9.85965995773401,371.24420113980455,51.900267005049315,186.75829564820853,31.349375179806366,69.19325348905522
3.0952184181008793,0.6259479028817476,80.46199367088978,99.00871265321395,8.046103540331783,418.804968518816,46.29623464219375,216.7571136072526,134.18471459542866,71.2477042919095
5.004772590930441,0.4468159851608896,79.60684719364357,93.55088181233826,9.689002979128679,375.989496328994,41.959906871454514,193.9375633064747,85.80071193550512,84.79914448961125
2.4609041620267247,0.6113749444736292,75.55796936189093,100.49307730031411,7.492525956647391,418.6978757153391,48.93733206130003,217.23970632011796,132.47097141143436,62.82083107562459
4.467643172237574,0.8728097060823516,72.32455657933052,96.0655833569743,9.272976467058477,391.9272843226878,47.60757914863646,206.91239049154777,182.075622011376,74.768843624346
4.59692205329895,0.07171382393605902,77.6546903190084,93.31487458523266,9.262267576799433,379.94548247209883,43.345710433672664,192.5804779058042,13.699947319730146,79.3573197686459
4.372031344204622,0.3600798382595272,71.72463599194114,93.75427632997142,9.05540065870671,393.1176737661553,48.10271333663947,204.425306400804,74.15591820062772,72.49778678350575
2.8831015764730354,0.45812487733761736,74.4840083928561,100.0149916988952,7.876201557886709,413.0683256529236,48.89307852583522,213.40583043731925,99.03312526950737,65.20762971834976
5.055651014553211,0.7909652348293301,71.46386508828147,94.07190006053567,9.758277560970475,378.54904025079594,46.46833781340556,201.2719446236996,160.27227823499308,77.82001172501622
2.5910046217963822,0.17271939615870302,80.69064779893573,99.4027110752389,7.548294287244151,415.07580578907334,45.768314138554906,208.74356590517803,36.04700294228613,66.99224445698046
2.187721770322908,0.8871722051361209,64.77408285397827,102.23016122907806,7.293291271875637,423.40106988444404,56.62404053972525,227.14218073284582,200.80870408463943,53.588524833870416
4.5111274671416925,0.527171180313258,81.5747721081242,94.59206587880932,9.251799297326883,378.21974984451447,41.3017407674182,200.49380485710878,106.19341031171241,82.72031250642539
3.664165003314568,0.48079986765322835,74.59157714406413,97.20234245522744,8.525267248286736,395.73860316533813,46.78227035433722,204.75371193941615,97.7599857834417,70.60730533374414
4.971843069855366,0.46038804735621874,73.51887670711649,92.90408659150862,9.62597404362015,378.05811688313963,45.26618793125195,194.89198609512806,91.54074557623383,78.6573906954374
3.3418899937039064,0.41274739356399426,74.84528260092337,97.72895855629851,8.243034360385417,397.42052384955264,46.840615254810594,205.5844233601459,85.7222333986922,68.47635667237417
2.588975059776995,0.709623351853831,76.77351010762331,100.45880981403542,7.610145255919618,410.8505477634479,47.34746206000873,216.3274862476082,153.71973219322493,64.67004086115652
4.927547673644544,0.28629584918351225,82.74679089184545,92.63484502451674,9.561363183212316,376.35164146666153,40.57840037889132,191.46994752016886,55.329722984471154,86.54577126270895
3.9211837107402507,0.5690828363287708,76.27113556855596,95.37194654208692,8.68676257890307,395.1179189724467,45.799550031245786,207.03759369721962,117.99982753741097,73.3403537105021
2.662185273366242,0.4231636668586049,68.7411419017281,100.646602422066,7.686389336864786,419.72691417329656,53.30465167715392,218.08722730430716,91.91826117120306,59.40898943016424
4.52134399505256,0.3475733102971804,75.70376341289202,93.86429978237884,9.205029301578177,385.3926909316141,44.96800088870325,196.3383083176152,68.74056568834153,77.17435920758932
3.788897734713252,1.0171950351367793,83.63064346496776,96.36282178037972,8.615470327458205,406.83308709928986,43.4508481458325,223.75853703612782,227.3631810423012,78.85245245789014
4.11509543784112,0.583810146950692,81.67650495297246,95.85357109763498,8.909860265527726,389.76588487821084,42.51535167905343,200.57421032917017,119.03394763922941,79.80538905322175
3.6131441837230365,0.6226531089322288,78.87959041108944,95.89746776240993,8.426483602564344,398.023093536841,44.782282602326205,206.64796194972212,127.97729256223491,73.25836285322548
4.900481443363022,0.7275553561337325,79.85901283264757,92.66504286552289,9.543454106768404,377.69297165838043,42.03172945620844,200.22775223180093,146.18557100812794,83.76366897219121
4.9034695048906745,0.21573001093629057,79.38141385890151,94.69173974537453,9.630744362264036,380.73232242371034,42.59636382847317,198.09585761265265,41.95249503617724,84.10645626640688
4.482860876385352,0.8504583818244064,81.17320722421177,93.44109918359077,9.163319257367158,384.01619001608486,42.119412238259656,203.63978935204727,172.39400159387174,81.60739598377191
2.368904820887618,-0.001791435699015187,70.55954185645561,102.73723352408086,7.502715741700639,425.1455102165862,52.77407249586007,210.41439094761668,-2.163033715712594,59.31754401270058
4.935988516664241,0.3462467179922959,69.14775589112206,92.76776508840531,9.586545368175797,382.5902201020463,48.33873251294054,197.58729377776507,68.82542709230384,74.3375096120814
4.348545431865184,0.4081936653642199,75.56327202192354,94.29772474136672,9.05856833016109,387.15124670379555,45.24736344872334,199.20133951692492,80.78025901183074,75.83212881447402
4.4395845810150485,0.6163446729941012,71.23959356332959,93.40494063882348,9.099307353353796,390.07239450200206,48.015059823991436,205.6118787358214,127.81117568194895,72.41424615981124
3.2704399414135508,0.5437436532282975,68.64942415281034,98.66520577728076,8.195742679506974,416.61998731969675,52.97177847230428,216.324587358472,118.03841680601641,63.26473404918194
5.077478446549524,0.46663705186032134,72.49158125291977,93.3915431217284,9.739608953611794,377.42657990178606,45.753345271027534,193.99851264453793,90.67511866376375,78.62511817353263
4.538800600822001,0.49760053107445523,87.87313034365482,93.80282898096559,9.220539532224093,375.5098520972009,38.36700131881962,199.91668595554574,98.0681503281404,87.9519221685458
2.3940666328521805,0.3043953952954863,73.55350312980184,101.55599764522795,7.466140432357528,419.65823796526433,50.226288814404086,208.486268713903,64.04716548371742,61.16444135932328
3.4272231204215693,0.20055352110316532,75.92220692631082,98.81301575867677,8.37644082705866,391.5310644396384,45.568087511465556,202.41431253706622,39.93275694906576,70.42670138485805
5.102331266860496,0.645302324467212,70.01098348521133,92.41453719906528,9.741018568896424,377.86222876175134,47.226294728847165,200.47717305635172,127.93554707972791,76.32274068634
2.1651884559408265,0.6387412225072371,63.37946135316585,101.16401978042744,7.210087549806665,437.00677618151445,59.554372316561086,226.59332784531136,145.1650127194262,52.03351955587448
5.364958168747173,0.8168988750314117,72.34268658690257,91.30175618206904,9.942681108278956,365.5022743589906,44.387946217087276,198.749460514634,161.09991808698038,80.06690897448016
4.37706898911847,0.34199658063695837,82.44346071298591,95.89004646661783,9.166794275289618,384.4353938815535,41.58600196450134,194.60480725184263,64.46305395527551,82.75113899608816
4.209815921751819,0.6385630420601845,76.7231564364848,95.23609132469463,8.975099313298573,394.7359101887811,45.516783107160286,208.96262264930834,134.73294245061993,76.16162941250934
2.94695739770797,0.44325865432705364,76.52932433447153,97.4924575644402,7.805038815624247,418.7431871197089,48.39321124259492,211.85518314866604,93.3459113918332,66.16915051737041
2.87077126058712,0.7380949970386964,77.13775570871485,100.26287258121793,7.889155239821465,417.76079878146396,47.94257040288711,217.6600679603717,158.90931915819021,67.33973650277203
5.297203768210084,0.7043925553356283,73.39989762286072,91.30102165962948,9.842201727223397,364.4547372496603,43.69966242617541,190.4965333035688,133.22174806560304,80.24751977439642
3.04395358981943,0.5422418798448914,80.59257222765015,97.88288690449502,7.941237285767283,411.46288016665335,45.41905258332746,212.36375496014244,114.43147010343583,70.39187970980335
4.714268538516498,0.43209396866680266,72.4930842501089,92.15669364314923,9.324675781144252,376.9814247515983,45.69854893637349,194.99528413655852,85.40051348417039,75.27492055720968
3.375926293724777,0.6921864357216523,81.0822733487825,98.96434368659432,8.326053554397447,396.0543588896757,43.48314379166403,206.75802325244632,141.45213141188268,74.13077227661995
2.487389247746464,0.6293809046513131,75.19637787797247,100.70823143641131,7.5154517180607,423.7180257856395,49.73427701263716,217.22690455919385,135.37955942432055,62.766881729107475
2.037503541933756,0.36311191958276345,63.499778479088896,102.14274049864305,7.150135833610206,432.38760754541846,58.82842322694009,222.56738410385205,81.79727307334969,51.67493910030636
3.9049006795533776,0.23444026530411383,70.94583338246139,96.30433677281783,8.724028333288437,400.7727803524436,49.51123036300463,204.00089600163844,47.37629138532254,69.21932144353973
5.415225864921265,0.44229341986364074,67.57357837354499,90.53134707411962,9.939693690790836,369.5311118107568,47.63620804384324,192.21781188512935,85.24462611539118,75.52040359119368
3.2919766783322157,0.8030827630696418,79.7667826779697,98.55812052805945,8.22660120780694,410.9292783234877,45.77743192575585,217.85471642632044,174.46444228533483,72.2688518417338
3.250173168975657,0.7292974317466077,73.77653069875879,98.46221788503587,8.172328021761796,410.4844969544658,48.99755259984135,218.09018051740233,161.07317869731756,67.09556333304243
3.204320662473047,0.2775345060658838,62.70347259521875,97.82488121726942,8.100852494925606,417.3480516598677,57.40414271316581,212.6860787145999,57.73803064722576,57.88758893603352
3.8219034305670045,0.2664485168200158,76.4650185252787,96.21437975416637,8.631363625001383,391.38588620928516,45.265228977526974,201.71471212656346,54.02870153417753,73.01798729250189
3.5423270919850274,0.7549367699358973,71.56497119844043,97.95605783509968,8.442297003651108,408.3850776486648,50.068684099096856,213.9651970771684,163.03315134739262,67.51119944032628
5.079701193544551,0.2728728190484342,68.67661215708684,92.25458025478498,9.698177435694554,376.9849985400722,47.915764063071066,191.14825079708493,51.784176040904406,74.74210975673626
3.769322771032216,0.6018590647284016,82.91301651008214,96.74181631547377,8.602434461069725,391.7299728238457,42.16093584490806,207.64495117364527,124.21922205353556,78.07595807845105
3.7771524336599906,0.37678575693273525,75.06901225087488,98.32987387513354,8.681307761554127,399.47355756879585,46.95876289132386,208.09990245484354,79.17618229489374,72.3111416304904
2.484300581521948,0.8234089849043364,71.51400368625978,101.8897779849816,7.581550270826511,422.6794519829055,51.85359973358215,224.83834505057945,186.13797827594496,60.63097934307168
5.439588393186351,0.34591504017242425,74.53038216689353,91.64339363570485,10.033651988757724,365.2807131193014,43.212949445573926,186.05086633651746,63.557889217919474,82.8965178664692
2.8749051180409038,0.7286723060411656,65.88348879586023,99.8050573606209,7.868149495801524,426.56511961658805,56.213166577530764,222.27337952832002,163.42665262636962,58.662687832347316
2.256774236108609,0.536971730812073,66.18538458540979,102.2774063259009,7.373825975550618,435.1210795367726,57.113458428364,228.27124365528994,122.62642589235334,55.21108544508638
4.321011871413231,0.5504389708468573,81.60979817007129,94.53157845843313,9.04716903326992,389.4378757706319,42.51050472217504,205.52085230317513,113.63544772545696,80.9760841100708
4.083782295549055,0.1059382837297198,72.53112440573027,96.32880177799761,8.907613570976668,394.98729593183293,47.85919236845007,198.95556350652203,22.56529212689973,72.01089553575412
3.45300978897461,0.05941732935885624,74.25395025145386,97.82614581530963,8.342457725578713,405.09819651914563,48.08061762209842,208.12412805389536,13.134960089891472,68.85639877619495
3.477672818582373,0.4558868119465372,63.95155500129347,98.00604733410613,8.37343619747641,399.200670919861,53.98137617429121,207.35643778302082,94.53081618207368,60.79661115321882
4.747723723662509,0.5493812126833224,69.10680828941749,93.51145600890536,9.434349506636526,384.2343234911098,48.571587174312874,198.1434811877425,108.18471387369947,73.12658534644585
2.6849942403487717,0.2749604344524553,76.2710556877923,100.58798665365494,7.7090881898485915,415.80752183738997,48.19780151319377,211.47690523614602,60.856287391073785,65.15528656269711
4.870886616307114,0.2822613179047315,77.7336227401377,95.30244729664972,9.644903690604117,373.12841866067066,42.5296946606043,190.80907025491706,53.069003460276114,82.67431440236113
4.270614898632564,0.6122945259652266,83.89161387198065,94.51955243279025,9.007651874891655,384.74357109336665,40.97741589764948,201.72900070965994,123.83569195694037,82.55954006224887
3.466394208228335,0.6125708960914261,80.87445470803013,97.32705104707387,8.33841492990265,388.9754575451576,42.803608428231456,206.17629864965363,126.80758940399944,74.04501316083032
3.6031001580435404,0.4724517879224146,73.17016532722813,97.94442684429701,8.487829145062664,395.48898631723046,47.551785518425056,202.91869215212273,96.4266083787667,69.13943346822496
2.8982652251513352,0.656040344237215,75.84268609374796,99.37993651271019,7.86753359987907,416.92138502245587,48.568073064155996,215.63827307656172,143.59542383177262,66.17451118034785
4.632400164439412,0.2651595408559707,73.97586298281193,93.55347433538294,9.308053881237973,392.90456169031256,46.787796842377396,201.63432132400604,53.51283445816764,76.52951322406427
3.795061598068437,0.42881301658260584,84.82812301087536,95.84815564407597,8.582509387718883,389.70165961479336,41.09557874198358,200.26905603828405,85.78291211206388,79.45295567864169
3.122990899624453,0.8295755211567346,79.49266255981134,99.46277818683649,8.097557324839743,407.1660317541603,45.49714134184307,220.87366094136482,184.78366044283615,70.90866637622291
4.086175405163326,0.5136644259879635,75.75183594048475,96.10179187751568,8.898957062514086,397.212036020511,46.321111573190365,208.1974251630262,106.80772674247115,74.6975870968961
5.485070582179631,0.5252625029173998,77.58405862299732,90.55009931443253,10.007990021299944,366.2055009953284,41.811889829363565,189.9308951367447,100.63960169888784,85.60661569283675
3.5234179787979385,0.9611893171935479,81.45235301085657,98.23989042499127,8.433698673304766,402.1263262157351,43.97112955289379,217.90671034333917,209.64399196540305,75.41309941787608
5.222419902725168,0.22013156683024582,79.16479311883944,90.23503032947504,9.7317608298606,373.5299176773514,41.89208594691721,191.5277539312954,43.082279480530985,84.74998922020879
3.207558939735981,0.659286073328422,81.6422108130336,98.20806098971258,8.129600699677054,410.7031116233722,44.81593230670521,216.508241206539,143.46631646538867,72.8753543911681
2.1915644742374507,0.8327972559616199,61.66163773779057,102.19354099120017,7.298670517619354,422.94968085415354,59.0203760625348,223.7223114033241,185.9122149346776,51.43203972714922
2.7148473722895012,0.43502841470029074,75.56395815424139,99.56020819946438,7.680513725685103,410.6412590807631,47.992316851509244,212.68695746416284,90.68085731140457,64.37613138937016
3.4654330016468946,0.6719261573709692,71.58134527856936,96.4720140643009,8.273299356472034,407.29917060384565,49.92552760843467,209.52256186130202,139.10978115944167,66.16932851355031
2.768722250080992,0.30359610055781905,82.10435663823716,100.06315535268578,7.775507313380941,412.12914157658855,44.745890055486576,213.25269110510564,62.90230686187536,70.05029633261748
2.000794633763894,0.3626535208865297,80.13294699646582,103.55243485147497,7.1708095589387835,424.2490105401714,47.06924877945092,210.6921833040476,76.31706545122171,63.28804667012589
5.202505382116345,0.5769932832095268,76.40718550404614,92.816917875734,9.85003852095577,375.3155261802886,43.4356846587387,195.42841615023536,110.40825789690771,83.19602631939196
4.953577939308252,0.659713334622118,83.62244842122506,92.22464690585683,9.551498084716023,370.8678111144008,39.61312883484916,192.1381844701441,126.59613206466403,87.22162732023796
4.598022810204315,0.7241873024812492,84.4331999722077,94.49349283438217,9.317308330257317,373.03337534786345,39.502354622913295,196.37779492868742,142.34807292369308,85.8139485457562
2.5873510847611003,0.8139257173878987,73.47685466134405,101.45350483379667,7.646720637955733,415.1743048362041,49.73525973403266,219.6478036340963,179.63322259015536,62.57427165609557
2.4212725167349514,0.4865106882889636,85.26519588224123,102.50043273089526,7.550640260435203,412.93972364490895,43.34633648949298,211.37393507895652,103.34005831427004,70.30928706421956
2.236616623153341,0.7387223510345176,72.5272341844354,101.8916889946801,7.337689548293593,422.8165794550644,51.23358169378799,216.9401705077715,161.1604378595379,59.39659305962634
4.534102160705224,0.4315390313101702,74.36831784116671,92.69184204138398,9.172080514350789,393.15629113328686,46.59999170227025,203.4653624845781,88.21715055600288,75.75760053811221
5.250827862407599,0.6804182623176536,80.63035637781084,91.6782511635116,9.82388105737914,375.1223225352889,41.39036163242216,201.94031476646504,137.08033652521974,86.9338438418961
3.5068753731956295,0.5414977595704363,72.43929679212319,96.91490120103953,8.3451627958065,406.7872247127979,49.343849419111635,210.8135184162555,114.04906496564921,67.43039423191017
2.4169923519861687,0.5891355814163848,73.32708970135786,100.9617226807988,7.467421625912225,422.4307295743589,50.69548583639963,221.97106042087682,129.91940577640048,61.020189953458846
3.793374872562373,0.5847015748044075,81.59922196732938,96.48221263078915,8.600608090020588,393.17720713407874,42.923640473094075,208.36789686421926,122.06112396353033,76.98731325697999
3.2209116761052057,0.17905899804043757,73.9611882724126,98.45566702855245,8.14128367808895,403.32012534533874,48.03649562899992,200.54587179418434,34.32534731423616,66.96121962632512
3.311887235224992,0.27517562822784536,65.49917571739346,98.52164209022916,8.25313839326981,402.7517747441864,53.34518833049996,204.5889714925542,57.363934212958654,61.163945460711574
4.174657184544976,0.5205082879635045,76.84618556069995,95.95122490722827,8.970418874414586,386.3806140350749,44.49022274732141,198.44516011361245,102.33575665874808,76.19210774368479
4.515513396417708,0.1625441840717663,71.93714818043928,93.90151464591726,9.195703682323252,387.0964571395543,47.243096170140454,194.3738372548973,31.748182103173555,73.78515474584476
2.387112596056063,0.6662422206399512,77.19089090174,101.96166391909019,7.479121699533811,413.7662886477145,47.45521973321839,220.28080103574976,147.08184838171275,63.865326480795794
2.1245658078226675,0.6743111932576284,76.03042754851842,102.57587248056507,7.2470525085941455,425.49437759739277,49.45859153814242,223.3092156704092,151.74262660379313,61.111101252776045
5.480156059400002,0.565434110575558,83.93318901211262,91.56784930880275,10.079951612638506,363.8555015062066,38.73556357799028,191.98690961382704,106.87478412154103,92.30134214596636
2.814549221204431,0.27577319744841555,77.9151205694088,99.99820424489944,7.831116224254543,410.2251352294296,46.66149947500301,209.16136736451347,57.355639857891866,67.40284605978601
2.1884068371796066,0.776027787773703,78.07730962290586,102.27743472925172,7.309587927983208,428.38498209723167,48.63738276422371,223.4118025737503,173.92361474952273,63.083859770385274
2.66456365183572,0.9074421279436715,69.8519925815143,100.37450686017586,7.679858235537099,406.1589451455387,50.86397120659508,218.04733588636182,199.61652198218079,60.14277440090009
2.136352462219625,0.5294153654891948,76.58355543411605,102.39296755026452,7.268007136342648,422.087787373076,48.74918629256971,221.49027491176156,117.22152711747802,61.66406487031883
3.3713381311601007,0.6021070756902472,83.88786220419358,97.57352603826295,8.238679836682744,389.90907115652027,41.529230935998946,204.62089014595117,122.6093400829045,75.5324263331043
4.808406245579635,0.5403477309592087,72.32683795151172,92.46450031155646,9.4423970143099,383.4141378978445,46.57219291279778,200.79053363683025,110.52369800494996,76.10219939970168
3.194355574152022,0.6060738377997599,82.83191814761791,99.44036779869411,8.175653699460929,407.16506666772887,43.86046036668874,210.20403812812725,128.20172878117592,74.20433398104655
3.554641924074283,0.47608824867472077,71.51881985288249,96.69219191919233,8.387738062687406,396.88217978402986,48.68595748813409,206.99614088843418,99.92206346984557,66.99969033648723
4.364553707486036,0.4930871520312393,70.97760822373337,94.46876755204056,9.099383948221572,383.5059898266183,47.359510639907754,201.84132983963045,98.31582576512176,72.16095038388114
3.7811292452445806,0.6811435200994731,76.01835731106769,97.57832187066076,8.655573127482981,387.989695367361,45.10545277728056,205.0211714337155,140.16997150939812,72.83895892281309
5.015059901074634,0.9691248323792881,79.5976239619336,92.1651297102359,9.610665530605447,376.2658497666835,41.99507008428522,199.07623087727728,191.8463936187288,84.10650862081856
5.031124862660148,0.21998575311965224,80.5961004550535,93.05405534363794,9.693607279972046,372.1854728375176,41.08184248196931,192.66378171710414,41.07824311677452,85.73340890535938
2.0346874342190375,0.4792375031194066,67.63281281719684,102.4057574036519,7.154122875110239,428.47114371895856,55.19201587193369,219.53448661898287,105.79103927922175,54.55108102173454
4.723162072691197,0.2639079029535836,77.8404949735009,92.62800186050066,9.360579971749218,379.8123443781859,43.23886659481655,194.64036438717653,52.01897779445948,80.36516523744152
3.6125676008458587,0.8184049797152166,70.90730826359751,96.08015271311884,8.434784102417396,398.0733993243734,49.20116709697507,213.21872689503678,174.0172559413109,66.88416573523838
5.46094189456282,0.38245240613602033,69.1085189931225,91.93688262444826,10.050563485061272,377.00469282100573,47.656649071357485,196.39836914664514,76.54506606988228,77.87444617911557
3.691312265564023,0.21135984124284118,69.7858931410129,96.17091012521838,8.498423976776543,403.47886660872217,50.570201162706425,201.30971729944403,42.179770106712326,66.49061661194104
5.454135808859041,0.6276373997697147,72.79046114085176,91.50827394109344,10.04524585095949,364.05558084058146,43.97313118249362,191.67678592898233,120.03353850277855,81.31583718549365
4.640992764220078,0.8488622229486222,78.17716711882663,92.95656770379503,9.295508466718383,379.31622973893917,43.0175114639118,202.49309143546415,171.85269695265237,80.10305689345431
2.870117096146572,0.6327195737121526,79.20520883071923,101.00849729783886,7.91354413359647,405.68668992344556,45.47791493805022,215.21219494285808,135.92602546524952,69.07408667968383
3.884382427504352,0.5409595754563834,67.29522576362889,98.17008768342686,8.7833366346403,404.44481651910775,52.32468273731577,211.25424897622088,115.55727096688418,66.61783608019026
5.472474738175039,0.5818281845551988,78.32677505685032,89.4971143686351,9.94204965020576,373.384393336559,42.273069869949985,198.3158547586974,114.34405040728134,85.78559802483265
5.001357127131733,0.782968132565111,70.11813762370355,91.62744490771189,9.575345225469299,379.81339315651985,47.40666775610985,202.7310537665069,157.97761138975554,75.13106208951011
2.3407841282692736,0.32516014599717,75.95436799899313,102.42576104210012,7.464445661569175,428.8654454937885,49.8945493379478,219.16179252772938,70.07127290844085,62.8995217691444
4.472301988834986,0.47763057918273744,72.25310948158324,94.7573773777702,9.210955202795473,394.13987012745315,47.91792949975982,204.62211259454398,99.61729522512267,74.21419353812637
3.2095285505478457,0.40946197029809334,68.59478917054102,99.3881875568907,8.181730305935135,407.77392374237206,51.883073680311405,213.07608525986237,86.92203437356838,63.08816862691485
2.0244379165812183,0.26642693854165794,76.42764807663534,102.45546285164224,7.138802931147733,424.6000555357721,49.127804005412656,213.70256817500842,56.167604430377665,60.46816095708016
3.412183391594499,0.4343249481166395,71.16000704268792,99.64738545823795,8.393844325431143,401.84729089481516,49.512968953225275,209.25042868939823,90.59537389604114,66.77579386574449
2.8216404760373996,0.7215442191964897,71.80614881448139,100.21869790722093,7.812018373658884,410.27344002118514,50.15190740143462,214.70465131609834,155.76795609297116,62.65775441210321
4.86604244682165,0.613320429678545,64.7393054984041,91.99528137464941,9.467256578727735,393.42901846841954,52.64017585456696,204.22935751089054,125.92180277353549,69.43850209321074
3.180657130960179,0.6288621000216401,78.54954536426959,98.66518124160501,8.125670599489988,401.034707349198,45.28930167844978,211.99713790815596,132.74178638850256,70.39803610603057
4.89633292883836,0.5292951223306637,79.98014212045157,91.89998123208268,9.477084531349032,382.8077741019759,42.54358407097554,197.57713937592592,104.17702998233227,83.31655998983805
2.0020927859217834,0.6046647565457177,72.42980056451272,104.26542833611704,7.220198485034111,430.0768257280568,52.174920087482455,224.8625336460648,134.51097871225886,58.396703567420666
3.077367025091417,0.33988193153037893,66.0549357233309,98.70095040193995,8.006304401670809,411.92760778613365,54.161850755436134,210.08415002170298,71.54253001445325,59.78801969516646
2.8440782500771666,0.4380980228145541,79.45973979176641,100.43971291252562,7.874088907240382,419.784551456808,46.92441006802968,211.74987267882935,94.0495179877838,68.9715507267553
2.8174857637401383,0.5384008473937354,70.04966598468421,99.76226131092378,7.80718530379845,408.0409459247496,50.973472644198104,213.05191763348955,114.12555583072259,61.29379305054659
2.2386531691791194,0.5555031717763781,70.41961655251201,101.67240406006307,7.326320413308878,424.9072886079232,52.83627388728834,221.03883442652085,123.42358664009251,57.823595830746896
2.654934946436756,0.5640375709843746,84.74614221752176,99.17952434244653,7.614559402546637,411.365154237356,43.41761517771651,210.322979654614,118.04794957210319,70.52076953130873
3.9444234945996697,0.4723329435967244,71.21512597297345,96.6730574512936,8.791359685228194,400.489721657601,49.31220839217498,205.93267589967365,96.1731379415187,69.98001689539211
3.0197637549321055,0.4245153197739341,77.33476631805102,100.47017185984097,8.046746452701106,409.89899374063333,46.93422917602886,207.70324243350106,88.85348818253513,68.80997839217675
3.460881738152018,1.1315542566088597,76.96351939619551,97.15413985137582,8.311534493580783,394.3474264765737,45.34630488906198,215.61040686201255,246.32252304146652,70.72046510418558
3.3190340812151597,0.6813574545864798,75.93370186185861,97.147197423748,8.17738110292577,412.2762944154734,47.97608918072932,219.13449543195406,149.85234562889644,68.83645541187634
5.065667237499631,0.5826294951905244,77.4888033977721,92.91281750294155,9.707619302217049,377.279401211173,43.12316394314526,199.07812424353676,115.57493084462838,83.00594223582323
5.168546496536804,0.4533583003587212,78.08419860529017,90.59309418283618,9.699825204743808,369.5923571531931,41.95898503991113,193.57481339557756,87.40938243339255,83.45125607750239
3.72534940079551,0.4097562346112247,75.83012223565731,97.93690344597432,8.617996875970558,395.55961806239395,46.08633982558427,202.89049173903172,85.04482932283707,72.39746315702335
3.1555458261046154,0.47383988125460885,73.52706319744523,98.23207351027014,8.060381394262661,402.8821222609082,48.233722920265535,209.642515371494,99.64396460938238,65.95852130890135
2.3738024640082727,0.5585657687173367,80.40497857736364,100.80905718171135,7.416248045221325,418.65885753654567,46.309270144705614,217.68977803874856,120.82814219150002,65.62937716694974
5.336910077837333,0.12391289118738369,69.84098928940841,91.51958466447438,9.913447207347216,374.5452499740914,46.9113989327507,189.5019473870341,23.419509122993784,77.49793671423586
2.210794307151041,0.18612208092506322,77.76024368865814,101.43170849696222,7.29301929044961,421.3622809223748,48.0128886625722,215.3878345959724,40.303572443807255,62.69786023408512
3.0417759714889816,0.3726235222122085,77.76184265922453,98.788095234754,7.9770311744353535,407.10231694823887,46.38716606361602,211.49148614859703,79.27591618818408,68.53053565434412
3.0432317040950148,0.5414278873557137,77.14387365156102,99.63187458180425,8.005016894710275,400.97841079991423,46.0133792540827,207.8311109310158,114.03759813226488,68.2750103012143
3.121404501490752,0.4521453705696297,79.33058253998955,97.13179437504905,7.974355512258572,410.4668640463488,45.94919817774613,209.20032295900873,95.86485604168293,69.7180958770663
2.575003951453432,0.7956242452198969,72.62700776540215,102.30142156665565,7.673810722197048,407.8507094655834,49.3604597934333,215.48490934170445,171.64325712775155,62.14735052440427
4.74106500823294,0.20352064260084624,66.34440763074515,93.4411845771573,9.417280956831771,385.2720154022528,50.46499506102624,195.25027076951133,39.695965362574285,70.49869157755796
2.428742516880962,0.3497309060793259,72.55302772168473,100.4650283809938,7.435254956647164,413.27791065822055,50.062114263273976,212.45411468032847,74.69775577020104,60.178209970918196
4.222173307036069,0.8040183481982203,70.11063688032051,94.40859712994428,8.932719452909144,393.55388064212036,49.12629532955296,210.50320738096173,168.6402075965599,70.13297875430891
2.433461093470361,0.5262238649350294,69.26085726287411,102.27620327546238,7.543647912660732,421.39210381869697,53.165221569724,214.7602459524058,113.99197600311699,58.68772567082893
2.246874731575348,0.6769685165602317,66.48415130872836,102.61678078754557,7.393153277000238,427.5599987748966,55.90177722559151,222.59270003346882,150.48477814019674,55.552159531410574
5.183003262900568,0.9102493886538927,73.8328796232615,92.96891310567618,9.820720017027229,378.36387639415875,45.133112222137285,200.90790264825287,183.36719687042503,80.54530716965323
2.6654506821154698,0.36123911641963546,70.21542234862132,100.12472833675247,7.671811148784559,423.71555019611503,52.822205230637614,219.77814942173563,81.1057180758064,60.39636740966419
4.874375540958965,0.48013713244159356,63.96140149951525,93.17695267636427,9.53902294054675,375.5847675923793,50.78118585879432,194.5776989961088,93.97678490360211,69.18944892366059
3.9062080488749755,0.4455146198138257,78.18855921506142,96.66952615836453,8.754524962325409,393.34304680180185,44.60250289865538,202.32847555898474,90.37099703219768,75.51189744203799
2.2724978186306934,0.10908139910334486,83.82860667238124,102.60247163499436,7.410399347897625,428.31527479589533,45.64868753635359,216.870461769391,23.139145936838784,68.0402257956044
5.344068670033236,0.4379206392488062,79.44406837152133,92.19758455362934,9.964886967231026,369.52013614925954,41.31298395488833,190.1428649615298,83.18941091503709,87.02355742079
2.8643640844716236,0.6762124374761331,72.42261711869482,99.40091457967384,7.843052884043831,410.01315477013884,49.74522395711954,215.11937439361773,144.33034590914943,63.370591461636025
5.008758708734122,0.6081179083624482,75.73677847209987,92.37800830522218,9.61556789428127,376.99542509333793,43.97126085347588,201.24762357232973,122.91548405647502,80.60759331674903
2.590835020245975,0.623816633877602,71.00407268422929,100.44395763267497,7.616629822922894,417.3474447662801,51.52178537901263,221.60355253907736,136.10562077176388,60.523094776548376
4.988800087496485,0.4248982038721001,76.43676802433058,92.4971101950772,9.622142206772066,371.1001578691657,42.93313671384692,191.1087833465387,82.1701853536473,81.27756766448302
2.046300845168529,0.3687805527988717,72.27052054383606,103.39669326756054,7.2065705056498155,431.3059026105043,52.425328022653304,220.81993599291607,82.16578162379531,58.17907931885011
3.7912315979931823,0.7538511343797241,70.34423576560035,95.4074610068153,8.555807049566708,403.6679274938025,50.24230097495486,211.9036737611355,159.84200676957616,67.39948897734877
4.693049027975449,0.4005365707284661,84.0461007783097,94.46182565765335,9.408108387906847,371.5468465699785,39.50688476131592,187.92974129583592,74.73971722230809,86.29528101982324
5.271784311224742,0.5588164077586428,68.89036999492083,90.6374092113024,9.811381001649542,375.74985904995634,47.629369601657096,198.32955433155124,110.81354918157977,75.81066871016172
5.182207476722705,0.5326669361355076,79.81030668803848,91.61637757571275,9.76233354430505,369.99688819277293,41.19759767417112,197.8311323717626,103.60407312594444,85.59807268610685
4.868687043416758,0.7923434032514236,75.33643631551244,93.95474888801425,9.56321602887412,370.5931423236878,43.42730471583115,196.2948233353137,156.3567089654039,79.77216492266375
5.108669723814565,0.694282471534472,85.6345627439062,92.38206374103575,9.714956211699823,364.37295338106117,38.1005509856089,190.96712630896914,132.42130389636637,90.53241444417526
2.697268900429768,0.2409482758665758,74.94104567675683,100.83118280710674,7.738154098253167,408.93070064523226,48.142885149003,207.53388086793476,51.520161953993245,64.39118841934011
2.9946450349910507,0.262489366644992,71.79404635607301,98.57424154129524,7.917681228505965,412.6366081202375,50.44824489106598,210.4257366554508,55.6265086256197,63.50314054882978
3.011389837223705,0.6157819636138269,72.37513181249597,98.62486682105796,7.945066573929244,409.8588507953999,49.75516782520353,211.89509463149358,130.71261122264835,64.15811423771068
3.319688758505946,0.4871324705241667,74.18315998280593,99.13409446256432,8.264963809647709,400.2315200034439,47.54294327810806,206.5057901376162,100.99662386539013,68.1437672486694
3.37662234634816,0.4089656432092472,68.33799334063579,97.71050695139394,8.26392675651292,405.4268523853825,51.753540663528575,210.877705348706,85.26622582012315,63.51076669158445
3.905943636291364,0.7031255767988942,70.85278473796008,95.93326777434035,8.698217517303393,401.43221061797556,49.649769258906495,211.51775022990574,148.2725462665602,68.93900480687965
2.559579171782545,0.5374918764177822,64.14677516017977,101.81263389960488,7.637717897505437,423.3704124721796,57.09896506726957,222.2883564386145,119.61113474162636,55.65647809507516
4.419363323250963,0.5104914773778888,70.68835149603069,93.69229753232601,9.090705359488481,394.9198962499276,48.94385483502596,205.84685599135514,104.78050136190049,71.88272569801902
2.5864828875657726,0.65596572815101,73.57331187338117,101.16269799982881,7.632847583676986,416.7721592535116,49.869049091287366,216.0477310114751,141.1433947163594,62.536226360222265
3.0860796873659164,0.4249782010112871,75.20417087126171,99.23304695515344,8.045668044549183,417.0177567139199,48.94335012590032,213.7315234186897,90.5488420015786,67.1798433774428
3.7617079571215393,0.8137037970945109,64.61740107356383,96.83187356938403,8.604511589934376,403.80320719037945,54.116493120991684,214.60398467871636,174.6682071200766,63.039739641907325
4.787541965332171,0.3423904753533984,75.0589918431776,92.8288546158354,9.431682932447712,378.8981574970678,44.54533839239931,192.33975732691266,68.17404320759081,78.46351375001215
4.588142316335546,0.6313858132684176,78.32282053371331,93.47761774765492,9.265098732895577,383.833656177055,43.45803880103031,198.88297582173254,125.24649807943776,79.99130904996855
4.259370247436828,0.786766567731969,74.29668333004302,94.22951280293522,8.963260654973798,384.77573380555776,45.64541789847918,201.80496431202698,158.09596964429258,73.93749163774719
2.5452064120305957,0.22454090214558003,69.8853044655477,101.47790957872596,7.629685920047845,417.92123413158515,52.31515820432566,213.36033937360392,47.75539409311253,59.80677659292906
3.914658709654522,0.43133296482951017,72.63678472634436,95.76417516299578,8.698445212544229,399.1262530097107,48.29886040840484,205.30064094645294,90.05452903933138,70.42308515718021
2.3060627562995992,0.7284414785771116,70.06345853267341,102.7037760498852,7.445753056394458,426.1179029995344,53.22252008706797,226.35045694060977,166.45615325056278,58.513855009846424
3.3207711187882776,0.731448909546205,70.80127254700565,98.1976570509685,8.229012417001766,405.0484315270064,50.12896687875453,211.703108640803,156.79910603854515,65.1910018136478
3.447307856014857,0.46570087992235215,75.00588705344207,97.08766211241117,8.305447173952446,417.5581538371875,49.121086587176514,210.84978958152135,98.25390804278386,69.19257791260974
2.1393400380601384,0.35306578126462806,84.10564918434942,102.32205876107079,7.25329969545223,420.4307077014392,44.676457932704054,215.24993033208258,76.63897708945098,66.76327504690735
2.9589583481449013,0.6911871644661525,69.83225043324796,99.31496002218367,7.92864269801983,405.1022756555884,50.7441884021942,216.21405535557412,148.39435536425015,62.072887777513145
5.344773135432712,0.736709820516321,74.82301459921213,92.10057675536794,9.949728084502304,377.1425684303115,44.4622924818584,199.69107035679775,146.76093182817925,82.54018440600666
5.337714127403913,0.26706733029752106,76.14676725600854,91.02280040268506,9.896992553244674,374.6370785519515,43.48823414796466,188.58036274417285,49.24856924729392,83.3429433109481
3.2331446898838876,0.2592172702067239,70.4430014560692,98.46302528044613,8.148109103474082,410.01906145286694,50.97013463337551,205.64923658712084,53.78109248533049,64.2846140536352
2.150850381319134,0.5450513363967199,78.0721994752001,103.60126102977698,7.313214519449078,420.18222536547955,47.70883750709518,220.66268655653755,120.31090496340022,63.08676019848837
2.6268322876486354,0.6258721266857784,61.297771878646174,101.21270085040045,7.677733755974318,423.8929487091874,59.45388439777375,219.71968271199654,137.74261475362735,53.83503861902162
3.37276227701739,0.44018618295398904,71.39201888052749,99.52549684324192,8.359726303331867,412.34374761113986,50.66144731173272,215.8582572051928,94.17161147979992,66.72443480181832
5.317228942892305,0.6358587639964699,80.47224341307057,92.39693470312805,9.935530089849829,370.10866552447595,40.908531894656896,195.9004011198876,125.41567424719405,87.74408495329378
2.4941967223801473,0.3579726786325236,71.52256452491301,100.5605814009792,7.5231464153845735,413.5778779482887,50.73170604463758,210.61939172482283,72.9889592319056,60.14506707519555
4.672305452838742,0.07706128018525288,71.50257174915504,94.43889159858449,9.383713666627504,366.4579275518491,44.962744081219526,186.71915666732662,14.1367890657272,74.81573025613484
2.380388887811422,0.41521978553348077,75.06025043756752,102.88888152631971,7.52548850137891,421.3889276005867,49.54005254309445,215.07496627676903,89.1967367818487,62.74543396175985
5.434401520869469,0.5126464293026203,81.05299800202911,92.2058451828156,10.034465653569521,361.9599200214974,39.75266360954211,185.77498222539802,93.21527878814977,89.12483415130802
3.3356577468819726,0.44483200802070866,75.05596652233366,99.11567467277445,8.282683667770169,403.82537644868415,47.47760715206843,206.85167755796382,92.3983754889287,68.99593537384287
4.713320886146696,0.268279347268103,71.64988326431163,94.2773952944139,9.423165814039153,378.83134229842534,46.39704640753709,194.97733466141466,52.13512795093445,75.31673014682657
3.1990687898389614,0.1368702048242365,76.11989914356546,98.56113040062318,8.131576282448542,402.51596977262,46.739020107490965,205.58697193667624,28.69984785397943,68.56213859731517
4.1968410700558305,0.3971822391264204,73.02596278269304,94.64115058732494,8.934417075228502,388.27490271592137,46.76548030309118,199.30313041912115,81.15949220030616,72.6258774892569
2.6720562965901284,0.6795311543299487,76.93240196537728,100.36602910681658,7.6961482009103355,411.92969839605956,47.38505885988511,212.42119389070072,144.67144296294398,65.52171438693375
2.511073567539369,0.7512394878827364,80.42958270533019,99.87941131246599,7.4891632920122255,421.9260810200376,46.657970588552544,219.11809990600375,165.5828304637142,66.30314465544708
5.283224488488459,0.737542676827691,63.31198560774349,92.58295054262774,9.912305370615943,379.29731731026664,51.737422491828376,198.57650766382997,147.8396021073937,71.29113744641843
5.211765472665517,0.3368180929702894,76.80945593317678,91.53218647813652,9.786406978238515,367.5081339479031,42.33503481818841,186.21834461000563,63.21373480390446,82.99483735773138
5.1061412907450885,0.2692587352739272,67.44869986415597,93.16157006564416,9.748897969866482,372.68388702517296,48.12009597047539,190.91168529382455,50.538763348917996,73.96681781333447
4.189017075583077,0.5993269229959791,87.23576341734855,94.35324057368196,8.9068389419344,388.8645253167195,39.99192392285361,207.29839819274832,122.59934379961341,84.49356277461301
4.828938739256974,0.6270200023195851,73.45410381812741,93.96481434940237,9.524675184552725,385.3873666088721,46.179558461109565,203.690536487281,128.09241876023654,77.80254005991647
2.2416292791898123,0.5800339210400995,76.42182134415464,101.7583929962922,7.334664185725601,427.92369454739674,49.515699610552176,220.40589439931838,127.44263732628416,62.1326957919541
3.171761646617377,0.09718734515244731,73.62952967796637,97.87133871019184,8.066141052889368,404.21082286712493,48.333504256645504,202.17447007951608,20.932401072218386,66.08939627294997
3.097960936650047,0.32662308302330667,69.70213022038476,100.45883116345264,8.115409289519848,414.7575192809503,52.038448424665965,211.27952452722712,68.53364651980247,63.46201906060056
4.224758626834147,0.4940622419428043,70.45944511631384,96.0991941415531,9.038975958416373,382.15535461355273,47.496643067958146,199.2670392699046,98.43601310589261,71.22746739174298
3.2458522071472418,0.5974436389260854,81.82341851408049,98.80895121113328,8.164087432696155,402.9744618553945,43.885804773604804,213.59139498329256,126.44980956544063,73.2953047477889
2.519773735752883,0.6534614725204974,77.80341878379502,101.20794223297288,7.579528196117232,419.72320077718064,47.802603428312594,218.7287217174961,142.58695990439927,65.18717468686509
4.087634763947403,0.528850704456408,84.6230821536247,96.04488634123938,8.872246571689454,378.3118106395528,39.980922416514304,200.1662204687589,104.91521170317887,81.90337032589157
4.850343722341785,0.5661567613076472,76.09767914259864,93.17949983413767,9.500196781336607,390.0212773366557,45.29985955726935,207.71081200478704,116.74535356678605,80.0278644263131
3.337432230609906,0.5169730916722208,75.4445167829619,97.68516642952815,8.226938689116409,411.9168954193702,48.208698571692146,213.01323035219096,110.06929401444214,68.86617898843981
2.462940502844686,0.6371238748436966,71.61957077513719,101.05006642421566,7.502701849251061,424.53315456672686,52.01364703770868,221.07214616389626,140.24342441645362,60.081617881723346
2.6884086905948807,0.5625731302981822,71.79067941313882,102.15914384854888,7.782128704835286,410.8160131002141,50.227729620035504,213.12536476979753,122.52784180661533,62.408057348354326
2.831191568092844,0.5131475320094575,68.18799521932458,102.22855490577747,7.966438763215874,413.055508525067,52.8285074155448,214.34994721405116,110.8290405503882,61.13083145834492
3.0496415754808766,0.44632624017252387,74.0796208451988,100.57638929000147,8.064868149466749,413.02288952140066,49.1228296904226,212.48998016972453,95.92449383626648,66.45624692929789
4.249782746772082,0.5162582850084962,71.15350632169552,95.50833953842782,9.041704932724352,385.09119098183567,47.45219380359487,202.05782468882387,104.20313304916067,71.86219338515946
4.103309195882017,0.5969182757678549,77.13351564587943,95.3682185882514,8.869998103648795,390.84426051248226,44.8557891432865,201.27824183197342,120.25241324260935,75.60196682549704
4.436279515484637,0.5534950777796123,76.17358651348262,93.83447298068619,9.122754873304558,391.62738717757065,45.446337215673054,203.04687556488727,111.95585323803803,76.92147258682262
3.268756945860296,0.5761652836690507,75.36091855341097,97.9735247611448,8.173101047823419,398.92063661330195,46.733404861815565,208.7611469078312,122.90530632769229,68.30475811522807
4.883991781579924,0.7685443722702372,84.23643983634703,92.46341463752086,9.520528454211412,377.5569785363352,40.06486017426046,202.04682386654218,155.17308559910603,87.53328130152342
2.7143068140451607,0.5530327845493175,73.06857842802624,102.22085738398255,7.813889003823205,405.7209404042195,48.84168575916481,215.546532097711,118.60054784671111,63.60656439599656
3.641642616313539,0.37020029590536846,78.1536061538434,98.6992766800087,8.57150395241669,392.58924471223554,44.53467780173382,199.2695763394364,73.01565190514812,73.90148399378985
4.803285525395006,0.6767213571988338,86.02148995090191,93.78552337306579,9.501030391395137,373.0478331633561,38.850452472056446,195.37065211128603,132.54684288051783,88.94099264781187
2.6305552670641674,0.22676033246621646,79.68975166695223,100.02456602414514,7.634663511395695,417.99860716889907,46.6049464292271,207.8678954249881,48.55721511836422,67.03670423641793
2.3845208980927404,0.28371732385214254,78.6272735699855,102.36862159804423,7.513971156301366,414.7657219334475,46.79888088917946,209.41888280980015,60.5027245001341,65.20105938162138
5.092893886907964,0.5671694529440138,74.57803158668705,91.98397777301363,9.697243895102963,376.85165141991166,44.556682669265356,193.39551691024795,108.93170414024405,80.21704307624336
3.2002538196571857,0.6032793335573158,74.9885198614276,97.07670408028456,8.072171263762904,405.1250260911297,47.668205864942635,210.56910825879595,126.25104795017754,67.19455824854391
4.393545437181611,0.250989755299201,68.68087306446823,94.85227147978537,9.137944897159217,387.1156689704526,49.20073378612158,196.86594962943104,50.65760503318392,70.46593515843945
2.0887201149237846,0.42343650380264997,75.00103614273061,102.0159491650995,7.19173568466207,432.41817938859714,50.872106860261844,223.49954573101343,96.73924761942185,59.95201351244827
4.415164109433073,0.37878323355606824,76.6704978193889,93.9004828737122,9.11340546683884,381.3125506442565,43.99565714262619,195.74082476482943,73.99834003569606,77.23091747722401
3.106354590414397,0.40266473542368064,73.84455113427819,98.92743253869521,8.051301328831892,413.2319228393868,49.285483343764376,213.59580661187292,87.2141223653424,66.1633240497644
2.195092987556046,0.6887195552545892,77.77008552628156,101.9185161651999,7.299499667404051,422.8966530140314,48.182322083689975,222.00726817002243,151.4346588917148,62.76511248837332
4.13434466541841,0.6413010927094506,68.92233948638011,95.50238821575236,8.911834488444658,391.3166059920149,49.58248938623337,203.21117297514886,129.4760227787593,68.94379591625776
2.8428133562561064,0.4961755640292585,81.58569028330906,99.98428881308986,7.849909597002051,404.27991778458477,44.1422580901006,206.21004494104952,101.30678711453241,70.30133052179667
3.35382534718158,0.3908076145770144,78.53341385631931,96.76096401058636,8.20131854624714,398.829081997034,45.04842461449559,206.44401921696436,81.09210848902103,71.03227470534013
2.2820328430027974,0.23007006595597185,72.38526951334349,103.22910744059648,7.447772761848225,418.3972118339084,50.78543947302895,215.9426628763228,49.502966668625156,60.17381313434205
2.5150713788323085,0.7840369877563897,72.2744377155118,100.41054879572798,7.540615981861049,419.5276332404686,50.99124890906086,226.5951414599442,177.89706479516568,60.846716369109856
3.0429203242354532,0.6184227800569837,76.05456046532552,98.58786015707155,7.962210034213065,413.3515233103905,48.03365691199419,217.82301275851924,135.92582909936158,67.1210726229596
2.31415825196055,0.3586661791853719,80.38124606267155,101.63760351670584,7.390534891917644,418.53560743696664,46.30779344940083,217.562826830152,77.37926164812754,65.3846181513677
5.187891926402103,0.6439198995249783,76.73350890513258,91.7557103796972,9.784111279916871,372.4578165801984,42.94278200915237,196.81062619105174,126.82427174900297,82.92985919135762
2.0211646511439243,0.48595527588507487,73.14555209126884,104.09310757446174,7.240056341685197,425.520701213177,51.17780693140183,220.65369851604504,105.88989671835223,59.044142184571186
3.69351076602509,0.4425780990275314,74.52280530735946,97.28825108055611,8.538519017797812,401.80438597829357,47.53798510557814,207.76286652214282,93.11508022962258,70.68308220144787
2.43136610346393,0.5870423056579205,81.82775988766407,101.94339102516386,7.5228570232496095,420.0357696759247,45.74169839161582,218.61190013478944,129.43084761304905,67.60278613430486
3.07687681317282,0.35170035001745503,71.84783666112226,99.45056010396175,8.049641024395054,403.3332174697908,49.27842126600447,208.15626709601548,73.5705201434283,64.57417580136537
5.241208459363929,0.431248696097978,76.14191215814137,91.84093965822527,9.824462697654385,371.64360763493926,43.14318063344903,191.24934009620983,82.59596464826795,82.71263437833262
2.5659309364589538,0.5242922128399092,80.39629539505572,101.26702532486327,7.6210570062603,421.55736180351136,46.63436260979437,218.34817919117992,113.96910210314556,67.44527500096484
5.380413119014165,0.4001097614229573,77.19154991088132,89.62236676939528,9.866280656221868,365.2171671426103,41.88676167769693,186.25429742672074,73.12661331270563,84.01975179611621
2.720280319462976,0.6338170420535048,78.94963068358318,100.27908409400796,7.750048283855088,413.79074650170975,46.51966998870072,217.35248221978728,138.06724930479373,67.48570151188406
4.595481379633903,0.8738133007356521,70.95817737104589,94.84562405973827,9.317444347057595,384.4136220914458,47.4829886954605,203.39581547446468,178.4861696862227,73.87647969860485
3.913370427140591,0.3491403734785714,73.66958190442614,99.45706831365328,8.884519081333439,390.0084076618777,46.61292656002219,200.30879941407784,71.95526064952863,72.7751346135865
5.095675546588657,0.1669749407391911,83.53698084810753,91.20168844090809,9.660392772051965,381.3312654749344,40.76796813595781,194.17123903583985,32.02818161551729,88.19700754320664
3.9389763942609584,0.09965196650474767,71.34507309429542,96.55204658834612,8.774380863400268,396.1585325386159,48.70098673086051,200.74582862961879,20.274898208777042,69.93917174326853
3.87095726704708,0.4699063717010036,73.88865352160795,95.99481230303574,8.673889155629558,404.52248083848724,48.22135817620326,210.85285307038956,100.19550336551285,71.28578506900465
2.6841030012893996,0.3673670819747634,74.50434975600467,102.24376101860457,7.813905077718989,413.9482945694404,48.98544226003304,212.05807046404556,79.047687434436,64.70989421325025
2.5818027671808057,0.5415721002134162,68.15239073065203,99.880664106234,7.576125038425763,423.51782238581256,54.19128172872455,220.8546202548869,118.9862295764967,58.136428035277305
5.2077120289043,0.5265195344052203,74.18020384157568,92.27295949108765,9.834479931362603,370.75221229148275,44.04268407204454,192.30064863559528,100.97088859217676,80.9488880693022
3.1474336959751192,0.17935663067718077,74.34010384429834,97.85821318448373,8.033880678495846,406.7558765158749,48.228050236551006,202.1265402920747,35.727584584462306,66.38142606710882
3.3022878923701358,0.13702323410371875,74.19615414165398,98.18713904225585,8.212224673948818,408.1237825156064,48.4729720349183,207.17785831684213,27.486335612720445,67.74616642061453
4.6593828044993595,0.559186648069219,81.99301946958491,93.66470951965239,9.33049112972399,382.7314569058542,41.604402063614664,200.35050438769366,113.50499640055503,83.81933065025238
3.185882188479826,0.5270857669439915,81.53034460033706,99.7051656857123,8.18014911717093,406.7748151494058,44.4415255864674,213.32034108466107,112.50082939434535,73.22550469174195
5.332218563236509,0.4148364003266897,72.11823791587925,90.47550156774538,9.854789212997368,375.9403120084738,45.78036761986804,194.14212458339406,80.46297465121903,79.19588323069324
4.582747191495801,0.16857128297353907,76.0556392256324,94.4910912688426,9.31087996556313,376.67804036346405,43.771453416996664,187.6612626949003,31.882007979406396,78.33571956715419
4.0910023490069705,0.5942782525529982,78.2804443609322,95.69651395718596,8.872694360553417,387.20209166099664,43.86046020316022,202.33195805006483,120.29524443079454,76.58249156420813
5.083133061906634,0.7543799090847887,83.68149700328395,92.42726899235556,9.710360796541002,376.56989969860985,40.19682773487377,201.37380961505622,151.69137881555397,88.75997964511629
2.17362067922319,0.5555964880437845,76.20079630165347,103.15899379446695,7.335544708685096,413.01646047862,47.91329989960867,215.7942471775596,119.13296853543767,61.940223159796
2.8997194226622307,0.33050522188698706,74.93423031515633,98.82493666627796,7.831019741676417,414.86894924793717,48.8459067337783,212.09856380648372,71.66496335087012,65.17780786135347
3.627627169773185,0.5089104331142302,77.68586526364098,97.95178088431273,8.515848539662992,398.04928260593783,45.39491985500077,203.331179343856,102.90708628261443,73.06246917954981
2.7944248881503233,0.226777183813263,76.72215403746169,99.76438900900233,7.782366651297027,417.91171469643666,48.189729525849856,210.30548119560942,46.76197269952595,66.1183182544388
4.603668155557532,0.7115921427677585,70.8858303252472,94.7638602195301,9.348456906108105,386.75963567809276,47.81549921944388,205.00817770426548,145.80165280657167,74.06675840607969
5.2172281086880385,0.5163688669059078,77.224667692957,92.00734772722217,9.836224450580286,369.06574251266915,42.31208352800289,188.9480899557746,99.72442633193516,83.81525857622654
3.483195419758232,0.1463686176493536,81.47563947465333,97.64119332563254,8.368284994606517,396.49729412650004,43.34457746385736,199.80768649847667,28.42400156415237,74.82318124567054
3.1974641003916324,0.4398651279112635,72.80017307699994,98.33685487335663,8.12438215808435,405.7783702425284,49.00694710688288,209.564006397886,92.88951369853159,65.9248112924932
5.365427562481482,0.5926603020468462,77.085746287715,91.87963952679907,9.943281029473795,373.20039613229125,42.85436044829965,197.78997690852844,116.97593585153031,84.61727365581034
3.556983514896393,0.43339047580489554,73.05579797024556,98.55931904624737,8.5050790257031,389.1650319000635,46.85585370445546,202.3123541893663,87.92505469146498,69.16352116067574
3.7116694015724914,0.4448208557119652,62.88470580385261,96.58287586180813,8.54687005677419,404.6956137647604,55.52545068287407,210.94574218370764,94.755246431914,61.19156559758039
3.2307745531966687,0.25511955859054564,73.9798803500094,97.78588381118654,8.119572698644408,403.60142095097126,48.05929935466098,206.23121050240903,50.8939265827755,66.79816307601324
5.183419655542484,0.6133081974163312,77.72906323991535,92.4134000399575,9.80244269706578,373.81369725175455,42.61001809964331,194.41564962269928,118.34037051083082,84.02398133190847
3.9913441914864776,0.3703061599961725,72.22714607537925,94.87147057617037,8.723845722316407,398.35471605603703,48.44564539438805,203.504629492144,76.26703068360673,70.28293508783787
4.667611055135756,0.06871092459899342,69.82794852173926,92.61895135695848,9.290345755026479,377.9502725761313,47.34560759421313,188.14048087856798,13.02475747974699,72.62890850210468
4.841323514228103,0.4257485258659212,71.40655591816548,92.20520747977932,9.470688244538403,380.8892806069626,46.78852658867601,198.0124298753225,84.51537476300209,75.48430323796242
3.1964716467104037,0.6962299431140706,77.6567040567303,98.47998885008258,8.110581044831672,407.50354926467566,46.48857764500756,212.80737934120378,148.87425323002626,69.59759012102502
3.51793015962133,0.42261411068001054,84.08414005678011,96.61817892995299,8.338756428540316,400.0309658828574,42.51842719096303,205.5666939755719,85.98578406901358,76.65168535924406
4.969651210421926,0.8475969970247041,82.87574815703347,91.055180836018,9.515388047362071,375.93093502436534,40.4767598091102,200.7244049439269,171.18847539787046,86.24417004191325
3.271393730865336,0.5857935897097034,67.20394245288564,97.64176658650163,8.141500252660805,404.1839803665596,52.35276431811967,214.1615189220879,126.274228671693,61.677478577398084
4.77877296708148,0.5677516324560732,80.0076641132513,93.78827417247291,9.468339741453581,373.28699937239514,41.47280157195395,196.47404198892514,111.78677528171369,83.21579929541265
5.29347312901053,0.4743203468164782,73.03635587576619,90.45560879076173,9.82714267367527,367.35236756241886,44.23994329809325,189.24528213425438,90.2310195881693,79.79727347935122
4.181236305738024,0.48634275844714187,72.10614825434175,95.09345718755358,8.929804241852983,395.3316837154024,48.14885268893337,205.26467854887412,100.99396375488233,71.82740497573344
4.595695506081611,0.4473152729760992,73.20495661744151,95.4724244986068,9.355583488214345,383.0284933797035,46.03433604812585,201.52659930548492,89.55208672154379,76.1880649173437
4.8178405921439715,0.4395461215834947,79.31174345984991,93.09821862347444,9.47567013644784,378.5031336906397,42.379996070818585,197.07511732593014,87.284960499686,82.67798905765645
4.957638771138249,0.6061734324134298,80.74543340761109,92.9222890927998,9.60319548240144,367.11044976970226,40.45497784122232,189.45132165205447,116.58471515680137,85.04246284423573
3.382686682498786,0.31283375404188685,73.5690686625996,97.403764596653,8.262902157832253,405.14631539200906,48.480415287113,205.4351851493573,64.90768643205219,67.65675559239519
2.1794221071159936,0.28482123425514805,72.20995282349907,104.10280250805413,7.380017149525678,426.6838612400002,51.90172802508116,215.6303781288211,61.19371721389643,59.52422219334876
3.4065669493285884,0.27536098982492446,76.40919905537326,97.6439800860392,8.286164385834281,394.50383478829366,45.65530511809111,204.26379189224062,58.56448561121212,70.06542166263208
4.358146804244314,0.9091309095354309,78.06974886271438,94.5640024375837,9.084851622478068,384.3980367116281,43.64700043721468,208.34854447057282,189.6469162373255,78.21800105939839
3.5762263502327745,0.606068580334116,80.17260015407197,98.53685471655918,8.503959127166269,390.00003173732176,43.25039214472627,202.8409706181014,124.33413069578661,74.94949013424721
4.621371028011395,0.560898440336029,69.12378535606767,93.67981400607722,9.301436111541681,384.22035325308985,48.559399872496826,199.2304927919707,111.32654126071411,72.11146780897332
3.2494385031403237,0.2884970659413137,73.99946290278854,98.66527626514905,8.177155875317316,402.3521378446837,47.89937029839351,205.5929084767861,60.380753371799536,67.28299623995828
4.2216044938641035,0.6246684601349657,69.72580351318103,94.99903361484434,8.953052397757501,394.9531748077856,49.538939390242476,206.9959523981042,128.75741779115333,69.96657451417516
2.652469316988911,0.4766857307093343,72.92825178506968,100.49649148809303,7.671640019302361,418.2420967170568,50.43421122647574,214.34668246052243,102.49938919207032,62.38265797065193
4.622793028257349,0.54283378822635,74.41647519550501,94.11662600976176,9.335776561426256,389.97540072144307,46.19659845051294,202.6319458343197,109.38872666381404,77.1395254131602
3.9099358908455906,0.3046759368272888,74.45817579950119,96.75757893339893,8.756317292709227,394.8199945795125,46.747397850125516,199.07292980245919,62.55388736071439,72.40539383728658
2.714225359913102,0.5320537714835153,69.25835599134307,99.98561249533408,7.708794854443894,419.8131995251063,52.96768956082815,220.43204774462797,117.0605710261749,59.96650697227116
3.0216891072423255,0.4152332923587034,66.18957796265364,98.81122375973432,7.975245155210859,411.23072830247895,53.97466941004118,208.32320251095666,85.39479712637781,59.65776436245643
4.620130480036414,0.34687776859396247,65.07196894246917,93.3422344487865,9.286955161758735,382.71678593169474,50.97998511601405,193.0186806509713,67.0490077630618,68.37773467359192
3.6891043248153226,0.6468212671614497,73.77102441845419,95.96713165178654,8.47408244368649,405.1837535323389,48.36800747575431,213.1642746826151,138.41628105570172,69.5503162440105
2.7561100413757527,0.1924584382939995,71.15232652048621,99.08127064836944,7.693649733229683,423.8823499949473,52.23292641991499,212.35429909621553,40.842775791702174,61.26287897896494
5.385449166296041,0.6129552528628301,73.08285067553611,91.38866163574379,9.967064827309427,374.95384167978824,45.13011272856987,195.6693197165675,119.12321711583971,81.014093099248
4.502937569359108,0.6368972267105992,82.01626739738924,94.99059514978322,9.248737289595658,382.87488786477877,41.60947826880032,201.1172480552536,129.12833433734866,83.10613967873012
5.349971913889286,0.32407126488975185,72.12277536269059,91.97193453590367,9.936427995453744,367.55186217342253,44.75638585643879,189.98760171979123,62.82870243198494,79.81733138932398
3.4948676587612013,0.3359343077735065,81.27801160120745,95.86237017582647,8.26539340583817,407.88906810988834,44.68645415852734,208.54138443564904,68.408248273672,73.79350566736169
3.6628511924210216,0.45539486374671956,82.51464015225152,96.98396875689183,8.508092469156862,399.72984113414725,43.207198393282525,210.25418711783402,94.87164994084267,76.93177977022617
5.142843256647567,0.5564072420924441,66.41690957403017,91.11837503725947,9.702809517100505,389.5014388750251,50.97058243341926,203.0959500915794,112.84462982396782,72.71918248910585
3.837672690858846,0.4694290016371549,75.06711452402546,96.68313553225072,8.66485255603092,390.9039833185719,45.95242068639452,204.87501610036074,95.64334857122928,72.13952613101561
4.475476191669835,0.5867124920383758,73.37208897582386,94.00157451410807,9.1650224657739,391.6635476004294,46.977777864484544,205.1895727415233,120.91324014661667,74.81807979772734
2.882605071234355,0.8525959305074798,58.9001063618949,100.38441177567543,7.89633190233206,421.25885193297484,61.140522733060884,227.68078444011428,195.95918747551335,53.53028209864685
3.563542640459242,0.3984566461700572,67.05304490320901,97.51227828607158,8.451588474954269,402.4368765383907,52.228549442000116,209.3120149695946,83.0208499783753,63.89862025743478
2.432074530336243,0.15696400585931586,76.79316997194586,99.97093762788884,7.416691595553933,427.7680745011585,49.28591439158471,216.32543688941422,35.53202934453307,63.09170115299655
2.7209301255693656,0.6651847166061307,83.36111241423956,99.7030758622676,7.6996669083785205,414.6739426088565,44.41613128697146,218.57240348733518,143.92268941533658,70.30214030115332
2.0033019534367087,0.836662915185506,76.91735305762029,102.99307125483284,7.165063093574527,421.2473317631531,48.46527384283029,222.65197789829728,186.74046771272648,61.017830805365946
2.137427680770311,0.578553672610225,74.18307557948926,102.59109146068877,7.271924016698987,424.2965943528525,50.40165038306465,220.28480258886938,126.85187007125438,60.02633323413023
5.420493381119252,0.2824502649292664,76.39793014918767,89.9037317199194,9.917471245253012,366.34710899974914,42.40230157911874,184.8034868177424,52.67518374217779,83.71069706207855
2.848237932978668,0.4752215273529598,81.83120009281497,98.80199947173777,7.781853445211395,409.2878724817185,44.569587685671756,210.1557359462194,98.11371997289068,69.8935057855824
4.321587483264007,0.27629530315767353,85.92710098970501,94.91944007863452,9.067864535340737,387.7909996650019,40.42559356678776,202.1618721501775,54.570985273253065,84.8855972894458
4.936848945798641,0.6285710987925895,72.99000533733744,91.59809484486433,9.511375397357325,385.52286014408963,46.454131262797,199.78193381137652,126.05246216923545,77.27151566186305
3.927311607327975,0.22974191946031308,64.71284112724211,94.91950583315146,8.66469303767484,401.9270644645532,53.796249533602705,203.09867559861402,46.030278666209895,63.554981714277396
2.536005750293847,0.43997424263436,62.552269583996605,100.76786746386647,7.563598548734153,419.9567468087706,57.88333696750454,216.39054968998252,94.88315060713674,53.94368601166164
4.548407530676583,0.2991324347412187,82.06749399761091,93.68981676956103,9.24073932511836,384.2662580005652,41.73745165807778,196.4992969318957,60.61559829100301,83.08647764099304
4.100879935348541,0.5253649370269924,74.68576321854631,94.94419984440866,8.847485866246814,396.7929755774334,46.85474399674953,207.0444134835835,108.91144672076229,73.35992108715102
4.559377062715813,0.4267316645724485,76.38746202755257,93.47919071511468,9.236481735909573,374.85482174458895,43.39227162675899,192.89014442465307,83.21384892423384,77.99420006644779
4.694113179999805,0.5353524206500527,66.6796808512162,93.5816724485786,9.37471353428675,386.41625084893315,50.39356535647399,202.12916446821004,107.45106533242438,70.48628814862928
5.413936286896607,0.5044701109932731,72.7307789803336,90.47509267291802,9.942100108820592,371.11473723945807,44.85812194850454,195.40919116692157,97.23689266418032,80.45815468929518
4.007471480093485,0.3026681944551779,73.33156170660828,96.03040743700468,8.80644466404386,399.30703831352736,47.91786330843021,206.72680676155434,62.488894026962235,71.88530117719414
3.1957438944171064,0.6253754127058044,74.87408459012089,98.51052154064625,8.116453396938873,409.6497440494817,48.26558613595507,213.67047961405422,132.13379496835168,67.48936361926224
4.26962594915083,0.4902468696313769,73.1305909444122,95.19042930228142,9.020994610970991,392.74962991017924,47.24489811131057,204.9512048573662,99.77809700526116,73.43765731883589
2.2395424823491914,0.3022941984268199,67.50081998731231,102.86416576412715,7.368611079221479,423.2178955887407,54.60818294026126,213.85109352649027,64.88369911878735,56.08038079054237
5.140890614125552,0.9481853112411585,72.24623377393804,92.67828112687305,9.763584338762977,375.8380783008275,45.696691636222006,200.69838672848647,190.1880013886866,78.5821574640703
2.4178335396836887,0.5952860333434249,78.9430166773566,102.56815098795995,7.542586911870685,422.2894799406631,47.47865495416358,217.72656367310185,129.94410182795056,65.7022169330539
3.147449932600364,0.46934788932013893,75.00086301713793,99.65444275341645,8.114141675426831,407.3924226197568,47.928033688036564,210.6449402721612,99.46607650870767,67.5612646874124
4.855108832191423,0.7830409053403646,78.88691463340746,93.19796511256345,9.501184228778236,379.29489734973015,42.6716237045734,199.67462370225064,155.15767340150086,82.51927432636131
4.090593324157491,0.8683631218773215,70.41434293460233,95.33617805533667,8.867823625850678,386.7980038169352,48.10062355810107,203.38306161901784,175.66841605302753,69.85769687060882
